AGENCIA,CONTA,BANCO,TITULAR,OPERACAO,DATAHORA,VALOR
1520,0001,SANTANDER,CARLOS,SAQUE,2022-01-22T16:07:07,698.55
1520,0001,SANTANDER,BIA,DEPOSITO,2022-01-04T02:03:32,149.96
3320,0002,SANTANDER,RAFAEL,TRANSFERENCIA,2022-01-03T13:49:59,2806.66
9999,0007,SANTANDER,JULIA,DEPOSITO,2022-02-27T05:05:18,1391.68
1520,0002,SANTANDER,BRUNO,DEPOSITO,2022-01-27T23:29:13,778.24
1044,0001,SANTANDER,MARIA,DEPOSITO,2022-01-10T09:21:55,1795.54
1044,0004,SANTANDER,JOAO,TRANSFERENCIA,2022-02-14T14:32:15,2681.60
2220,0001,SANTANDER,RAFAEL,DEPOSITO,2022-02-05T02:40:14,2887.18
1520,0001,SANTANDER,JULIA,DEPOSITO,2022-01-08T17:55:43,4276.73
1520,0007,SANTANDER,CARLOS,DEPOSITO,2022-02-05T10:07:14,814.11
1044,0002,SANTANDER,CARLOS,TRANSFERENCIA,2022-01-07T22:22:47,3046.05
3320,0002,SANTANDER,FELIPE,DEPOSITO,2022-02-06T20:11:42,1350.47
9999,0002,SANTANDER,ANA,SAQUE,2022-01-23T05:43:14,4109.19
1044,0007,SANTANDER,CARLOS,SAQUE,2022-01-21T11:37:32,4565.77
9999,0004,SANTANDER,JULIA,TRANSFERENCIA,2022-02-18T11:17:35,1978.76
2220,0002,SANTANDER,CARLOS,SAQUE,2022-01-24T22:41:01,3725.20
9999,0004,SANTANDER,BIA,DEPOSITO,2022-02-26T15:43:48,1997.60
3320,0002,SANTANDER,RAFAEL,DEPOSITO,2022-01-09T19:50:03,3779.16
1520,0002,SANTANDER,FELIPE,TRANSFERENCIA,2022-02-10T23:42:14,2982.45
2220,0007,SANTANDER,BIA,DEPOSITO,2022-02-21T08:55:32,1257.82
9999,0001,SANTANDER,MARIA,TRANSFERENCIA,2022-02-22T03:13:53,3754.64
1044,0001,SANTANDER,CARLOS,DEPOSITO,2022-01-16T08:32:03,2269.16
1044,0002,SANTANDER,RAFAEL,SAQUE,2022-01-29T23:25:36,4208.51
9999,0002,SANTANDER,FELIPE,DEPOSITO,2022-01-16T16:26:11,2697.36
9999,0001,SANTANDER,BIA,DEPOSITO,2022-02-17T10:32:01,98.36
1044,0004,SANTANDER,JULIA,SAQUE,2022-01-24T09:16:17,4390.17
1520,0001,SANTANDER,PAULA,SAQUE,2022-02-21T17:17:43,3829.41
3320,0007,SANTANDER,RAFAEL,SAQUE,2022-01-26T17:37:36,2638.84
9999,0007,SANTANDER,JULIA,TRANSFERENCIA,2022-01-20T12:42:57,3565.03
2220,0004,SANTANDER,PAULA,TRANSFERENCIA,2022-02-13T20:02:20,605.90
3320,0001,SANTANDER,ANA,SAQUE,2022-02-27T02:51:31,2770.05
9999,0002,SANTANDER,JOAO,SAQUE,2022-01-06T17:11:08,1145.48
1520,0004,SANTANDER,MARIA,TRANSFERENCIA,2022-01-24T02:35:27,1393.11
2220,0002,SANTANDER,RAFAEL,SAQUE,2022-02-25T10:37:36,2881.48
3320,0007,SANTANDER,BRUNO,SAQUE,2022-01-10T03:47:42,485.56
2220,0004,SANTANDER,BRUNO,DEPOSITO,2022-02-15T08:14:46,4319.32
1520,0001,SANTANDER,JOAO,DEPOSITO,2022-02-02T22:37:56,4003.16
1520,0002,SANTANDER,JULIA,SAQUE,2022-02-22T01:38:10,2243.62
2220,0002,SANTANDER,CARLOS,DEPOSITO,2022-01-25T06:05:28,4372.56
1520,0007,SANTANDER,RAFAEL,SAQUE,2022-01-05T21:52:45,3261.07
9999,0001,SANTANDER,MARIA,SAQUE,2022-01-17T03:31:58,2032.66
2220,0002,SANTANDER,BRUNO,SAQUE,2022-01-16T23:37:56,1895.49
2220,0004,SANTANDER,PAULA,DEPOSITO,2022-02-11T01:40:43,3483.26
9999,0007,SANTANDER,FELIPE,SAQUE,2022-01-29T19:22:45,1089.29
1520,0001,SANTANDER,ANA,SAQUE,2022-01-05T20:50:24,2921.30
9999,0002,SANTANDER,JOAO,TRANSFERENCIA,2022-01-08T18:40:23,4256.86
1520,0001,SANTANDER,JULIA,DEPOSITO,2022-01-12T15:21:21,4708.04
9999,0002,SANTANDER,BIA,TRANSFERENCIA,2022-01-04T20:36:17,3097.29
2220,0004,SANTANDER,CARLOS,SAQUE,2022-01-31T12:06:05,1194.19
2220,0002,SANTANDER,CARLOS,DEPOSITO,2022-01-31T16:44:46,4645.16
1520,0001,SANTANDER,PAULA,TRANSFERENCIA,2022-02-24T15:52:12,4980.49
1520,0002,SANTANDER,RAFAEL,DEPOSITO,2022-01-13T20:38:46,4666.36
1520,0002,SANTANDER,ANA,DEPOSITO,2022-01-16T07:34:36,2191.48
9999,0004,SANTANDER,BIA,TRANSFERENCIA,2022-02-21T08:31:16,40.11
9999,0004,SANTANDER,MARIA,SAQUE,2022-01-26T16:15:00,578.03
1520,0002,SANTANDER,CARLOS,DEPOSITO,2022-02-28T17:21:20,1053.94
1044,0002,SANTANDER,CARLOS,TRANSFERENCIA,2022-02-17T10:21:42,1256.36
1520,0001,SANTANDER,BRUNO,DEPOSITO,2022-01-05T06:43:46,18.72
3320,0004,SANTANDER,FELIPE,TRANSFERENCIA,2022-02-12T21:33:04,2758.85
2220,0001,SANTANDER,MARIA,SAQUE,2022-01-15T11:19:17,2728.41
1044,0002,SANTANDER,BRUNO,SAQUE,2022-01-05T01:28:05,1541.98
1520,0004,SANTANDER,JULIA,TRANSFERENCIA,2022-01-25T05:26:47,3335.00
1044,0007,SANTANDER,BIA,TRANSFERENCIA,2022-01-16T00:08:07,4628.89
3320,0002,SANTANDER,FELIPE,DEPOSITO,2022-01-03T09:45:23,897.62
1044,0007,SANTANDER,JULIA,DEPOSITO,2022-01-16T10:57:28,3937.09
1520,0007,SANTANDER,JOAO,DEPOSITO,2022-01-22T14:18:29,998.66
2220,0004,SANTANDER,CARLOS,SAQUE,2022-01-22T15:26:58,119.30
3320,0007,SANTANDER,ANA,DEPOSITO,2022-01-07T17:45:43,4834.48
1044,0004,SANTANDER,RAFAEL,DEPOSITO,2022-02-22T01:28:23,1656.42
1520,0001,SANTANDER,CARLOS,SAQUE,2022-02-26T08:52:19,4812.71
1044,0001,SANTANDER,MARIA,TRANSFERENCIA,2022-02-12T04:36:25,1729.09
1044,0007,SANTANDER,BIA,TRANSFERENCIA,2022-01-12T05:28:27,1926.59
9999,0002,SANTANDER,CARLOS,SAQUE,2022-02-12T08:05:15,9.45
9999,0002,SANTANDER,ANA,DEPOSITO,2022-01-07T19:03:02,4744.42
1044,0004,SANTANDER,MARIA,TRANSFERENCIA,2022-01-30T03:48:05,2536.11
2220,0004,SANTANDER,BRUNO,TRANSFERENCIA,2022-01-29T16:55:35,2772.51
3320,0007,SANTANDER,BRUNO,TRANSFERENCIA,2022-01-17T21:30:47,3077.96
1044,0007,SANTANDER,RAFAEL,SAQUE,2022-01-30T12:04:47,1435.28
2220,0004,SANTANDER,PAULA,DEPOSITO,2022-02-12T22:18:25,3378.46
9999,0007,SANTANDER,FELIPE,TRANSFERENCIA,2022-01-09T05:35:16,1419.65
9999,0004,SANTANDER,MARIA,SAQUE,2022-01-31T03:19:47,1123.98
3320,0002,SANTANDER,JOAO,SAQUE,2022-01-24T18:31:28,4919.70
9999,0001,SANTANDER,PAULA,DEPOSITO,2022-02-25T21:24:37,972.98
2220,0007,SANTANDER,BRUNO,SAQUE,2022-01-15T07:51:58,3280.63
1520,0001,SANTANDER,BRUNO,SAQUE,2022-01-18T01:50:44,4020.75
9999,0007,SANTANDER,JOAO,TRANSFERENCIA,2022-01-25T04:40:26,4587.43
1520,0007,SANTANDER,FELIPE,DEPOSITO,2022-02-21T13:37:37,4939.47
9999,0004,SANTANDER,PAULA,TRANSFERENCIA,2022-02-19T00:13:06,2134.28
9999,0007,SANTANDER,FELIPE,TRANSFERENCIA,2022-02-16T02:04:17,2250.90
3320,0004,SANTANDER,RAFAEL,DEPOSITO,2022-01-24T05:28:59,1373.71
1520,0004,SANTANDER,JULIA,DEPOSITO,2022-02-02T14:34:53,1599.23
9999,0001,SANTANDER,FELIPE,SAQUE,2022-01-23T10:52:41,1915.79
3320,0002,SANTANDER,MARIA,DEPOSITO,2022-02-09T13:46:31,1655.08
2220,0007,SANTANDER,JOAO,SAQUE,2022-02-10T19:00:19,1947.99
9999,0001,SANTANDER,BIA,DEPOSITO,2022-02-16T07:26:36,30.47
1044,0004,SANTANDER,BRUNO,DEPOSITO,2022-02-22T06:08:41,3737.83
9999,0002,SANTANDER,PAULA,SAQUE,2022-01-27T11:59:07,2179.74
1520,0007,SANTANDER,ANA,TRANSFERENCIA,2022-02-09T06:07:34,3621.18
2220,0002,SANTANDER,BIA,TRANSFERENCIA,2022-01-03T14:50:10,4534.74
9999,0001,SANTANDER,MARIA,TRANSFERENCIA,2022-02-11T14:44:24,679.36
2220,0002,SANTANDER,JOAO,DEPOSITO,2022-02-06T19:22:33,1637.44
2220,0004,SANTANDER,ANA,DEPOSITO,2022-01-28T00:23:05,3760.30
2220,0004,SANTANDER,MARIA,DEPOSITO,2022-01-02T21:09:58,3745.37
1520,0004,SANTANDER,JULIA,TRANSFERENCIA,2022-01-07T15:53:32,3906.38
1520,0001,SANTANDER,JULIA,SAQUE,2022-01-02T23:29:19,3107.06
3320,0002,SANTANDER,PAULA,TRANSFERENCIA,2022-01-12T02:32:48,2820.28
3320,0007,SANTANDER,CARLOS,DEPOSITO,2022-01-17T06:58:37,3029.86
1520,0002,SANTANDER,CARLOS,SAQUE,2022-02-26T04:25:59,129.37
1044,0007,SANTANDER,BRUNO,TRANSFERENCIA,2022-01-20T06:08:30,380.91
3320,0001,SANTANDER,CARLOS,TRANSFERENCIA,2022-02-28T07:03:37,4027.83
9999,0001,SANTANDER,ANA,TRANSFERENCIA,2022-02-11T14:11:35,3307.95
1520,0004,SANTANDER,JOAO,DEPOSITO,2022-02-17T14:15:09,528.59
1044,0007,SANTANDER,FELIPE,DEPOSITO,2022-01-18T02:25:43,3669.24
1044,0007,SANTANDER,PAULA,DEPOSITO,2022-02-27T12:33:57,1342.71
3320,0001,SANTANDER,CARLOS,DEPOSITO,2022-01-24T16:14:34,3752.63
9999,0007,SANTANDER,ANA,SAQUE,2022-02-17T23:49:03,4254.91
3320,0007,SANTANDER,JULIA,DEPOSITO,2022-01-26T02:00:17,1702.35
9999,0004,SANTANDER,RAFAEL,SAQUE,2022-02-20T03:49:43,4740.36
1520,0002,SANTANDER,BRUNO,DEPOSITO,2022-02-23T21:39:15,3791.07
2220,0007,SANTANDER,PAULA,SAQUE,2022-01-10T00:49:48,1471.88
2220,0002,SANTANDER,CARLOS,TRANSFERENCIA,2022-02-26T11:07:21,1845.73
9999,0004,SANTANDER,BRUNO,TRANSFERENCIA,2022-02-23T10:29:53,1654.63
2220,0004,SANTANDER,CARLOS,DEPOSITO,2022-01-23T09:11:33,604.16
3320,0004,SANTANDER,MARIA,TRANSFERENCIA,2022-02-22T00:39:12,4754.44
3320,0002,SANTANDER,JULIA,TRANSFERENCIA,2022-02-17T00:15:52,1383.22
9999,0004,SANTANDER,MARIA,SAQUE,2022-01-29T18:18:15,1138.19
3320,0004,SANTANDER,JOAO,TRANSFERENCIA,2022-02-21T20:37:29,633.79
1520,0001,SANTANDER,RAFAEL,DEPOSITO,2022-01-13T06:15:09,3189.71
2220,0001,SANTANDER,JOAO,TRANSFERENCIA,2022-01-28T14:33:31,2347.52
2220,0004,SANTANDER,FELIPE,SAQUE,2022-01-25T12:19:02,4705.38
2220,0001,SANTANDER,MARIA,DEPOSITO,2022-02-17T17:51:09,371.34
1520,0002,SANTANDER,FELIPE,TRANSFERENCIA,2022-01-30T11:59:17,426.82
3320,0001,SANTANDER,RAFAEL,DEPOSITO,2022-02-28T20:49:21,2981.04
9999,0002,SANTANDER,RAFAEL,DEPOSITO,2022-02-13T17:46:29,4542.61
1044,0007,SANTANDER,CARLOS,TRANSFERENCIA,2022-01-06T20:20:48,3048.54
1520,0002,SANTANDER,JULIA,DEPOSITO,2022-01-08T21:10:49,786.13
3320,0001,SANTANDER,FELIPE,SAQUE,2022-02-09T15:54:53,2253.07
9999,0007,SANTANDER,CARLOS,SAQUE,2022-01-23T11:22:43,1441.24
1044,0007,SANTANDER,MARIA,TRANSFERENCIA,2022-01-23T15:55:00,4619.63
9999,0002,SANTANDER,BRUNO,SAQUE,2022-02-22T20:55:20,1124.82
3320,0004,SANTANDER,FELIPE,SAQUE,2022-01-06T18:58:00,830.45
1044,0004,SANTANDER,PAULA,SAQUE,2022-02-15T12:08:43,3443.70
2220,0004,SANTANDER,RAFAEL,TRANSFERENCIA,2022-02-17T22:37:34,2189.36
9999,0001,SANTANDER,BRUNO,TRANSFERENCIA,2022-02-01T07:03:49,3018.96
1520,0001,SANTANDER,JULIA,TRANSFERENCIA,2022-02-25T20:18:39,2936.03
1520,0004,SANTANDER,BIA,SAQUE,2022-01-18T00:13:26,2353.03
2220,0004,SANTANDER,FELIPE,TRANSFERENCIA,2022-02-12T07:41:08,3174.29
2220,0001,SANTANDER,PAULA,DEPOSITO,2022-02-09T15:31:12,1667.21
1520,0002,SANTANDER,ANA,DEPOSITO,2022-02-18T02:31:35,1441.80
2220,0001,SANTANDER,PAULA,SAQUE,2022-01-31T12:52:41,1262.74
1520,0007,SANTANDER,RAFAEL,SAQUE,2022-02-22T16:20:04,2310.42
1520,0002,SANTANDER,RAFAEL,DEPOSITO,2022-02-18T09:34:23,3127.42
1520,0002,SANTANDER,CARLOS,TRANSFERENCIA,2022-01-13T17:16:58,4638.44
2220,0007,SANTANDER,MARIA,SAQUE,2022-01-24T05:36:12,3549.20
1044,0001,SANTANDER,RAFAEL,DEPOSITO,2022-01-10T01:11:35,1124.28
1520,0007,SANTANDER,MARIA,TRANSFERENCIA,2022-01-15T22:46:43,2492.38
1044,0004,SANTANDER,BRUNO,DEPOSITO,2022-02-15T20:21:06,1219.41
9999,0002,SANTANDER,BRUNO,SAQUE,2022-02-28T04:39:03,2541.70
3320,0001,SANTANDER,CARLOS,DEPOSITO,2022-02-02T23:58:00,4671.31
9999,0004,SANTANDER,JOAO,DEPOSITO,2022-01-29T23:41:07,4187.54
9999,0007,SANTANDER,FELIPE,DEPOSITO,2022-02-22T06:59:01,2422.22
1044,0007,SANTANDER,PAULA,DEPOSITO,2022-01-19T07:35:30,4903.89
3320,0007,SANTANDER,JULIA,DEPOSITO,2022-01-05T05:42:20,1591.56
2220,0007,SANTANDER,BRUNO,TRANSFERENCIA,2022-01-15T18:25:51,2477.15
1520,0002,SANTANDER,RAFAEL,TRANSFERENCIA,2022-02-02T05:36:13,4348.63
2220,0001,SANTANDER,RAFAEL,DEPOSITO,2022-01-02T11:45:44,3612.50
2220,0002,SANTANDER,MARIA,DEPOSITO,2022-01-26T17:32:52,1693.47
2220,0001,SANTANDER,ANA,TRANSFERENCIA,2022-02-21T19:25:48,1900.67
1044,0007,SANTANDER,RAFAEL,SAQUE,2022-01-07T15:25:54,1174.62
1044,0002,SANTANDER,MARIA,DEPOSITO,2022-01-10T13:23:20,3802.09
1520,0007,SANTANDER,FELIPE,TRANSFERENCIA,2022-01-30T01:48:23,4517.22
1520,0004,SANTANDER,JOAO,DEPOSITO,2022-02-04T19:16:48,1874.83
3320,0002,SANTANDER,RAFAEL,DEPOSITO,2022-02-24T22:42:28,3409.32
3320,0002,SANTANDER,FELIPE,SAQUE,2022-02-07T03:23:34,3098.93
3320,0007,SANTANDER,BIA,SAQUE,2022-01-23T13:02:17,2306.29
1044,0007,SANTANDER,CARLOS,TRANSFERENCIA,2022-01-01T21:53:51,4494.64
2220,0004,SANTANDER,RAFAEL,SAQUE,2022-01-08T04:06:38,2209.21
1044,0004,SANTANDER,BRUNO,TRANSFERENCIA,2022-01-25T06:46:15,2284.72
1044,0002,SANTANDER,BRUNO,DEPOSITO,2022-01-11T08:31:12,1186.79
9999,0004,SANTANDER,BIA,DEPOSITO,2022-01-29T15:56:15,110.68
2220,0004,SANTANDER,JOAO,TRANSFERENCIA,2022-01-05T18:16:52,4553.17
2220,0004,SANTANDER,JULIA,TRANSFERENCIA,2022-02-04T04:58:02,1095.80
3320,0004,SANTANDER,FELIPE,TRANSFERENCIA,2022-01-10T10:24:30,4517.12
1520,0004,SANTANDER,PAULA,SAQUE,2022-02-26T06:30:17,1824.94
3320,0001,SANTANDER,CARLOS,DEPOSITO,2022-02-10T08:11:32,879.02
3320,0004,SANTANDER,RAFAEL,TRANSFERENCIA,2022-01-27T11:02:05,4152.53
1044,0007,SANTANDER,CARLOS,TRANSFERENCIA,2022-02-02T21:15:49,4021.36
2220,0001,SANTANDER,FELIPE,SAQUE,2022-02-08T14:02:09,4836.38
9999,0004,SANTANDER,MARIA,DEPOSITO,2022-01-02T08:25:58,1323.03
1520,0007,SANTANDER,ANA,TRANSFERENCIA,2022-01-26T10:52:49,2923.22
1044,0001,SANTANDER,JULIA,DEPOSITO,2022-01-03T10:18:41,3098.11
9999,0004,SANTANDER,BIA,SAQUE,2022-01-07T03:18:22,3177.38
2220,0004,SANTANDER,BRUNO,SAQUE,2022-01-14T13:42:14,227.69
1520,0004,SANTANDER,PAULA,SAQUE,2022-01-10T10:28:25,1174.77
9999,0002,SANTANDER,BRUNO,DEPOSITO,2022-02-06T00:31:10,3352.76
9999,0007,SANTANDER,BIA,TRANSFERENCIA,2022-01-16T00:03:52,4427.18
1520,0007,SANTANDER,BIA,DEPOSITO,2022-01-28T03:50:30,164.55
1044,0002,SANTANDER,PAULA,DEPOSITO,2022-01-23T22:10:56,4277.40
1520,0004,SANTANDER,RAFAEL,TRANSFERENCIA,2022-02-04T19:46:14,303.69
1044,0002,SANTANDER,MARIA,DEPOSITO,2022-01-09T21:36:52,3314.18
9999,0001,SANTANDER,JOAO,DEPOSITO,2022-01-24T15:33:23,4944.12
9999,0002,SANTANDER,MARIA,TRANSFERENCIA,2022-01-21T02:42:41,2932.33
3320,0004,SANTANDER,FELIPE,TRANSFERENCIA,2022-01-01T06:36:26,1387.10
3320,0002,SANTANDER,RAFAEL,DEPOSITO,2022-01-17T22:36:27,550.52
1520,0002,SANTANDER,JOAO,DEPOSITO,2022-01-24T02:25:14,2944.68
1520,0002,SANTANDER,CARLOS,SAQUE,2022-01-13T07:22:07,3708.85
9999,0001,SANTANDER,MARIA,DEPOSITO,2022-02-13T12:33:25,3890.31
9999,0001,SANTANDER,PAULA,TRANSFERENCIA,2022-01-22T12:14:54,4727.13
1520,0004,SANTANDER,PAULA,TRANSFERENCIA,2022-01-04T00:35:10,305.07
2220,0007,SANTANDER,BRUNO,TRANSFERENCIA,2022-01-11T11:34:09,2451.85
2220,0001,SANTANDER,MARIA,DEPOSITO,2022-01-15T09:38:34,329.35
1044,0004,SANTANDER,BRUNO,TRANSFERENCIA,2022-02-21T12:17:13,1475.19
9999,0007,SANTANDER,MARIA,TRANSFERENCIA,2022-01-12T02:36:14,4264.11
9999,0002,SANTANDER,BRUNO,DEPOSITO,2022-01-23T04:25:43,2069.65
2220,0007,SANTANDER,BRUNO,TRANSFERENCIA,2022-01-10T05:33:57,1563.43
1044,0004,SANTANDER,ANA,SAQUE,2022-02-16T01:07:27,336.60
1520,0001,SANTANDER,BRUNO,SAQUE,2022-02-06T04:19:48,4059.03
9999,0001,SANTANDER,BIA,TRANSFERENCIA,2022-02-24T12:49:01,1648.90
1520,0007,SANTANDER,ANA,TRANSFERENCIA,2022-02-11T01:30:51,4340.59
1520,0004,SANTANDER,BIA,DEPOSITO,2022-02-04T03:23:42,518.90
9999,0002,SANTANDER,FELIPE,TRANSFERENCIA,2022-02-16T19:34:57,1122.00
1520,0004,SANTANDER,RAFAEL,DEPOSITO,2022-01-12T03:42:07,3813.27
9999,0002,SANTANDER,BRUNO,TRANSFERENCIA,2022-02-24T01:17:51,132.24
1044,0001,SANTANDER,FELIPE,DEPOSITO,2022-01-30T23:59:11,4607.77
1044,0001,SANTANDER,FELIPE,SAQUE,2022-02-24T23:37:25,3287.07
1520,0002,SANTANDER,JOAO,SAQUE,2022-02-21T12:06:51,1076.45
2220,0007,SANTANDER,ANA,SAQUE,2022-02-05T22:17:10,1558.88
1044,0001,SANTANDER,JOAO,SAQUE,2022-01-16T06:47:29,3772.42
1520,0001,SANTANDER,CARLOS,DEPOSITO,2022-02-11T04:01:33,2428.82
2220,0007,SANTANDER,CARLOS,SAQUE,2022-02-19T17:51:12,569.97
2220,0001,SANTANDER,CARLOS,TRANSFERENCIA,2022-02-27T14:06:10,2433.68
1044,0001,SANTANDER,JULIA,DEPOSITO,2022-02-28T04:31:42,274.86
3320,0004,SANTANDER,JULIA,SAQUE,2022-01-25T19:24:12,1447.95
1520,0001,SANTANDER,PAULA,TRANSFERENCIA,2022-02-11T19:29:56,879.30
2220,0002,SANTANDER,RAFAEL,TRANSFERENCIA,2022-02-04T09:16:09,361.31
1520,0007,SANTANDER,JOAO,DEPOSITO,2022-01-08T13:25:58,4310.69
9999,0007,SANTANDER,BIA,DEPOSITO,2022-02-10T13:17:50,1448.29
2220,0001,SANTANDER,ANA,SAQUE,2022-02-14T16:06:12,4160.30
1044,0001,SANTANDER,BRUNO,SAQUE,2022-01-24T14:58:06,2178.95
2220,0001,SANTANDER,BRUNO,DEPOSITO,2022-02-02T23:07:23,1108.64
3320,0001,SANTANDER,RAFAEL,TRANSFERENCIA,2022-01-12T01:42:04,2653.49
3320,0004,SANTANDER,ANA,TRANSFERENCIA,2022-01-15T08:08:32,1182.11
3320,0004,SANTANDER,JULIA,SAQUE,2022-02-28T11:41:28,765.20
1520,0002,SANTANDER,PAULA,DEPOSITO,2022-02-24T17:35:55,3799.63
2220,0004,SANTANDER,ANA,SAQUE,2022-02-12T16:43:17,342.36
2220,0004,SANTANDER,CARLOS,TRANSFERENCIA,2022-01-06T10:53:25,1760.36
1520,0004,SANTANDER,PAULA,DEPOSITO,2022-01-04T15:37:52,285.39
1044,0001,SANTANDER,MARIA,TRANSFERENCIA,2022-02-27T16:18:22,2535.83
2220,0001,SANTANDER,PAULA,TRANSFERENCIA,2022-01-19T06:37:47,1608.31
2220,0002,SANTANDER,JOAO,DEPOSITO,2022-01-11T01:10:36,4055.02
1044,0001,SANTANDER,RAFAEL,TRANSFERENCIA,2022-01-17T18:05:29,196.67
2220,0007,SANTANDER,RAFAEL,TRANSFERENCIA,2022-01-16T09:54:19,1820.13
1044,0007,SANTANDER,BRUNO,DEPOSITO,2022-02-28T01:10:30,262.78
1044,0001,SANTANDER,ANA,SAQUE,2022-02-24T04:08:54,3392.22
1044,0004,SANTANDER,BIA,SAQUE,2022-02-02T08:47:23,408.43
3320,0004,SANTANDER,CARLOS,TRANSFERENCIA,2022-02-08T01:19:41,645.63
1520,0004,SANTANDER,RAFAEL,DEPOSITO,2022-02-01T21:24:21,4066.11
9999,0001,SANTANDER,BRUNO,TRANSFERENCIA,2022-02-05T03:07:14,92.13
1044,0002,SANTANDER,JULIA,DEPOSITO,2022-02-17T05:05:36,960.83
3320,0002,SANTANDER,MARIA,DEPOSITO,2022-01-10T19:40:30,2538.94
9999,0001,SANTANDER,ANA,TRANSFERENCIA,2022-01-13T17:21:59,2986.63
3320,0002,SANTANDER,FELIPE,TRANSFERENCIA,2022-01-17T01:44:03,3606.19
1520,0007,SANTANDER,ANA,TRANSFERENCIA,2022-01-24T01:29:07,4847.97
9999,0004,SANTANDER,PAULA,SAQUE,2022-02-21T20:20:10,1196.60
2220,0002,SANTANDER,ANA,TRANSFERENCIA,2022-02-25T09:10:24,4922.21
2220,0004,SANTANDER,BRUNO,TRANSFERENCIA,2022-02-21T05:04:13,2093.89
3320,0002,SANTANDER,BIA,SAQUE,2022-01-25T06:32:58,261.85
2220,0004,SANTANDER,RAFAEL,SAQUE,2022-02-20T02:09:21,4255.98
1044,0001,SANTANDER,FELIPE,DEPOSITO,2022-02-13T14:59:22,4526.63
3320,0007,SANTANDER,MARIA,SAQUE,2022-02-13T19:12:15,4423.26
1520,0007,SANTANDER,JOAO,DEPOSITO,2022-02-18T17:45:40,1870.43
2220,0001,SANTANDER,ANA,SAQUE,2022-01-03T17:40:54,1594.11
1520,0004,SANTANDER,FELIPE,SAQUE,2022-01-04T17:15:10,1435.11
2220,0002,SANTANDER,PAULA,DEPOSITO,2022-01-01T12:14:10,4529.38
1520,0004,SANTANDER,JULIA,SAQUE,2022-02-23T06:48:23,4701.19
9999,0007,SANTANDER,MARIA,DEPOSITO,2022-01-24T01:44:30,1506.45
1520,0002,SANTANDER,BRUNO,TRANSFERENCIA,2022-02-14T09:09:06,314.97
2220,0001,SANTANDER,RAFAEL,TRANSFERENCIA,2022-01-24T11:45:24,3593.00
1044,0007,SANTANDER,JOAO,TRANSFERENCIA,2022-02-04T06:07:15,1203.58
2220,0002,SANTANDER,MARIA,TRANSFERENCIA,2022-02-05T00:16:03,339.33
9999,0001,SANTANDER,BRUNO,DEPOSITO,2022-01-05T05:26:33,3178.72
1044,0004,SANTANDER,JOAO,DEPOSITO,2022-01-07T13:25:30,1724.67
1520,0004,SANTANDER,FELIPE,SAQUE,2022-02-04T04:54:58,2730.52
3320,0007,SANTANDER,PAULA,TRANSFERENCIA,2022-01-18T16:44:18,4057.68
1520,0007,SANTANDER,JOAO,DEPOSITO,2022-01-20T13:44:27,219.99
3320,0001,SANTANDER,ANA,DEPOSITO,2022-02-20T00:55:50,1991.72
9999,0007,SANTANDER,CARLOS,SAQUE,2022-01-19T13:18:11,1431.27
1520,0004,SANTANDER,CARLOS,SAQUE,2022-02-05T17:32:48,2185.32
2220,0007,SANTANDER,BRUNO,DEPOSITO,2022-01-19T03:18:56,2481.52
2220,0004,SANTANDER,RAFAEL,DEPOSITO,2022-01-09T00:29:55,3635.68
1520,0007,SANTANDER,BIA,SAQUE,2022-02-22T23:02:50,1469.54
1520,0001,SANTANDER,ANA,TRANSFERENCIA,2022-01-29T16:53:27,1533.17
9999,0007,SANTANDER,FELIPE,TRANSFERENCIA,2022-02-13T02:22:53,1758.38
1520,0004,SANTANDER,BIA,DEPOSITO,2022-01-27T15:45:37,3197.71
1520,0001,SANTANDER,BRUNO,DEPOSITO,2022-02-19T19:34:37,4005.68
3320,0001,SANTANDER,FELIPE,TRANSFERENCIA,2022-02-12T13:01:00,174.96
1520,0002,SANTANDER,ANA,DEPOSITO,2022-02-07T04:06:55,4747.39
1520,0002,SANTANDER,PAULA,DEPOSITO,2022-02-06T02:51:14,2220.25
1520,0002,SANTANDER,RAFAEL,DEPOSITO,2022-02-08T15:29:11,1572.61
1044,0002,SANTANDER,MARIA,SAQUE,2022-01-19T01:31:24,2495.72
2220,0001,SANTANDER,CARLOS,DEPOSITO,2022-02-13T07:53:30,1073.64
9999,0004,SANTANDER,PAULA,SAQUE,2022-01-12T21:45:57,679.51
1520,0007,SANTANDER,FELIPE,TRANSFERENCIA,2022-02-13T05:11:03,4986.31
1044,0004,SANTANDER,MARIA,TRANSFERENCIA,2022-02-22T15:21:03,1452.52
1044,0002,SANTANDER,FELIPE,DEPOSITO,2022-02-19T09:29:12,1121.98
3320,0002,SANTANDER,JULIA,DEPOSITO,2022-01-03T13:14:46,1805.12
9999,0004,SANTANDER,PAULA,TRANSFERENCIA,2022-01-13T14:23:19,3060.13
1520,0001,SANTANDER,CARLOS,DEPOSITO,2022-02-16T11:22:13,2628.95
2220,0001,SANTANDER,FELIPE,DEPOSITO,2022-01-08T04:49:01,2250.42
9999,0004,SANTANDER,FELIPE,TRANSFERENCIA,2022-02-27T01:38:26,910.63
3320,0007,SANTANDER,RAFAEL,SAQUE,2022-01-13T01:18:58,2590.99
1044,0002,SANTANDER,FELIPE,DEPOSITO,2022-01-22T21:23:01,1730.77
9999,0004,SANTANDER,MARIA,DEPOSITO,2022-01-20T01:24:59,3175.65
9999,0004,SANTANDER,FELIPE,TRANSFERENCIA,2022-01-30T09:37:56,3072.53
1520,0002,SANTANDER,BIA,TRANSFERENCIA,2022-01-15T23:17:55,856.83
9999,0004,SANTANDER,BIA,SAQUE,2022-01-03T18:06:54,407.03
9999,0004,SANTANDER,JULIA,TRANSFERENCIA,2022-02-10T10:43:03,3090.92
1520,0007,SANTANDER,RAFAEL,DEPOSITO,2022-01-30T07:55:49,2415.24
2220,0004,SANTANDER,PAULA,SAQUE,2022-01-06T19:36:26,791.24
2220,0007,SANTANDER,PAULA,SAQUE,2022-02-03T00:42:22,3033.69
1044,0004,SANTANDER,ANA,DEPOSITO,2022-01-13T16:42:25,3803.56
9999,0001,SANTANDER,ANA,SAQUE,2022-02-15T06:57:35,613.49
2220,0002,SANTANDER,FELIPE,SAQUE,2022-01-05T21:55:07,1451.77
2220,0007,SANTANDER,JULIA,SAQUE,2022-02-01T18:58:50,4668.82
1044,0002,SANTANDER,FELIPE,DEPOSITO,2022-02-19T23:23:44,2334.61
1044,0007,SANTANDER,JOAO,SAQUE,2022-02-08T04:19:14,2527.72
3320,0002,SANTANDER,BIA,DEPOSITO,2022-01-05T17:22:54,253.65
2220,0007,SANTANDER,CARLOS,TRANSFERENCIA,2022-01-01T19:03:17,4236.01
2220,0002,SANTANDER,CARLOS,TRANSFERENCIA,2022-02-05T12:19:25,3819.52
1044,0001,SANTANDER,BRUNO,SAQUE,2022-02-25T08:51:09,2809.52
1044,0004,SANTANDER,MARIA,DEPOSITO,2022-02-18T23:00:01,2252.32
9999,0004,SANTANDER,BIA,TRANSFERENCIA,2022-01-12T12:50:59,644.19
1520,0007,SANTANDER,ANA,DEPOSITO,2022-02-24T03:50:32,4694.80
3320,0002,SANTANDER,BIA,TRANSFERENCIA,2022-02-08T23:17:58,2500.89
1520,0001,SANTANDER,FELIPE,TRANSFERENCIA,2022-02-02T08:02:27,4020.03
9999,0007,SANTANDER,FELIPE,TRANSFERENCIA,2022-02-20T01:12:55,699.77
9999,0004,SANTANDER,FELIPE,DEPOSITO,2022-01-30T01:15:59,2969.03
9999,0007,SANTANDER,BIA,DEPOSITO,2022-02-16T02:34:47,4078.93
1044,0004,SANTANDER,MARIA,DEPOSITO,2022-02-26T16:07:28,1539.08
1520,0007,SANTANDER,CARLOS,TRANSFERENCIA,2022-02-26T03:56:34,2888.59
1520,0007,SANTANDER,FELIPE,TRANSFERENCIA,2022-02-06T21:54:27,739.73
3320,0001,SANTANDER,BIA,TRANSFERENCIA,2022-01-11T16:04:30,954.73
2220,0004,SANTANDER,BRUNO,SAQUE,2022-02-10T02:16:00,3452.81
2220,0007,SANTANDER,JOAO,TRANSFERENCIA,2022-01-14T09:45:19,2593.90
9999,0004,SANTANDER,PAULA,TRANSFERENCIA,2022-02-06T14:03:55,1569.45
3320,0007,SANTANDER,RAFAEL,DEPOSITO,2022-02-23T00:54:31,1772.08
1044,0007,SANTANDER,JULIA,SAQUE,2022-01-28T02:07:55,2790.88
3320,0004,SANTANDER,CARLOS,TRANSFERENCIA,2022-01-21T02:59:32,3451.51
2220,0004,SANTANDER,PAULA,DEPOSITO,2022-02-24T10:01:50,4668.57
1044,0004,SANTANDER,MARIA,TRANSFERENCIA,2022-02-22T17:43:35,1899.09
2220,0004,SANTANDER,FELIPE,DEPOSITO,2022-01-05T02:01:19,1438.86
1520,0004,SANTANDER,PAULA,TRANSFERENCIA,2022-01-25T21:33:27,3736.95
3320,0002,SANTANDER,RAFAEL,DEPOSITO,2022-02-24T13:35:48,3481.16
3320,0001,SANTANDER,BIA,TRANSFERENCIA,2022-02-26T23:24:51,1197.17
1520,0002,SANTANDER,JULIA,SAQUE,2022-01-10T17:28:41,2067.09
2220,0001,SANTANDER,FELIPE,SAQUE,2022-02-23T10:24:51,4889.58
3320,0007,SANTANDER,PAULA,DEPOSITO,2022-01-20T08:45:57,3779.80
1044,0004,SANTANDER,CARLOS,TRANSFERENCIA,2022-01-06T17:51:31,4539.78
1520,0002,SANTANDER,RAFAEL,TRANSFERENCIA,2022-01-04T14:54:40,4566.24
3320,0007,SANTANDER,FELIPE,SAQUE,2022-02-08T13:03:51,3940.02
3320,0004,SANTANDER,JOAO,SAQUE,2022-01-29T23:18:15,2840.24
1520,0004,SANTANDER,CARLOS,DEPOSITO,2022-02-22T17:58:54,2622.07
3320,0007,SANTANDER,CARLOS,SAQUE,2022-01-11T22:29:09,1654.09
2220,0004,SANTANDER,FELIPE,SAQUE,2022-02-02T17:31:41,3954.05
9999,0002,SANTANDER,FELIPE,TRANSFERENCIA,2022-02-09T08:51:39,4135.12
9999,0004,SANTANDER,MARIA,DEPOSITO,2022-01-10T06:15:48,924.72
3320,0007,SANTANDER,ANA,SAQUE,2022-01-01T15:54:55,1304.67
3320,0007,SANTANDER,CARLOS,DEPOSITO,2022-01-30T07:35:05,2912.72
9999,0001,SANTANDER,CARLOS,TRANSFERENCIA,2022-02-04T21:49:01,3464.15
1520,0001,SANTANDER,PAULA,DEPOSITO,2022-01-16T12:10:01,2027.68
9999,0004,SANTANDER,MARIA,TRANSFERENCIA,2022-01-29T15:29:14,1838.35
3320,0002,SANTANDER,FELIPE,DEPOSITO,2022-01-15T20:56:53,2275.44
9999,0004,SANTANDER,BRUNO,TRANSFERENCIA,2022-02-23T07:48:32,4564.07
9999,0002,SANTANDER,JULIA,TRANSFERENCIA,2022-02-27T20:20:53,4365.80
1520,0007,SANTANDER,RAFAEL,TRANSFERENCIA,2022-02-05T03:01:11,391.44
9999,0001,SANTANDER,JOAO,TRANSFERENCIA,2022-02-19T01:52:12,1011.58
9999,0002,SANTANDER,FELIPE,DEPOSITO,2022-02-20T12:29:01,2209.76
3320,0007,SANTANDER,MARIA,TRANSFERENCIA,2022-02-13T06:02:59,4043.65
2220,0002,SANTANDER,RAFAEL,DEPOSITO,2022-02-14T08:25:03,2819.99
9999,0007,SANTANDER,CARLOS,TRANSFERENCIA,2022-01-03T02:43:43,1980.35
1520,0002,SANTANDER,BIA,SAQUE,2022-01-05T09:31:58,2119.06
1520,0001,SANTANDER,MARIA,DEPOSITO,2022-01-04T01:56:51,1436.17
3320,0002,SANTANDER,BRUNO,DEPOSITO,2022-02-07T03:14:31,2243.24
2220,0007,SANTANDER,MARIA,TRANSFERENCIA,2022-02-22T08:39:38,665.82
1044,0001,SANTANDER,FELIPE,TRANSFERENCIA,2022-02-08T03:53:34,2644.68
3320,0001,SANTANDER,JOAO,DEPOSITO,2022-02-14T22:52:38,3367.83
9999,0007,SANTANDER,RAFAEL,DEPOSITO,2022-01-23T07:09:21,1238.31
1044,0002,SANTANDER,CARLOS,SAQUE,2022-01-11T22:56:49,162.05
2220,0001,SANTANDER,JULIA,SAQUE,2022-01-07T12:47:57,505.38
1520,0007,SANTANDER,BIA,TRANSFERENCIA,2022-01-05T17:25:26,1224.43
1520,0007,SANTANDER,PAULA,SAQUE,2022-02-22T09:43:53,1087.13
1520,0002,SANTANDER,RAFAEL,DEPOSITO,2022-01-23T17:38:09,4079.12
9999,0004,SANTANDER,BIA,TRANSFERENCIA,2022-02-01T03:12:13,1185.28
3320,0002,SANTANDER,BRUNO,DEPOSITO,2022-01-27T17:09:18,305.73
9999,0002,SANTANDER,BRUNO,TRANSFERENCIA,2022-02-18T02:52:48,235.37
1044,0007,SANTANDER,RAFAEL,DEPOSITO,2022-02-10T10:06:24,2041.89
1044,0007,SANTANDER,FELIPE,TRANSFERENCIA,2022-02-15T23:22:43,1205.60
3320,0004,SANTANDER,FELIPE,DEPOSITO,2022-01-06T14:16:24,2812.37
2220,0002,SANTANDER,BRUNO,SAQUE,2022-01-25T18:10:58,1017.48
1520,0007,SANTANDER,ANA,SAQUE,2022-02-22T00:07:16,3623.20
3320,0001,SANTANDER,CARLOS,DEPOSITO,2022-02-28T17:40:51,3015.01
1520,0002,SANTANDER,BIA,TRANSFERENCIA,2022-02-24T06:12:57,1085.87
3320,0004,SANTANDER,CARLOS,SAQUE,2022-01-21T13:32:52,4685.86
1520,0007,SANTANDER,JULIA,TRANSFERENCIA,2022-02-28T16:21:27,3519.14
2220,0002,SANTANDER,RAFAEL,DEPOSITO,2022-01-28T11:34:32,1903.93
9999,0004,SANTANDER,CARLOS,DEPOSITO,2022-02-04T22:01:57,2564.57
2220,0007,SANTANDER,MARIA,TRANSFERENCIA,2022-02-15T13:59:31,3808.38
1044,0002,SANTANDER,ANA,DEPOSITO,2022-02-10T04:31:37,229.53
3320,0002,SANTANDER,JOAO,DEPOSITO,2022-02-23T17:18:33,4673.86
9999,0007,SANTANDER,CARLOS,SAQUE,2022-01-20T01:09:35,1650.00
2220,0002,SANTANDER,PAULA,TRANSFERENCIA,2022-02-02T18:34:54,1287.38
2220,0007,SANTANDER,PAULA,SAQUE,2022-02-04T04:37:47,847.16
9999,0007,SANTANDER,FELIPE,TRANSFERENCIA,2022-01-06T16:51:20,2620.20
1520,0001,SANTANDER,JOAO,DEPOSITO,2022-01-14T08:22:42,4212.88
3320,0001,SANTANDER,FELIPE,SAQUE,2022-01-22T05:39:13,2529.16
1044,0001,SANTANDER,BIA,TRANSFERENCIA,2022-02-16T21:56:50,3296.76
1520,0001,SANTANDER,RAFAEL,TRANSFERENCIA,2022-02-09T22:29:17,60.24
9999,0004,SANTANDER,RAFAEL,DEPOSITO,2022-01-02T15:56:42,2511.58
2220,0002,SANTANDER,MARIA,SAQUE,2022-02-20T21:54:23,745.34
3320,0004,SANTANDER,ANA,DEPOSITO,2022-02-08T12:50:08,396.02
2220,0007,SANTANDER,BIA,SAQUE,2022-01-22T22:17:07,1500.57
1520,0001,SANTANDER,MARIA,DEPOSITO,2022-02-06T19:44:57,1886.47
2220,0001,SANTANDER,JOAO,TRANSFERENCIA,2022-01-17T15:21:09,414.35
2220,0004,SANTANDER,BIA,SAQUE,2022-02-21T06:42:00,4595.84
3320,0002,SANTANDER,BIA,DEPOSITO,2022-01-27T07:41:50,233.76
1520,0004,SANTANDER,RAFAEL,TRANSFERENCIA,2022-01-04T04:40:00,897.59
1044,0001,SANTANDER,JULIA,TRANSFERENCIA,2022-01-14T23:59:26,3761.52
2220,0001,SANTANDER,CARLOS,SAQUE,2022-02-24T18:07:04,1203.12
2220,0004,SANTANDER,BRUNO,TRANSFERENCIA,2022-01-14T14:06:30,3952.70
1520,0004,SANTANDER,JOAO,SAQUE,2022-02-12T10:29:22,1161.49
1520,0004,SANTANDER,BIA,TRANSFERENCIA,2022-02-27T19:52:07,1984.12
1044,0001,SANTANDER,CARLOS,DEPOSITO,2022-02-17T15:11:20,1141.46
9999,0007,SANTANDER,BRUNO,SAQUE,2022-02-26T21:11:16,3303.70
1520,0004,SANTANDER,JULIA,TRANSFERENCIA,2022-01-08T03:16:58,411.11
3320,0007,SANTANDER,FELIPE,TRANSFERENCIA,2022-02-07T19:53:06,1584.07
1520,0001,SANTANDER,JOAO,DEPOSITO,2022-02-13T04:18:34,1800.23
1044,0001,SANTANDER,FELIPE,SAQUE,2022-01-19T04:39:16,2155.47
9999,0007,SANTANDER,MARIA,SAQUE,2022-01-09T16:49:37,1770.22
1520,0004,SANTANDER,BRUNO,SAQUE,2022-01-29T08:03:13,2069.64
1520,0002,SANTANDER,BIA,TRANSFERENCIA,2022-01-17T11:09:24,3426.89
3320,0002,SANTANDER,CARLOS,DEPOSITO,2022-01-27T01:25:59,2466.13
1520,0002,SANTANDER,BRUNO,DEPOSITO,2022-02-10T21:14:22,1499.46
1520,0004,SANTANDER,CARLOS,SAQUE,2022-02-18T03:18:12,2969.44
3320,0007,SANTANDER,MARIA,SAQUE,2022-01-30T13:54:16,34.83
2220,0004,SANTANDER,BIA,DEPOSITO,2022-02-01T23:53:16,2201.67
2220,0002,SANTANDER,CARLOS,DEPOSITO,2022-02-28T13:35:02,4736.45
3320,0007,SANTANDER,ANA,SAQUE,2022-02-08T15:57:55,4843.66
1044,0007,SANTANDER,BIA,SAQUE,2022-02-01T15:22:11,1880.90
2220,0004,SANTANDER,MARIA,TRANSFERENCIA,2022-01-20T09:34:04,2961.54
9999,0002,SANTANDER,RAFAEL,SAQUE,2022-02-14T19:39:27,4714.93
3320,0007,SANTANDER,CARLOS,TRANSFERENCIA,2022-01-07T17:09:04,4095.01
2220,0007,SANTANDER,FELIPE,TRANSFERENCIA,2022-01-30T09:39:04,1210.86
3320,0007,SANTANDER,BRUNO,SAQUE,2022-02-13T14:24:04,4953.51
2220,0007,SANTANDER,RAFAEL,TRANSFERENCIA,2022-02-10T14:42:40,2718.68
1044,0001,SANTANDER,MARIA,SAQUE,2022-02-04T11:13:49,832.53
9999,0001,SANTANDER,BIA,TRANSFERENCIA,2022-02-08T19:10:36,4834.09
1044,0007,SANTANDER,MARIA,SAQUE,2022-01-10T13:46:11,1294.43
9999,0002,SANTANDER,PAULA,DEPOSITO,2022-02-07T23:24:31,2315.85
9999,0002,SANTANDER,ANA,SAQUE,2022-02-16T20:56:17,523.64
2220,0001,SANTANDER,MARIA,TRANSFERENCIA,2022-01-14T18:07:37,1742.29
1044,0007,SANTANDER,JULIA,TRANSFERENCIA,2022-02-16T21:17:56,1742.15
1520,0007,SANTANDER,PAULA,DEPOSITO,2022-01-07T12:31:39,1502.02
1520,0001,SANTANDER,ANA,TRANSFERENCIA,2022-01-11T14:50:00,3386.02
3320,0002,SANTANDER,RAFAEL,SAQUE,2022-02-23T14:02:39,801.52
9999,0007,SANTANDER,PAULA,SAQUE,2022-02-09T07:49:44,3149.17
3320,0007,SANTANDER,BRUNO,SAQUE,2022-01-20T03:47:57,2248.43
2220,0007,SANTANDER,JOAO,TRANSFERENCIA,2022-01-21T20:30:40,1029.72
1520,0001,SANTANDER,RAFAEL,SAQUE,2022-02-05T12:21:34,1630.60
2220,0001,SANTANDER,CARLOS,TRANSFERENCIA,2022-02-17T12:34:49,2639.05
1044,0007,SANTANDER,BIA,DEPOSITO,2022-02-26T23:49:12,572.05
1044,0007,SANTANDER,BIA,SAQUE,2022-01-29T21:05:48,4593.49
9999,0001,SANTANDER,FELIPE,DEPOSITO,2022-01-12T10:38:15,1193.63
1520,0002,SANTANDER,ANA,TRANSFERENCIA,2022-01-14T17:23:21,2554.61
2220,0002,SANTANDER,BIA,DEPOSITO,2022-02-11T01:45:06,929.58
9999,0002,SANTANDER,RAFAEL,SAQUE,2022-02-17T12:56:55,1444.89
3320,0004,SANTANDER,PAULA,TRANSFERENCIA,2022-01-06T04:55:23,4327.75
1520,0007,SANTANDER,FELIPE,SAQUE,2022-02-07T06:39:17,4819.18
9999,0007,SANTANDER,BRUNO,TRANSFERENCIA,2022-02-17T17:48:15,2078.74
2220,0007,SANTANDER,FELIPE,SAQUE,2022-02-24T21:28:20,155.27
3320,0004,SANTANDER,JOAO,DEPOSITO,2022-01-22T19:55:23,2688.51
3320,0007,SANTANDER,BIA,TRANSFERENCIA,2022-02-18T02:09:49,2749.08
1520,0001,SANTANDER,CARLOS,TRANSFERENCIA,2022-02-05T14:50:59,2710.67
1520,0007,SANTANDER,RAFAEL,SAQUE,2022-02-11T06:40:56,512.98
3320,0004,SANTANDER,JOAO,DEPOSITO,2022-01-26T12:24:13,1743.54
1520,0007,SANTANDER,MARIA,SAQUE,2022-01-21T09:03:05,4053.70
9999,0004,SANTANDER,BIA,TRANSFERENCIA,2022-02-11T13:42:05,830.74
3320,0002,SANTANDER,JULIA,SAQUE,2022-02-25T08:22:10,1754.73
1044,0002,SANTANDER,ANA,TRANSFERENCIA,2022-01-29T09:53:17,1447.38
1044,0001,SANTANDER,FELIPE,DEPOSITO,2022-01-06T18:08:46,4962.44
3320,0002,SANTANDER,JULIA,SAQUE,2022-02-01T06:32:23,4142.58
2220,0007,SANTANDER,FELIPE,TRANSFERENCIA,2022-01-27T02:09:22,3139.44
2220,0007,SANTANDER,MARIA,TRANSFERENCIA,2022-01-10T00:55:35,2014.85
1044,0004,SANTANDER,PAULA,DEPOSITO,2022-02-01T18:38:21,2910.20
1520,0007,SANTANDER,ANA,SAQUE,2022-02-21T21:17:57,1989.18
2220,0002,SANTANDER,PAULA,DEPOSITO,2022-02-01T08:19:49,4141.89
1044,0002,SANTANDER,BIA,DEPOSITO,2022-02-03T08:58:16,4470.88
1520,0001,SANTANDER,MARIA,TRANSFERENCIA,2022-02-14T14:54:11,82.39
3320,0007,SANTANDER,PAULA,SAQUE,2022-02-11T12:50:40,1012.39
3320,0004,SANTANDER,FELIPE,DEPOSITO,2022-01-10T01:29:52,3273.29
1044,0001,SANTANDER,ANA,TRANSFERENCIA,2022-01-17T01:42:05,259.88
1044,0002,SANTANDER,BRUNO,TRANSFERENCIA,2022-01-09T20:30:34,3518.79
1520,0002,SANTANDER,PAULA,SAQUE,2022-01-13T21:12:46,2968.80
9999,0007,SANTANDER,JOAO,SAQUE,2022-02-03T08:35:08,4085.73
2220,0002,SANTANDER,PAULA,SAQUE,2022-01-23T05:29:05,1915.97
1520,0001,SANTANDER,ANA,DEPOSITO,2022-01-30T01:18:55,686.51
3320,0002,SANTANDER,MARIA,TRANSFERENCIA,2022-02-24T16:33:49,43.37
3320,0007,SANTANDER,ANA,TRANSFERENCIA,2022-01-21T16:27:18,3140.77
3320,0007,SANTANDER,BIA,TRANSFERENCIA,2022-02-12T22:49:44,4299.95
1520,0001,SANTANDER,FELIPE,SAQUE,2022-02-27T05:48:24,3650.32
1044,0007,SANTANDER,ANA,SAQUE,2022-01-25T01:23:02,1385.56
1520,0002,SANTANDER,RAFAEL,TRANSFERENCIA,2022-02-28T06:07:10,3606.18
1044,0001,SANTANDER,CARLOS,SAQUE,2022-02-20T06:26:34,3035.03
3320,0007,SANTANDER,CARLOS,TRANSFERENCIA,2022-01-06T07:09:19,3919.22
3320,0007,SANTANDER,BRUNO,SAQUE,2022-01-24T09:45:40,2498.41
9999,0001,SANTANDER,RAFAEL,SAQUE,2022-02-05T01:25:11,4669.69
3320,0007,SANTANDER,BIA,DEPOSITO,2022-02-05T11:28:21,2732.23
3320,0007,SANTANDER,MARIA,SAQUE,2022-02-27T00:39:22,338.60
1044,0002,SANTANDER,JOAO,SAQUE,2022-02-08T15:20:56,2533.55
9999,0007,SANTANDER,BRUNO,TRANSFERENCIA,2022-02-09T01:22:27,413.06
9999,0002,SANTANDER,CARLOS,SAQUE,2022-01-31T02:08:07,396.03
3320,0002,SANTANDER,RAFAEL,DEPOSITO,2022-02-07T22:28:13,2932.60
1520,0004,SANTANDER,BRUNO,TRANSFERENCIA,2022-01-24T04:03:55,290.47
1520,0007,SANTANDER,MARIA,DEPOSITO,2022-01-06T08:13:33,1547.14
3320,0001,SANTANDER,JOAO,TRANSFERENCIA,2022-01-14T07:43:35,3507.80
3320,0007,SANTANDER,ANA,TRANSFERENCIA,2022-02-20T05:12:59,3915.15
1044,0002,SANTANDER,ANA,SAQUE,2022-01-27T02:15:59,3664.95
1520,0001,SANTANDER,ANA,DEPOSITO,2022-01-27T09:45:38,2619.75
1044,0001,SANTANDER,PAULA,DEPOSITO,2022-02-19T14:12:28,1801.26
2220,0002,SANTANDER,ANA,SAQUE,2022-01-25T18:27:48,3866.87
9999,0001,SANTANDER,JULIA,TRANSFERENCIA,2022-02-19T09:38:52,13.84
1520,0002,SANTANDER,JOAO,DEPOSITO,2022-02-05T08:07:36,1915.51
3320,0002,SANTANDER,JOAO,TRANSFERENCIA,2022-02-10T17:12:04,1123.35
3320,0007,SANTANDER,ANA,DEPOSITO,2022-01-08T13:29:24,2858.11
1520,0001,SANTANDER,FELIPE,SAQUE,2022-02-20T01:50:26,4907.09
2220,0001,SANTANDER,PAULA,DEPOSITO,2022-01-31T03:58:41,1637.18
9999,0007,SANTANDER,JOAO,DEPOSITO,2022-01-20T11:35:51,1458.68
1044,0002,SANTANDER,PAULA,DEPOSITO,2022-02-27T10:44:23,4859.32
3320,0002,SANTANDER,FELIPE,SAQUE,2022-02-09T19:27:12,120.53
9999,0004,SANTANDER,JOAO,DEPOSITO,2022-01-01T03:24:24,3794.89
2220,0004,SANTANDER,MARIA,SAQUE,2022-02-21T10:33:26,4915.60
2220,0007,SANTANDER,JOAO,SAQUE,2022-01-28T04:02:24,466.04
3320,0007,SANTANDER,ANA,DEPOSITO,2022-01-09T05:50:13,2904.27
9999,0002,SANTANDER,BRUNO,SAQUE,2022-02-27T11:13:01,2839.54
2220,0002,SANTANDER,JULIA,DEPOSITO,2022-01-26T08:09:10,4254.72
2220,0004,SANTANDER,ANA,DEPOSITO,2022-01-27T09:42:11,1168.82
3320,0002,SANTANDER,BIA,SAQUE,2022-01-16T02:07:58,529.18
2220,0007,SANTANDER,ANA,DEPOSITO,2022-01-12T17:20:13,2680.09
3320,0007,SANTANDER,CARLOS,DEPOSITO,2022-01-26T17:30:47,4262.56
1520,0002,SANTANDER,CARLOS,TRANSFERENCIA,2022-02-28T13:47:48,202.61
1044,0002,SANTANDER,MARIA,TRANSFERENCIA,2022-01-25T02:23:30,4842.03
2220,0001,SANTANDER,CARLOS,DEPOSITO,2022-01-17T21:08:28,156.38
2220,0007,SANTANDER,RAFAEL,TRANSFERENCIA,2022-02-23T09:52:28,1250.01
2220,0001,SANTANDER,FELIPE,SAQUE,2022-01-02T03:51:41,309.28
3320,0002,SANTANDER,JULIA,DEPOSITO,2022-02-06T03:22:53,3431.74
1520,0004,SANTANDER,MARIA,SAQUE,2022-01-07T06:13:50,989.55
2220,0002,SANTANDER,MARIA,DEPOSITO,2022-01-12T21:30:36,214.44
2220,0001,SANTANDER,FELIPE,TRANSFERENCIA,2022-02-12T01:19:39,4108.61
2220,0007,SANTANDER,JOAO,DEPOSITO,2022-02-11T10:11:57,864.86
3320,0002,SANTANDER,CARLOS,DEPOSITO,2022-02-13T07:16:55,4417.24
1520,0002,SANTANDER,CARLOS,DEPOSITO,2022-02-10T00:00:41,4414.01
2220,0001,SANTANDER,MARIA,DEPOSITO,2022-02-07T04:29:25,687.04
3320,0002,SANTANDER,RAFAEL,SAQUE,2022-02-07T03:17:06,3909.80
1044,0007,SANTANDER,RAFAEL,DEPOSITO,2022-02-03T09:39:27,4563.47
9999,0004,SANTANDER,BRUNO,DEPOSITO,2022-01-18T11:00:04,131.29
9999,0002,SANTANDER,JOAO,DEPOSITO,2022-01-06T16:31:38,4043.46
2220,0004,SANTANDER,BIA,SAQUE,2022-01-16T11:57:09,501.57
3320,0004,SANTANDER,RAFAEL,TRANSFERENCIA,2022-01-06T10:16:35,3820.48
3320,0007,SANTANDER,ANA,SAQUE,2022-01-18T02:20:36,1183.52
1044,0004,SANTANDER,BIA,SAQUE,2022-02-04T03:28:43,4737.85
9999,0002,SANTANDER,BIA,SAQUE,2022-02-17T18:58:17,2711.08
3320,0007,SANTANDER,JOAO,SAQUE,2022-01-06T10:52:51,1163.88
3320,0001,SANTANDER,RAFAEL,DEPOSITO,2022-01-01T01:35:33,1659.34
9999,0002,SANTANDER,FELIPE,DEPOSITO,2022-01-18T05:30:41,4593.99
1044,0001,SANTANDER,JOAO,SAQUE,2022-02-26T22:53:54,3523.78
3320,0001,SANTANDER,RAFAEL,DEPOSITO,2022-01-08T01:00:39,1868.58
2220,0001,SANTANDER,ANA,DEPOSITO,2022-02-01T07:43:11,683.12
3320,0007,SANTANDER,PAULA,TRANSFERENCIA,2022-01-31T19:19:26,871.84
9999,0004,SANTANDER,JULIA,TRANSFERENCIA,2022-02-27T04:21:11,4072.46
2220,0004,SANTANDER,CARLOS,SAQUE,2022-01-18T06:05:25,3644.43
9999,0007,SANTANDER,BIA,SAQUE,2022-01-18T16:16:52,3012.34
9999,0002,SANTANDER,BIA,SAQUE,2022-02-18T04:11:41,704.08
1520,0002,SANTANDER,ANA,DEPOSITO,2022-01-17T07:12:21,3181.30
1520,0004,SANTANDER,PAULA,SAQUE,2022-01-26T17:59:23,1049.21
1520,0004,SANTANDER,CARLOS,SAQUE,2022-01-01T02:59:07,241.69
2220,0007,SANTANDER,FELIPE,DEPOSITO,2022-02-17T20:57:51,4408.97
1044,0007,SANTANDER,MARIA,DEPOSITO,2022-02-26T02:58:00,3255.20
3320,0002,SANTANDER,PAULA,SAQUE,2022-01-04T05:51:26,1475.25
1044,0004,SANTANDER,MARIA,SAQUE,2022-02-03T04:28:15,851.36
2220,0002,SANTANDER,MARIA,TRANSFERENCIA,2022-01-10T00:56:58,1690.41
9999,0007,SANTANDER,JOAO,DEPOSITO,2022-01-17T00:28:16,3036.98
2220,0002,SANTANDER,JOAO,SAQUE,2022-02-02T03:30:22,1028.55
3320,0007,SANTANDER,RAFAEL,TRANSFERENCIA,2022-02-22T10:35:00,1327.06
1044,0004,SANTANDER,JULIA,SAQUE,2022-01-05T19:39:32,1965.12
9999,0007,SANTANDER,FELIPE,SAQUE,2022-02-05T00:47:32,20.07
1520,0004,SANTANDER,BIA,DEPOSITO,2022-01-20T09:16:33,485.84
3320,0002,SANTANDER,CARLOS,SAQUE,2022-02-15T23:29:58,4219.00
1044,0007,SANTANDER,PAULA,DEPOSITO,2022-01-26T17:30:18,456.59
9999,0007,SANTANDER,FELIPE,DEPOSITO,2022-02-07T00:49:54,1847.64
2220,0001,SANTANDER,CARLOS,DEPOSITO,2022-02-15T03:39:48,1317.74
1044,0001,SANTANDER,FELIPE,TRANSFERENCIA,2022-01-10T09:20:00,429.45
1044,0007,SANTANDER,BIA,SAQUE,2022-02-23T17:59:09,305.86
2220,0007,SANTANDER,RAFAEL,TRANSFERENCIA,2022-02-16T02:25:15,2864.00
3320,0007,SANTANDER,CARLOS,SAQUE,2022-02-08T07:57:39,4513.98
1520,0002,SANTANDER,MARIA,DEPOSITO,2022-01-17T18:50:13,4745.36
3320,0002,SANTANDER,JULIA,SAQUE,2022-01-05T03:26:31,2117.45
2220,0002,SANTANDER,FELIPE,TRANSFERENCIA,2022-01-26T00:55:07,1599.43
1520,0001,SANTANDER,BRUNO,TRANSFERENCIA,2022-02-08T13:54:15,2760.72
1044,0007,SANTANDER,JOAO,TRANSFERENCIA,2022-02-27T01:09:05,2613.29
2220,0001,SANTANDER,BRUNO,SAQUE,2022-01-15T09:19:49,2833.40
9999,0001,SANTANDER,MARIA,TRANSFERENCIA,2022-01-10T19:19:29,3928.94
9999,0004,SANTANDER,BRUNO,DEPOSITO,2022-02-07T04:33:21,3274.28
9999,0007,SANTANDER,JOAO,SAQUE,2022-01-27T17:45:41,2015.47
9999,0007,SANTANDER,JOAO,DEPOSITO,2022-02-02T04:26:13,3452.88
1520,0007,SANTANDER,CARLOS,DEPOSITO,2022-01-02T23:08:45,1689.99
1044,0004,SANTANDER,CARLOS,DEPOSITO,2022-01-10T12:51:47,4862.51
3320,0002,SANTANDER,CARLOS,TRANSFERENCIA,2022-02-13T00:31:21,3870.38
1044,0004,SANTANDER,BRUNO,TRANSFERENCIA,2022-01-09T16:03:12,940.49
3320,0007,SANTANDER,PAULA,TRANSFERENCIA,2022-02-06T07:16:26,4105.27
9999,0002,SANTANDER,MARIA,DEPOSITO,2022-02-19T04:55:06,2017.52
9999,0001,SANTANDER,FELIPE,SAQUE,2022-01-20T11:43:38,4185.05
3320,0001,SANTANDER,PAULA,SAQUE,2022-02-04T23:44:05,3523.47
1044,0004,SANTANDER,PAULA,TRANSFERENCIA,2022-02-08T12:56:33,3177.41
1520,0001,SANTANDER,JULIA,DEPOSITO,2022-02-17T10:57:20,2970.62
3320,0007,SANTANDER,BIA,TRANSFERENCIA,2022-02-03T22:59:58,1721.90
1044,0001,SANTANDER,CARLOS,SAQUE,2022-02-07T12:45:47,249.21
9999,0002,SANTANDER,JULIA,TRANSFERENCIA,2022-01-22T20:32:56,3388.80
1044,0007,SANTANDER,RAFAEL,SAQUE,2022-01-01T20:44:01,2371.01
3320,0002,SANTANDER,BIA,SAQUE,2022-01-22T17:25:19,1262.70
1044,0004,SANTANDER,BRUNO,DEPOSITO,2022-02-03T20:33:04,2295.53
3320,0007,SANTANDER,CARLOS,TRANSFERENCIA,2022-02-20T13:10:27,4121.73
2220,0001,SANTANDER,JOAO,TRANSFERENCIA,2022-02-06T08:01:06,2807.72
9999,0004,SANTANDER,CARLOS,TRANSFERENCIA,2022-01-11T11:54:06,2409.21
1044,0004,SANTANDER,ANA,DEPOSITO,2022-01-26T08:30:59,3280.94
1044,0002,SANTANDER,FELIPE,TRANSFERENCIA,2022-01-24T07:56:39,4498.54
9999,0007,SANTANDER,ANA,TRANSFERENCIA,2022-01-14T14:03:33,3606.69
2220,0004,SANTANDER,CARLOS,DEPOSITO,2022-02-09T06:47:01,1941.99
1520,0002,SANTANDER,ANA,TRANSFERENCIA,2022-01-22T14:08:37,3431.90
2220,0004,SANTANDER,RAFAEL,DEPOSITO,2022-01-17T12:05:51,4203.35
9999,0002,SANTANDER,CARLOS,SAQUE,2022-02-15T16:59:56,640.59
1044,0002,SANTANDER,ANA,TRANSFERENCIA,2022-01-09T16:05:01,1112.05
3320,0004,SANTANDER,BRUNO,DEPOSITO,2022-02-06T02:04:58,1303.54
1044,0007,SANTANDER,MARIA,DEPOSITO,2022-01-06T05:04:34,4332.10
9999,0001,SANTANDER,PAULA,SAQUE,2022-02-18T14:11:48,599.96
2220,0004,SANTANDER,BRUNO,SAQUE,2022-01-15T15:20:21,687.69
3320,0004,SANTANDER,BRUNO,TRANSFERENCIA,2022-02-14T10:13:07,716.98
3320,0001,SANTANDER,PAULA,DEPOSITO,2022-01-18T04:01:49,1567.76
1520,0001,SANTANDER,PAULA,DEPOSITO,2022-01-21T07:53:46,3806.21
3320,0002,SANTANDER,PAULA,SAQUE,2022-01-13T13:32:15,3072.78
2220,0007,SANTANDER,BRUNO,DEPOSITO,2022-02-07T05:11:31,24.34
9999,0002,SANTANDER,ANA,SAQUE,2022-02-01T06:48:39,3784.48
9999,0002,SANTANDER,JOAO,TRANSFERENCIA,2022-01-01T09:36:33,3133.81
3320,0002,SANTANDER,ANA,DEPOSITO,2022-01-13T12:25:49,514.44
9999,0004,SANTANDER,FELIPE,SAQUE,2022-01-05T10:31:53,1491.71
1044,0007,SANTANDER,RAFAEL,TRANSFERENCIA,2022-02-20T21:16:57,1689.84
3320,0004,SANTANDER,PAULA,DEPOSITO,2022-01-19T07:03:52,825.25
2220,0001,SANTANDER,JULIA,SAQUE,2022-01-13T17:43:53,1056.74
1520,0002,SANTANDER,MARIA,DEPOSITO,2022-01-04T15:03:47,1876.59
1044,0001,SANTANDER,BIA,SAQUE,2022-01-11T11:55:21,3268.18
1520,0001,SANTANDER,MARIA,DEPOSITO,2022-02-13T03:19:38,1901.89
9999,0004,SANTANDER,PAULA,TRANSFERENCIA,2022-01-15T20:48:43,1028.27
1520,0004,SANTANDER,BRUNO,TRANSFERENCIA,2022-01-10T19:18:00,3312.75
1044,0002,SANTANDER,BRUNO,SAQUE,2022-02-19T16:04:44,3594.11
1520,0004,SANTANDER,MARIA,SAQUE,2022-02-18T07:48:57,994.03
3320,0004,SANTANDER,RAFAEL,SAQUE,2022-02-04T18:01:05,3517.48
1044,0002,SANTANDER,JOAO,TRANSFERENCIA,2022-02-18T04:35:25,4551.87
2220,0004,SANTANDER,JULIA,SAQUE,2022-01-02T05:42:29,3358.49
1520,0007,SANTANDER,FELIPE,SAQUE,2022-02-19T16:21:35,376.17
1520,0004,SANTANDER,JULIA,DEPOSITO,2022-01-29T17:46:54,1321.36
1520,0001,SANTANDER,FELIPE,SAQUE,2022-01-29T05:04:14,1801.71
1044,0007,SANTANDER,MARIA,SAQUE,2022-01-05T10:55:45,49.35
3320,0002,SANTANDER,ANA,DEPOSITO,2022-02-12T11:56:55,4775.49
1044,0001,SANTANDER,ANA,DEPOSITO,2022-01-18T18:06:59,570.05
2220,0007,SANTANDER,CARLOS,DEPOSITO,2022-02-16T10:23:29,3999.70
3320,0001,SANTANDER,FELIPE,TRANSFERENCIA,2022-01-06T16:39:21,4907.86
3320,0001,SANTANDER,BRUNO,TRANSFERENCIA,2022-02-16T20:42:50,4011.52
2220,0002,SANTANDER,BIA,DEPOSITO,2022-02-04T19:35:45,3057.18
3320,0007,SANTANDER,PAULA,SAQUE,2022-02-09T22:21:42,2204.00
1520,0004,SANTANDER,ANA,SAQUE,2022-02-20T22:54:51,3837.88
9999,0002,SANTANDER,ANA,TRANSFERENCIA,2022-02-20T18:55:07,3441.52
9999,0001,SANTANDER,BRUNO,TRANSFERENCIA,2022-01-25T03:13:34,2410.17
2220,0002,SANTANDER,RAFAEL,TRANSFERENCIA,2022-01-06T07:08:53,59.21
3320,0007,SANTANDER,PAULA,SAQUE,2022-01-08T06:26:55,3757.40
1044,0002,SANTANDER,ANA,DEPOSITO,2022-01-05T21:19:32,2535.14
9999,0007,SANTANDER,BRUNO,SAQUE,2022-01-08T15:41:18,2296.01
9999,0007,SANTANDER,MARIA,DEPOSITO,2022-02-13T09:44:39,1580.99
2220,0001,SANTANDER,MARIA,DEPOSITO,2022-02-10T00:49:06,180.12
9999,0001,SANTANDER,MARIA,TRANSFERENCIA,2022-01-30T13:45:52,4450.66
9999,0002,SANTANDER,PAULA,DEPOSITO,2022-02-05T06:38:57,4126.73
3320,0007,SANTANDER,ANA,TRANSFERENCIA,2022-02-28T05:59:15,2366.20
1044,0007,SANTANDER,MARIA,SAQUE,2022-01-22T12:42:29,11.98
1044,0004,SANTANDER,RAFAEL,TRANSFERENCIA,2022-02-06T07:13:39,3510.78
1520,0002,SANTANDER,PAULA,SAQUE,2022-02-09T17:31:48,535.70
9999,0002,SANTANDER,JULIA,SAQUE,2022-02-08T03:30:54,1078.73
3320,0004,SANTANDER,MARIA,DEPOSITO,2022-01-05T12:21:13,4633.21
9999,0001,SANTANDER,PAULA,DEPOSITO,2022-02-27T05:12:22,4781.00
3320,0007,SANTANDER,JOAO,TRANSFERENCIA,2022-01-05T17:10:48,2766.58
2220,0007,SANTANDER,RAFAEL,SAQUE,2022-02-26T04:07:45,869.08
3320,0001,SANTANDER,BRUNO,TRANSFERENCIA,2022-02-28T07:22:25,3031.20
1044,0007,SANTANDER,BRUNO,TRANSFERENCIA,2022-01-25T02:26:17,1368.71
1044,0004,SANTANDER,PAULA,SAQUE,2022-01-14T09:58:57,2064.31
9999,0004,SANTANDER,RAFAEL,DEPOSITO,2022-02-23T17:56:18,3163.28
3320,0002,SANTANDER,BIA,TRANSFERENCIA,2022-01-29T05:05:57,3433.37
3320,0002,SANTANDER,RAFAEL,TRANSFERENCIA,2022-02-01T07:12:11,3552.05
1044,0007,SANTANDER,BIA,TRANSFERENCIA,2022-02-10T12:47:38,3371.54
9999,0004,SANTANDER,BRUNO,SAQUE,2022-02-20T18:02:56,533.25
2220,0002,SANTANDER,JOAO,TRANSFERENCIA,2022-01-06T11:53:55,1000.31
3320,0004,SANTANDER,CARLOS,SAQUE,2022-01-07T00:32:49,3453.28
1044,0002,SANTANDER,RAFAEL,SAQUE,2022-02-04T19:47:26,4070.32
1520,0002,SANTANDER,RAFAEL,DEPOSITO,2022-01-24T01:38:15,2555.10
1044,0001,SANTANDER,BRUNO,DEPOSITO,2022-02-10T10:40:10,4783.55
1044,0001,SANTANDER,JOAO,TRANSFERENCIA,2022-01-25T09:40:02,1016.23
2220,0002,SANTANDER,ANA,TRANSFERENCIA,2022-02-23T01:42:20,3692.51
3320,0002,SANTANDER,CARLOS,DEPOSITO,2022-01-18T05:25:56,4917.28
1520,0002,SANTANDER,FELIPE,TRANSFERENCIA,2022-02-19T21:20:59,597.65
1520,0007,SANTANDER,CARLOS,TRANSFERENCIA,2022-01-26T15:43:22,651.20
9999,0004,SANTANDER,JOAO,DEPOSITO,2022-02-15T06:37:50,3548.74
3320,0001,SANTANDER,FELIPE,DEPOSITO,2022-02-27T22:49:55,255.23
9999,0004,SANTANDER,PAULA,TRANSFERENCIA,2022-02-23T09:57:58,1791.07
1044,0002,SANTANDER,FELIPE,TRANSFERENCIA,2022-01-07T14:51:45,3931.50
3320,0007,SANTANDER,RAFAEL,TRANSFERENCIA,2022-02-09T04:01:47,460.64
3320,0002,SANTANDER,ANA,DEPOSITO,2022-02-05T00:43:11,1468.58
9999,0007,SANTANDER,RAFAEL,TRANSFERENCIA,2022-01-01T20:30:50,574.50
1044,0007,SANTANDER,JULIA,TRANSFERENCIA,2022-01-24T16:09:30,4794.53
1044,0007,SANTANDER,MARIA,DEPOSITO,2022-01-25T21:53:57,2701.65
1044,0001,SANTANDER,RAFAEL,DEPOSITO,2022-02-19T22:25:37,4014.28
2220,0007,SANTANDER,JOAO,DEPOSITO,2022-01-19T16:35:10,1602.24
1520,0001,SANTANDER,FELIPE,TRANSFERENCIA,2022-02-21T18:27:34,37.65
1520,0002,SANTANDER,JULIA,TRANSFERENCIA,2022-02-11T04:28:46,4178.49
3320,0007,SANTANDER,MARIA,TRANSFERENCIA,2022-01-15T22:16:26,119.74
1044,0001,SANTANDER,MARIA,SAQUE,2022-01-06T06:27:13,890.78
1044,0001,SANTANDER,BIA,SAQUE,2022-01-26T02:41:36,2038.76
2220,0007,SANTANDER,BRUNO,DEPOSITO,2022-01-02T15:21:31,1948.12
1520,0001,SANTANDER,BIA,SAQUE,2022-02-26T20:33:56,228.54
1520,0004,SANTANDER,RAFAEL,SAQUE,2022-01-29T03:22:05,3934.67
1044,0001,SANTANDER,CARLOS,DEPOSITO,2022-02-07T00:45:28,1976.17
1520,0007,SANTANDER,FELIPE,TRANSFERENCIA,2022-01-22T08:19:27,682.77
2220,0004,SANTANDER,FELIPE,DEPOSITO,2022-02-06T05:27:25,4787.00
1520,0002,SANTANDER,MARIA,SAQUE,2022-01-01T11:43:13,2864.02
2220,0001,SANTANDER,CARLOS,SAQUE,2022-02-03T09:13:56,1059.47
9999,0002,SANTANDER,FELIPE,SAQUE,2022-01-22T10:28:23,3084.81
1044,0002,SANTANDER,MARIA,SAQUE,2022-02-25T01:53:15,4261.40
9999,0007,SANTANDER,RAFAEL,SAQUE,2022-01-29T05:16:11,3358.75
1044,0001,SANTANDER,JULIA,TRANSFERENCIA,2022-02-26T08:53:09,2436.46
1044,0004,SANTANDER,FELIPE,TRANSFERENCIA,2022-01-23T18:30:04,501.13
9999,0001,SANTANDER,JULIA,DEPOSITO,2022-02-17T04:08:19,2253.78
9999,0004,SANTANDER,BIA,SAQUE,2022-02-24T21:49:54,2834.74
1044,0007,SANTANDER,FELIPE,SAQUE,2022-01-31T09:50:36,1231.63
3320,0007,SANTANDER,CARLOS,DEPOSITO,2022-01-14T00:57:18,3398.22
1044,0007,SANTANDER,PAULA,DEPOSITO,2022-02-04T19:55:42,3874.06
2220,0001,SANTANDER,FELIPE,TRANSFERENCIA,2022-02-28T21:32:41,410.79
1044,0002,SANTANDER,RAFAEL,SAQUE,2022-01-26T13:22:52,3667.99
1520,0001,SANTANDER,JOAO,TRANSFERENCIA,2022-01-04T00:41:16,4063.40
9999,0007,SANTANDER,BIA,SAQUE,2022-01-04T13:24:55,2758.42
9999,0007,SANTANDER,FELIPE,DEPOSITO,2022-02-08T02:35:14,1117.31
9999,0004,SANTANDER,FELIPE,DEPOSITO,2022-02-18T15:42:05,2552.55
2220,0004,SANTANDER,RAFAEL,SAQUE,2022-01-24T04:37:57,4240.06
9999,0002,SANTANDER,RAFAEL,SAQUE,2022-02-13T07:46:08,796.95
9999,0002,SANTANDER,PAULA,DEPOSITO,2022-01-04T22:11:06,1094.88
2220,0002,SANTANDER,MARIA,DEPOSITO,2022-02-05T20:50:46,1170.86
3320,0004,SANTANDER,BRUNO,DEPOSITO,2022-02-14T03:23:45,4407.88
1520,0004,SANTANDER,MARIA,TRANSFERENCIA,2022-02-20T14:53:12,3168.20
1044,0004,SANTANDER,BIA,TRANSFERENCIA,2022-02-25T08:34:10,870.08
2220,0004,SANTANDER,BIA,TRANSFERENCIA,2022-01-08T13:22:28,2583.80
2220,0002,SANTANDER,RAFAEL,DEPOSITO,2022-02-04T06:18:43,4086.37
1044,0007,SANTANDER,PAULA,TRANSFERENCIA,2022-01-01T15:22:25,2509.68
3320,0007,SANTANDER,FELIPE,SAQUE,2022-01-08T11:37:42,2573.19
1044,0002,SANTANDER,FELIPE,SAQUE,2022-01-16T06:40:09,1811.75
1520,0002,SANTANDER,BRUNO,DEPOSITO,2022-01-12T00:05:53,2408.10
2220,0007,SANTANDER,JULIA,TRANSFERENCIA,2022-01-16T15:43:51,3236.65
2220,0001,SANTANDER,JULIA,SAQUE,2022-01-13T09:59:38,2867.86
3320,0002,SANTANDER,RAFAEL,SAQUE,2022-02-25T13:29:02,735.18
3320,0004,SANTANDER,FELIPE,TRANSFERENCIA,2022-02-09T08:46:54,2997.19
9999,0001,SANTANDER,CARLOS,SAQUE,2022-01-22T00:41:57,2246.57
2220,0007,SANTANDER,FELIPE,SAQUE,2022-02-09T21:09:22,3004.59
9999,0002,SANTANDER,BIA,TRANSFERENCIA,2022-02-19T14:15:42,1323.34
1044,0007,SANTANDER,BIA,TRANSFERENCIA,2022-01-07T16:24:56,1149.84
2220,0002,SANTANDER,MARIA,SAQUE,2022-01-20T15:30:22,2614.03
9999,0007,SANTANDER,FELIPE,TRANSFERENCIA,2022-01-10T08:23:31,887.93
9999,0001,SANTANDER,RAFAEL,TRANSFERENCIA,2022-01-12T09:49:59,466.86
3320,0001,SANTANDER,BRUNO,TRANSFERENCIA,2022-02-10T20:15:53,1852.52
1520,0007,SANTANDER,JULIA,DEPOSITO,2022-02-07T00:20:43,1753.24
9999,0001,SANTANDER,BRUNO,SAQUE,2022-01-25T17:04:11,2386.23
3320,0001,SANTANDER,CARLOS,TRANSFERENCIA,2022-02-22T18:59:06,2043.82
3320,0001,SANTANDER,JOAO,TRANSFERENCIA,2022-02-20T17:36:28,590.03
1520,0007,SANTANDER,JULIA,TRANSFERENCIA,2022-01-31T16:06:15,2044.82
1520,0002,SANTANDER,BRUNO,TRANSFERENCIA,2022-02-26T20:00:41,1268.91
9999,0007,SANTANDER,BIA,DEPOSITO,2022-01-27T18:06:09,4959.00
2220,0002,SANTANDER,BRUNO,TRANSFERENCIA,2022-02-24T03:12:54,2412.86
1044,0007,SANTANDER,CARLOS,DEPOSITO,2022-02-26T02:01:29,1722.44
2220,0002,SANTANDER,MARIA,TRANSFERENCIA,2022-01-23T07:24:21,2233.53
3320,0001,SANTANDER,JULIA,TRANSFERENCIA,2022-02-08T21:22:28,3930.62
9999,0001,SANTANDER,FELIPE,DEPOSITO,2022-01-01T12:19:41,4022.04
3320,0007,SANTANDER,BIA,DEPOSITO,2022-01-09T13:22:57,321.34
3320,0004,SANTANDER,MARIA,TRANSFERENCIA,2022-01-04T15:58:34,3622.75
2220,0004,SANTANDER,BIA,SAQUE,2022-01-18T00:24:40,3201.82
2220,0001,SANTANDER,JULIA,TRANSFERENCIA,2022-02-20T07:23:04,1430.75
1520,0002,SANTANDER,BIA,SAQUE,2022-01-04T12:01:42,1799.34
1520,0002,SANTANDER,MARIA,DEPOSITO,2022-02-08T18:44:52,1766.29
2220,0007,SANTANDER,BIA,SAQUE,2022-02-20T06:25:40,77.82
1520,0001,SANTANDER,RAFAEL,DEPOSITO,2022-02-24T06:49:47,4575.13
1044,0004,SANTANDER,CARLOS,SAQUE,2022-02-28T20:55:44,4815.32
2220,0007,SANTANDER,BIA,SAQUE,2022-01-26T08:25:28,876.00
9999,0001,SANTANDER,RAFAEL,SAQUE,2022-02-18T20:28:08,1471.96
1520,0004,SANTANDER,RAFAEL,TRANSFERENCIA,2022-01-25T06:52:18,3471.27
2220,0007,SANTANDER,JULIA,DEPOSITO,2022-02-14T13:11:39,3408.29
9999,0001,SANTANDER,PAULA,SAQUE,2022-01-26T00:45:48,338.70
3320,0002,SANTANDER,ANA,DEPOSITO,2022-02-04T06:46:26,2583.00
1520,0004,SANTANDER,JULIA,DEPOSITO,2022-01-10T00:43:39,1995.25
1044,0001,SANTANDER,RAFAEL,SAQUE,2022-02-16T06:27:16,1570.05
3320,0004,SANTANDER,FELIPE,TRANSFERENCIA,2022-01-19T11:07:20,2495.50
3320,0002,SANTANDER,JULIA,DEPOSITO,2022-01-21T01:49:44,1146.81
3320,0004,SANTANDER,FELIPE,SAQUE,2022-01-12T15:20:13,4601.02
2220,0001,SANTANDER,RAFAEL,SAQUE,2022-02-16T19:49:19,1856.61
1044,0007,SANTANDER,BIA,DEPOSITO,2022-02-17T15:39:33,915.18
9999,0004,SANTANDER,BRUNO,SAQUE,2022-02-25T23:43:38,642.10
9999,0007,SANTANDER,PAULA,TRANSFERENCIA,2022-01-04T03:52:35,2512.87
2220,0002,SANTANDER,PAULA,SAQUE,2022-02-20T07:30:19,2300.89
1520,0001,SANTANDER,JULIA,DEPOSITO,2022-02-26T09:50:50,504.64
1044,0004,SANTANDER,FELIPE,TRANSFERENCIA,2022-01-26T12:28:57,1186.46
2220,0004,SANTANDER,ANA,SAQUE,2022-02-18T10:13:06,2120.29
2220,0004,SANTANDER,ANA,DEPOSITO,2022-01-28T03:35:02,2254.19
9999,0002,SANTANDER,BIA,TRANSFERENCIA,2022-01-23T04:35:56,4071.14
1044,0002,SANTANDER,RAFAEL,DEPOSITO,2022-02-06T23:31:21,981.12
3320,0007,SANTANDER,JOAO,SAQUE,2022-02-10T22:12:51,2498.49
9999,0004,SANTANDER,PAULA,DEPOSITO,2022-01-25T08:48:42,2811.13
9999,0001,SANTANDER,BRUNO,SAQUE,2022-01-16T20:36:51,301.12
1044,0007,SANTANDER,MARIA,DEPOSITO,2022-02-02T11:48:22,1299.59
1044,0004,SANTANDER,ANA,SAQUE,2022-02-09T23:28:20,607.07
9999,0002,SANTANDER,BIA,TRANSFERENCIA,2022-02-22T06:39:07,873.52
1044,0004,SANTANDER,ANA,TRANSFERENCIA,2022-02-19T13:25:19,2437.98
2220,0001,SANTANDER,BRUNO,TRANSFERENCIA,2022-01-28T19:38:53,2319.30
3320,0002,SANTANDER,ANA,DEPOSITO,2022-02-25T12:00:43,2024.46
1520,0001,SANTANDER,FELIPE,DEPOSITO,2022-01-23T03:47:10,1568.10
1044,0004,SANTANDER,BIA,TRANSFERENCIA,2022-02-08T09:28:39,1356.97
2220,0004,SANTANDER,BIA,TRANSFERENCIA,2022-02-13T17:14:55,2070.53
3320,0001,SANTANDER,FELIPE,TRANSFERENCIA,2022-01-23T18:43:15,3310.45
1520,0002,SANTANDER,FELIPE,DEPOSITO,2022-01-11T00:01:44,478.67
2220,0001,SANTANDER,JOAO,DEPOSITO,2022-02-20T20:58:06,3825.22
1520,0001,SANTANDER,CARLOS,TRANSFERENCIA,2022-01-16T01:48:55,422.47
2220,0004,SANTANDER,JULIA,SAQUE,2022-01-28T14:10:35,2216.36
3320,0002,SANTANDER,RAFAEL,SAQUE,2022-01-03T18:34:33,176.74
1044,0004,SANTANDER,PAULA,DEPOSITO,2022-02-22T11:39:08,4674.35
9999,0007,SANTANDER,FELIPE,TRANSFERENCIA,2022-02-22T08:37:52,886.01
9999,0007,SANTANDER,BIA,DEPOSITO,2022-02-20T19:44:59,3199.29
9999,0004,SANTANDER,ANA,DEPOSITO,2022-02-22T09:31:04,1136.42
1520,0007,SANTANDER,CARLOS,DEPOSITO,2022-02-10T00:30:16,1299.78
1044,0001,SANTANDER,JOAO,TRANSFERENCIA,2022-01-14T05:36:11,1720.08
2220,0001,SANTANDER,PAULA,DEPOSITO,2022-01-30T02:08:35,46.65
2220,0004,SANTANDER,BIA,SAQUE,2022-01-01T16:49:08,2741.51
3320,0007,SANTANDER,RAFAEL,DEPOSITO,2022-02-08T07:50:20,1250.23
2220,0007,SANTANDER,JULIA,DEPOSITO,2022-01-08T16:34:19,2111.77
3320,0004,SANTANDER,CARLOS,TRANSFERENCIA,2022-02-21T15:31:11,4044.23
2220,0002,SANTANDER,MARIA,SAQUE,2022-01-14T06:21:25,1448.69
2220,0007,SANTANDER,CARLOS,TRANSFERENCIA,2022-02-17T18:26:01,939.76
1520,0002,SANTANDER,JOAO,TRANSFERENCIA,2022-01-03T03:34:07,930.50
1520,0004,SANTANDER,CARLOS,SAQUE,2022-02-12T13:35:05,3635.81
3320,0001,SANTANDER,FELIPE,SAQUE,2022-02-17T22:07:25,1086.72
2220,0004,SANTANDER,PAULA,DEPOSITO,2022-02-15T00:27:47,3484.98
1520,0004,SANTANDER,MARIA,SAQUE,2022-01-06T10:34:43,1333.25
2220,0001,SANTANDER,RAFAEL,DEPOSITO,2022-01-18T15:10:02,961.77
1044,0007,SANTANDER,JOAO,SAQUE,2022-01-25T04:07:27,1924.60
2220,0002,SANTANDER,JOAO,SAQUE,2022-02-14T17:49:21,3676.88
1520,0002,SANTANDER,PAULA,DEPOSITO,2022-01-31T07:16:03,4681.14
3320,0001,SANTANDER,RAFAEL,TRANSFERENCIA,2022-01-12T20:36:37,1267.31
1044,0002,SANTANDER,ANA,SAQUE,2022-01-22T03:29:00,4866.40
3320,0007,SANTANDER,ANA,SAQUE,2022-01-17T05:58:40,3972.16
9999,0001,SANTANDER,BRUNO,SAQUE,2022-01-01T20:48:29,4844.21
9999,0007,SANTANDER,BIA,SAQUE,2022-02-06T01:25:17,3854.21
3320,0002,SANTANDER,PAULA,SAQUE,2022-02-02T20:34:50,4654.31
1520,0001,SANTANDER,ANA,TRANSFERENCIA,2022-01-15T22:39:21,3506.94
1520,0002,SANTANDER,PAULA,SAQUE,2022-01-31T18:03:23,4908.40
1044,0007,SANTANDER,JULIA,SAQUE,2022-02-06T16:15:55,1791.48
3320,0004,SANTANDER,JOAO,DEPOSITO,2022-02-12T11:26:56,2795.56
9999,0007,SANTANDER,JULIA,TRANSFERENCIA,2022-01-19T02:52:18,2718.56
1044,0007,SANTANDER,CARLOS,TRANSFERENCIA,2022-02-23T20:07:33,802.56
9999,0002,SANTANDER,PAULA,DEPOSITO,2022-01-26T13:38:53,2708.49
2220,0001,SANTANDER,RAFAEL,DEPOSITO,2022-01-19T00:19:34,4414.78
9999,0004,SANTANDER,BIA,SAQUE,2022-02-01T03:16:17,3605.30
9999,0007,SANTANDER,JULIA,TRANSFERENCIA,2022-02-18T07:22:24,3828.90
3320,0004,SANTANDER,ANA,DEPOSITO,2022-02-01T06:22:13,553.21
9999,0001,SANTANDER,JOAO,SAQUE,2022-01-18T08:15:30,4367.59
3320,0001,SANTANDER,PAULA,SAQUE,2022-01-10T14:06:45,160.05
2220,0007,SANTANDER,RAFAEL,TRANSFERENCIA,2022-02-27T07:30:02,1280.44
1044,0002,SANTANDER,BIA,TRANSFERENCIA,2022-01-07T21:08:53,66.42
3320,0007,SANTANDER,MARIA,DEPOSITO,2022-01-06T21:26:30,1805.27
2220,0004,SANTANDER,JOAO,TRANSFERENCIA,2022-01-26T19:23:43,2645.58
1520,0004,SANTANDER,MARIA,SAQUE,2022-02-20T10:29:18,486.50
3320,0007,SANTANDER,JULIA,SAQUE,2022-02-21T02:06:58,3284.73
9999,0002,SANTANDER,RAFAEL,TRANSFERENCIA,2022-02-24T04:33:51,2076.51
1520,0004,SANTANDER,PAULA,TRANSFERENCIA,2022-02-11T11:09:24,4414.24
3320,0002,SANTANDER,RAFAEL,DEPOSITO,2022-02-19T00:01:09,1688.23
3320,0007,SANTANDER,ANA,DEPOSITO,2022-02-23T09:46:56,4957.32
1044,0004,SANTANDER,BRUNO,TRANSFERENCIA,2022-02-11T19:20:34,4130.95
1044,0002,SANTANDER,BIA,TRANSFERENCIA,2022-01-21T18:29:19,1875.94
9999,0004,SANTANDER,ANA,DEPOSITO,2022-02-13T10:45:00,4799.16
1520,0001,SANTANDER,CARLOS,TRANSFERENCIA,2022-01-02T13:59:14,2588.53
1044,0001,SANTANDER,CARLOS,SAQUE,2022-01-21T20:34:24,4278.75
1520,0004,SANTANDER,RAFAEL,TRANSFERENCIA,2022-02-24T00:19:36,2853.77
9999,0002,SANTANDER,MARIA,SAQUE,2022-02-14T16:44:21,1778.92
3320,0004,SANTANDER,ANA,TRANSFERENCIA,2022-01-25T06:12:31,1165.74
1044,0001,SANTANDER,BIA,DEPOSITO,2022-02-25T06:01:02,4589.49
1520,0004,SANTANDER,PAULA,SAQUE,2022-02-17T09:45:59,4128.70
9999,0001,SANTANDER,BIA,TRANSFERENCIA,2022-01-30T03:58:01,187.82
9999,0007,SANTANDER,MARIA,SAQUE,2022-02-02T11:11:03,1740.30
2220,0007,SANTANDER,MARIA,SAQUE,2022-02-28T11:27:52,4643.34
2220,0001,SANTANDER,CARLOS,TRANSFERENCIA,2022-01-04T23:57:41,1597.26
9999,0002,SANTANDER,ANA,TRANSFERENCIA,2022-01-22T10:29:40,766.83
2220,0007,SANTANDER,BIA,TRANSFERENCIA,2022-02-19T00:06:16,451.32
2220,0004,SANTANDER,BRUNO,SAQUE,2022-01-13T20:01:22,1681.50
2220,0001,SANTANDER,RAFAEL,DEPOSITO,2022-01-26T11:48:15,426.31
9999,0007,SANTANDER,FELIPE,SAQUE,2022-02-16T16:37:50,2796.92
2220,0007,SANTANDER,BIA,SAQUE,2022-02-24T11:36:55,3080.37
9999,0002,SANTANDER,JULIA,SAQUE,2022-01-26T20:25:26,3884.08
1044,0001,SANTANDER,MARIA,TRANSFERENCIA,2022-02-10T03:42:57,2118.28
1044,0002,SANTANDER,ANA,DEPOSITO,2022-02-27T15:50:02,3277.39
1044,0002,SANTANDER,ANA,TRANSFERENCIA,2022-02-12T22:25:27,3116.29
2220,0001,SANTANDER,JULIA,SAQUE,2022-02-06T07:03:56,780.80
1520,0001,SANTANDER,JOAO,SAQUE,2022-01-15T08:06:45,4343.89
1044,0001,SANTANDER,ANA,TRANSFERENCIA,2022-01-11T19:17:47,1526.29
2220,0001,SANTANDER,ANA,SAQUE,2022-02-22T05:38:36,1060.16
9999,0004,SANTANDER,RAFAEL,DEPOSITO,2022-01-14T17:21:48,3475.66
1520,0007,SANTANDER,BIA,TRANSFERENCIA,2022-02-21T03:31:51,218.37
3320,0001,SANTANDER,CARLOS,SAQUE,2022-01-27T08:07:53,266.37
1520,0001,SANTANDER,BRUNO,TRANSFERENCIA,2022-01-27T08:11:56,3315.25
1044,0001,SANTANDER,JOAO,DEPOSITO,2022-02-07T12:39:51,1156.61
2220,0001,SANTANDER,ANA,DEPOSITO,2022-02-27T23:21:31,2658.27
3320,0002,SANTANDER,RAFAEL,DEPOSITO,2022-02-24T10:29:47,4631.82
1520,0001,SANTANDER,JULIA,TRANSFERENCIA,2022-01-30T14:31:57,1668.51
2220,0002,SANTANDER,JOAO,DEPOSITO,2022-02-04T04:01:00,1777.54
1044,0002,SANTANDER,RAFAEL,DEPOSITO,2022-01-07T00:29:35,3129.34
2220,0001,SANTANDER,RAFAEL,DEPOSITO,2022-01-22T21:38:44,759.39
2220,0002,SANTANDER,MARIA,TRANSFERENCIA,2022-02-07T02:36:25,2604.07
9999,0002,SANTANDER,BRUNO,SAQUE,2022-02-25T14:57:01,764.59
1044,0004,SANTANDER,PAULA,TRANSFERENCIA,2022-01-13T19:03:04,1034.58
3320,0002,SANTANDER,FELIPE,DEPOSITO,2022-02-20T20:33:18,4547.90
2220,0002,SANTANDER,BIA,SAQUE,2022-01-31T19:49:11,340.00
9999,0001,SANTANDER,FELIPE,DEPOSITO,2022-01-15T03:05:33,3635.67
1044,0007,SANTANDER,BRUNO,DEPOSITO,2022-02-13T00:16:30,3728.30
1044,0002,SANTANDER,JULIA,SAQUE,2022-01-13T18:31:26,924.55
9999,0004,SANTANDER,BIA,TRANSFERENCIA,2022-01-23T10:03:44,2982.21
3320,0001,SANTANDER,ANA,SAQUE,2022-02-16T06:33:49,671.30
9999,0007,SANTANDER,ANA,SAQUE,2022-02-07T14:50:52,2457.74
3320,0002,SANTANDER,JULIA,SAQUE,2022-01-04T03:06:01,2043.54
1520,0004,SANTANDER,BRUNO,SAQUE,2022-01-20T16:38:11,3789.13
1520,0002,SANTANDER,PAULA,TRANSFERENCIA,2022-02-17T13:38:58,3439.63
2220,0002,SANTANDER,BRUNO,DEPOSITO,2022-01-05T01:27:44,3040.04
2220,0004,SANTANDER,BRUNO,TRANSFERENCIA,2022-02-25T12:42:13,2969.44
9999,0001,SANTANDER,RAFAEL,SAQUE,2022-02-13T20:19:35,2285.05
1520,0002,SANTANDER,RAFAEL,TRANSFERENCIA,2022-02-08T09:50:27,4919.17
1520,0007,SANTANDER,RAFAEL,TRANSFERENCIA,2022-01-05T18:52:00,950.06
2220,0007,SANTANDER,CARLOS,DEPOSITO,2022-02-14T19:01:00,833.27
1044,0001,SANTANDER,RAFAEL,SAQUE,2022-02-15T00:13:02,4149.64
2220,0001,SANTANDER,RAFAEL,SAQUE,2022-01-18T10:53:51,3893.88
9999,0002,SANTANDER,BRUNO,DEPOSITO,2022-02-01T09:43:06,2254.98
3320,0007,SANTANDER,BIA,TRANSFERENCIA,2022-01-20T14:32:08,4412.86
1520,0004,SANTANDER,ANA,TRANSFERENCIA,2022-01-16T22:08:01,3592.16
1520,0001,SANTANDER,MARIA,TRANSFERENCIA,2022-02-13T15:10:27,3170.73
1520,0007,SANTANDER,RAFAEL,TRANSFERENCIA,2022-01-16T12:35:35,1894.01
2220,0001,SANTANDER,FELIPE,DEPOSITO,2022-02-24T21:41:27,4356.66
3320,0002,SANTANDER,FELIPE,SAQUE,2022-01-05T23:33:43,2098.49
1044,0007,SANTANDER,CARLOS,TRANSFERENCIA,2022-01-18T13:03:08,588.65
3320,0002,SANTANDER,JOAO,TRANSFERENCIA,2022-01-25T13:47:28,62.03
2220,0007,SANTANDER,RAFAEL,SAQUE,2022-02-17T21:51:39,1190.15
9999,0007,SANTANDER,PAULA,DEPOSITO,2022-02-12T21:38:39,397.95
9999,0001,SANTANDER,JULIA,TRANSFERENCIA,2022-01-28T00:03:00,3099.21
9999,0002,SANTANDER,JOAO,SAQUE,2022-01-15T09:27:42,276.26
1044,0001,SANTANDER,FELIPE,SAQUE,2022-02-26T03:03:13,4190.23
1044,0004,SANTANDER,MARIA,SAQUE,2022-01-11T13:43:35,2085.37
3320,0002,SANTANDER,CARLOS,TRANSFERENCIA,2022-02-27T18:22:41,2861.84
9999,0002,SANTANDER,PAULA,TRANSFERENCIA,2022-02-26T05:05:21,1801.58
1520,0001,SANTANDER,CARLOS,DEPOSITO,2022-02-05T18:49:44,4487.75
1520,0007,SANTANDER,RAFAEL,SAQUE,2022-01-29T10:20:58,2354.61
1520,0004,SANTANDER,ANA,TRANSFERENCIA,2022-02-10T04:07:32,2623.71
3320,0001,SANTANDER,MARIA,TRANSFERENCIA,2022-02-21T08:32:05,4935.96
2220,0004,SANTANDER,BRUNO,TRANSFERENCIA,2022-01-31T17:28:18,1299.04
9999,0004,SANTANDER,FELIPE,TRANSFERENCIA,2022-02-24T15:01:58,2482.49
2220,0007,SANTANDER,FELIPE,TRANSFERENCIA,2022-01-23T14:16:50,3543.23
3320,0001,SANTANDER,MARIA,SAQUE,2022-02-15T03:15:43,3127.68
1520,0002,SANTANDER,BIA,DEPOSITO,2022-02-10T04:47:08,228.42
1044,0002,SANTANDER,JOAO,TRANSFERENCIA,2022-01-20T12:48:00,3450.40
1044,0001,SANTANDER,CARLOS,DEPOSITO,2022-02-19T04:40:20,2750.42
1520,0001,SANTANDER,ANA,DEPOSITO,2022-02-08T10:51:42,3622.26
9999,0001,SANTANDER,FELIPE,SAQUE,2022-02-02T02:09:19,4169.29
2220,0007,SANTANDER,JOAO,TRANSFERENCIA,2022-01-14T04:19:46,2408.00
2220,0004,SANTANDER,PAULA,DEPOSITO,2022-01-06T10:32:28,4175.69
1044,0004,SANTANDER,RAFAEL,TRANSFERENCIA,2022-01-02T19:37:01,1042.10
1044,0004,SANTANDER,MARIA,SAQUE,2022-01-28T05:31:09,4203.86
1044,0007,SANTANDER,RAFAEL,SAQUE,2022-02-25T10:29:01,3028.84
3320,0001,SANTANDER,CARLOS,TRANSFERENCIA,2022-01-31T12:50:12,3549.49
1044,0007,SANTANDER,MARIA,DEPOSITO,2022-01-24T01:44:47,1858.55
1044,0002,SANTANDER,RAFAEL,DEPOSITO,2022-01-17T23:48:33,562.04
1520,0002,SANTANDER,MARIA,DEPOSITO,2022-02-19T03:03:11,125.65
2220,0002,SANTANDER,JULIA,DEPOSITO,2022-02-16T22:34:16,3662.47
9999,0004,SANTANDER,ANA,SAQUE,2022-01-10T12:56:33,4110.87
9999,0002,SANTANDER,JULIA,TRANSFERENCIA,2022-01-04T13:10:24,2297.38
9999,0001,SANTANDER,JOAO,DEPOSITO,2022-01-05T06:35:50,3435.57
9999,0001,SANTANDER,ANA,DEPOSITO,2022-01-05T11:30:48,516.41
1044,0001,SANTANDER,BIA,DEPOSITO,2022-01-21T08:58:33,1605.08
3320,0004,SANTANDER,CARLOS,TRANSFERENCIA,2022-01-31T23:40:22,3864.16
1520,0004,SANTANDER,FELIPE,SAQUE,2022-01-27T13:37:12,573.19
9999,0001,SANTANDER,JULIA,TRANSFERENCIA,2022-02-04T00:18:01,2747.28
1044,0002,SANTANDER,CARLOS,TRANSFERENCIA,2022-01-24T18:29:01,857.20
1044,0004,SANTANDER,RAFAEL,DEPOSITO,2022-01-05T22:12:02,651.24
2220,0001,SANTANDER,MARIA,DEPOSITO,2022-01-06T05:21:46,431.51
2220,0002,SANTANDER,BIA,TRANSFERENCIA,2022-02-13T06:52:25,3081.96
1044,0004,SANTANDER,JULIA,TRANSFERENCIA,2022-02-21T19:06:35,393.65
2220,0002,SANTANDER,MARIA,TRANSFERENCIA,2022-02-15T11:09:43,487.22
1044,0007,SANTANDER,PAULA,SAQUE,2022-01-22T17:28:43,719.46
9999,0004,SANTANDER,ANA,DEPOSITO,2022-01-18T19:14:37,3498.37
1044,0004,SANTANDER,PAULA,DEPOSITO,2022-01-03T22:31:13,327.76
1520,0004,SANTANDER,PAULA,DEPOSITO,2022-01-17T13:59:47,1412.00
1044,0002,SANTANDER,RAFAEL,SAQUE,2022-02-09T09:19:00,4087.95
1520,0004,SANTANDER,RAFAEL,TRANSFERENCIA,2022-01-07T21:15:53,3962.36
9999,0007,SANTANDER,BRUNO,TRANSFERENCIA,2022-02-10T03:23:22,1193.64
3320,0002,SANTANDER,PAULA,DEPOSITO,2022-01-07T09:55:50,1704.23
9999,0007,SANTANDER,BRUNO,TRANSFERENCIA,2022-02-03T05:23:08,2723.09
3320,0002,SANTANDER,MARIA,TRANSFERENCIA,2022-02-25T17:57:20,4183.90
1520,0007,SANTANDER,ANA,TRANSFERENCIA,2022-01-10T11:33:00,4110.29
3320,0004,SANTANDER,BRUNO,SAQUE,2022-02-28T02:02:41,544.61
9999,0007,SANTANDER,ANA,DEPOSITO,2022-01-06T23:15:50,453.57
3320,0001,SANTANDER,FELIPE,TRANSFERENCIA,2022-01-15T11:41:58,2265.42
1044,0007,SANTANDER,BIA,TRANSFERENCIA,2022-02-13T09:57:28,979.14
1044,0004,SANTANDER,BIA,TRANSFERENCIA,2022-01-30T13:39:11,4592.59
2220,0004,SANTANDER,MARIA,TRANSFERENCIA,2022-01-01T18:55:09,3057.84
9999,0007,SANTANDER,FELIPE,DEPOSITO,2022-01-07T01:25:37,1846.75
9999,0001,SANTANDER,JOAO,TRANSFERENCIA,2022-02-24T08:57:54,4103.95
1044,0001,SANTANDER,CARLOS,SAQUE,2022-01-23T20:09:05,2159.15
9999,0007,SANTANDER,ANA,TRANSFERENCIA,2022-02-07T03:57:52,2030.76
2220,0002,SANTANDER,FELIPE,DEPOSITO,2022-01-14T12:03:14,941.95
2220,0004,SANTANDER,BRUNO,SAQUE,2022-01-29T00:11:09,4987.28
3320,0002,SANTANDER,JOAO,SAQUE,2022-01-02T12:36:06,720.84
2220,0007,SANTANDER,FELIPE,SAQUE,2022-01-14T07:44:47,3211.57
2220,0007,SANTANDER,BIA,DEPOSITO,2022-01-18T10:57:29,2272.52
2220,0007,SANTANDER,BRUNO,DEPOSITO,2022-01-22T22:00:52,929.77
9999,0001,SANTANDER,BIA,DEPOSITO,2022-01-23T23:40:02,3560.94
1044,0007,SANTANDER,RAFAEL,TRANSFERENCIA,2022-02-05T15:06:07,168.28
1520,0007,SANTANDER,ANA,SAQUE,2022-02-26T08:07:27,2408.18
1520,0002,SANTANDER,RAFAEL,DEPOSITO,2022-02-15T03:22:48,2585.23
9999,0001,SANTANDER,JULIA,DEPOSITO,2022-01-08T13:56:38,3420.69
9999,0004,SANTANDER,BIA,SAQUE,2022-02-03T08:31:14,2675.63
1520,0007,SANTANDER,PAULA,TRANSFERENCIA,2022-02-15T13:23:26,2870.25
1044,0007,SANTANDER,ANA,DEPOSITO,2022-01-29T01:54:16,838.37
9999,0004,SANTANDER,BIA,DEPOSITO,2022-01-06T23:06:49,3146.87
9999,0002,SANTANDER,BIA,SAQUE,2022-01-29T07:50:03,4044.67
9999,0001,SANTANDER,CARLOS,DEPOSITO,2022-01-09T00:15:45,634.98
1520,0004,SANTANDER,CARLOS,SAQUE,2022-01-28T06:42:43,1376.81
1044,0001,SANTANDER,MARIA,TRANSFERENCIA,2022-01-17T22:52:47,4550.75
3320,0007,SANTANDER,ANA,SAQUE,2022-01-26T08:45:45,3912.86
3320,0007,SANTANDER,FELIPE,TRANSFERENCIA,2022-01-04T05:06:23,1714.90
1520,0002,SANTANDER,BIA,SAQUE,2022-02-18T03:38:35,3764.05
2220,0007,SANTANDER,JULIA,TRANSFERENCIA,2022-02-12T17:42:19,3630.27
3320,0002,SANTANDER,BIA,TRANSFERENCIA,2022-02-03T12:05:04,272.57
1044,0001,SANTANDER,JOAO,SAQUE,2022-02-15T01:13:59,1994.33
1044,0007,SANTANDER,RAFAEL,SAQUE,2022-02-06T20:59:59,3417.87
2220,0007,SANTANDER,CARLOS,SAQUE,2022-02-21T12:01:11,4351.52
1520,0004,SANTANDER,PAULA,DEPOSITO,2022-01-31T15:36:28,4808.85
1520,0001,SANTANDER,RAFAEL,TRANSFERENCIA,2022-02-04T08:28:45,4780.96
2220,0004,SANTANDER,ANA,DEPOSITO,2022-01-26T22:21:34,4011.78
1044,0007,SANTANDER,PAULA,TRANSFERENCIA,2022-01-24T11:25:39,3671.83
9999,0002,SANTANDER,RAFAEL,DEPOSITO,2022-01-18T11:14:10,1567.04
1520,0001,SANTANDER,MARIA,SAQUE,2022-02-09T22:16:44,489.40
1520,0007,SANTANDER,ANA,SAQUE,2022-01-28T12:07:47,1260.23
1520,0001,SANTANDER,BIA,SAQUE,2022-01-06T12:32:40,4692.59
3320,0001,SANTANDER,MARIA,SAQUE,2022-02-28T17:01:12,650.41
9999,0002,SANTANDER,MARIA,TRANSFERENCIA,2022-01-18T21:21:50,1267.43
2220,0001,SANTANDER,PAULA,DEPOSITO,2022-02-11T10:56:36,3461.42
1044,0004,SANTANDER,FELIPE,SAQUE,2022-01-27T22:07:35,3885.75
2220,0007,SANTANDER,ANA,SAQUE,2022-01-26T01:44:22,4778.07
1044,0002,SANTANDER,PAULA,SAQUE,2022-02-17T17:47:41,4897.13
3320,0007,SANTANDER,FELIPE,TRANSFERENCIA,2022-02-17T18:34:35,543.04
9999,0007,SANTANDER,JULIA,TRANSFERENCIA,2022-01-11T07:34:47,4563.13
1044,0001,SANTANDER,JOAO,SAQUE,2022-01-07T20:04:21,2857.15
1044,0007,SANTANDER,JOAO,DEPOSITO,2022-01-15T10:51:20,3264.67
1520,0001,SANTANDER,BRUNO,DEPOSITO,2022-01-15T17:16:15,3500.58
2220,0001,SANTANDER,RAFAEL,TRANSFERENCIA,2022-02-17T15:21:57,2391.22
2220,0001,SANTANDER,RAFAEL,SAQUE,2022-01-01T07:42:24,1922.73
2220,0001,SANTANDER,BIA,TRANSFERENCIA,2022-02-04T20:20:25,1667.87
1044,0007,SANTANDER,JOAO,TRANSFERENCIA,2022-01-09T19:16:09,1827.41
1044,0001,SANTANDER,PAULA,DEPOSITO,2022-01-20T17:18:18,883.91
1520,0007,SANTANDER,JULIA,DEPOSITO,2022-02-07T21:00:35,4482.41
1044,0007,SANTANDER,MARIA,TRANSFERENCIA,2022-02-12T12:34:33,3676.89
3320,0001,SANTANDER,JULIA,SAQUE,2022-02-27T13:39:46,1193.19
2220,0001,SANTANDER,RAFAEL,TRANSFERENCIA,2022-01-30T21:03:53,2498.92
2220,0001,SANTANDER,JOAO,DEPOSITO,2022-01-06T10:36:58,1689.26
1520,0007,SANTANDER,MARIA,SAQUE,2022-02-20T18:57:25,2292.39
9999,0002,SANTANDER,BIA,SAQUE,2022-01-07T23:51:00,185.35
3320,0007,SANTANDER,JOAO,DEPOSITO,2022-01-05T10:43:32,1214.17
3320,0001,SANTANDER,FELIPE,TRANSFERENCIA,2022-01-05T20:24:38,4523.41
1520,0007,SANTANDER,BIA,SAQUE,2022-02-27T09:13:43,320.72
1520,0001,SANTANDER,PAULA,TRANSFERENCIA,2022-01-22T09:58:16,316.49
3320,0007,SANTANDER,ANA,TRANSFERENCIA,2022-02-09T00:44:52,1621.85
9999,0002,SANTANDER,ANA,SAQUE,2022-01-05T10:13:27,2965.83
1044,0001,SANTANDER,MARIA,DEPOSITO,2022-01-14T17:06:20,3787.99
3320,0004,SANTANDER,RAFAEL,SAQUE,2022-02-12T14:09:16,1218.98
9999,0001,SANTANDER,FELIPE,SAQUE,2022-02-06T12:26:55,3888.53
1520,0007,SANTANDER,MARIA,SAQUE,2022-01-01T16:49:59,897.88
1520,0004,SANTANDER,BRUNO,TRANSFERENCIA,2022-02-16T05:11:22,3462.10
3320,0002,SANTANDER,CARLOS,TRANSFERENCIA,2022-02-13T17:33:09,2060.74
3320,0001,SANTANDER,BIA,SAQUE,2022-02-18T12:49:21,3060.64
1520,0004,SANTANDER,ANA,DEPOSITO,2022-01-01T10:38:56,2788.99
3320,0001,SANTANDER,RAFAEL,SAQUE,2022-02-05T03:17:28,4313.79
9999,0002,SANTANDER,PAULA,TRANSFERENCIA,2022-01-21T04:55:42,1382.86
3320,0001,SANTANDER,FELIPE,TRANSFERENCIA,2022-02-16T01:27:43,2488.08
3320,0001,SANTANDER,JOAO,TRANSFERENCIA,2022-02-05T08:37:52,1426.04
2220,0004,SANTANDER,ANA,TRANSFERENCIA,2022-02-13T23:54:37,217.54
1520,0002,SANTANDER,FELIPE,SAQUE,2022-02-17T02:16:29,2575.00
1520,0002,SANTANDER,PAULA,TRANSFERENCIA,2022-02-26T06:56:34,1630.54
3320,0004,SANTANDER,JULIA,SAQUE,2022-02-01T15:56:35,1139.68
3320,0007,SANTANDER,JULIA,DEPOSITO,2022-01-22T10:10:53,368.58
9999,0007,SANTANDER,JOAO,DEPOSITO,2022-01-15T01:44:15,1081.61
9999,0007,SANTANDER,FELIPE,DEPOSITO,2022-02-06T06:16:59,682.89
3320,0004,SANTANDER,CARLOS,SAQUE,2022-02-02T14:41:00,636.93
9999,0001,SANTANDER,CARLOS,SAQUE,2022-01-11T18:54:12,4258.41
2220,0007,SANTANDER,FELIPE,DEPOSITO,2022-01-22T08:17:45,4432.16
9999,0002,SANTANDER,BIA,SAQUE,2022-02-26T03:07:14,4850.71
3320,0001,SANTANDER,BRUNO,TRANSFERENCIA,2022-02-17T11:56:59,4311.13
3320,0007,SANTANDER,PAULA,DEPOSITO,2022-01-02T09:47:47,3650.36
3320,0002,SANTANDER,ANA,DEPOSITO,2022-02-26T06:15:21,1112.81
9999,0002,SANTANDER,BIA,SAQUE,2022-02-10T13:28:44,4900.94
1520,0007,SANTANDER,RAFAEL,SAQUE,2022-02-11T07:56:50,2656.08
2220,0001,SANTANDER,PAULA,DEPOSITO,2022-01-24T08:25:56,416.37
1520,0007,SANTANDER,JULIA,SAQUE,2022-02-04T19:08:44,1479.66
1520,0001,SANTANDER,PAULA,TRANSFERENCIA,2022-01-30T14:19:14,809.85
2220,0001,SANTANDER,PAULA,DEPOSITO,2022-01-14T11:01:01,4371.12
2220,0002,SANTANDER,ANA,TRANSFERENCIA,2022-02-15T01:53:15,3519.81
1520,0001,SANTANDER,BRUNO,TRANSFERENCIA,2022-02-02T07:43:39,2655.07
1044,0007,SANTANDER,CARLOS,TRANSFERENCIA,2022-02-22T15:57:55,2876.57
3320,0001,SANTANDER,BIA,DEPOSITO,2022-01-06T07:43:13,2574.17
1044,0001,SANTANDER,MARIA,DEPOSITO,2022-02-05T11:53:18,2327.30
1520,0004,SANTANDER,ANA,SAQUE,2022-02-24T06:04:34,3524.66
9999,0002,SANTANDER,FELIPE,DEPOSITO,2022-01-24T04:03:16,2698.63
2220,0002,SANTANDER,JULIA,DEPOSITO,2022-02-04T05:52:39,4489.77
9999,0007,SANTANDER,CARLOS,SAQUE,2022-01-07T03:39:39,1864.70
2220,0007,SANTANDER,RAFAEL,TRANSFERENCIA,2022-01-12T21:56:01,2351.35
9999,0004,SANTANDER,PAULA,TRANSFERENCIA,2022-02-05T17:50:31,3999.72
1520,0002,SANTANDER,PAULA,SAQUE,2022-01-08T18:48:38,1954.02
3320,0004,SANTANDER,MARIA,SAQUE,2022-01-16T23:55:59,1380.44
3320,0007,SANTANDER,FELIPE,SAQUE,2022-02-20T13:17:24,4760.57
1520,0004,SANTANDER,BRUNO,TRANSFERENCIA,2022-02-22T13:38:05,4658.68
2220,0004,SANTANDER,BRUNO,DEPOSITO,2022-01-03T02:03:26,1458.29
1520,0001,SANTANDER,JULIA,TRANSFERENCIA,2022-02-02T14:39:03,2059.05
1044,0004,SANTANDER,PAULA,TRANSFERENCIA,2022-02-21T11:22:36,4209.70
2220,0007,SANTANDER,CARLOS,TRANSFERENCIA,2022-01-13T19:28:32,4491.51
1044,0002,SANTANDER,CARLOS,SAQUE,2022-02-17T00:22:05,1860.14
1044,0001,SANTANDER,FELIPE,DEPOSITO,2022-01-28T14:39:29,2280.18
3320,0002,SANTANDER,RAFAEL,DEPOSITO,2022-01-18T16:44:39,4866.06
3320,0002,SANTANDER,JULIA,SAQUE,2022-01-04T23:53:23,4968.87
9999,0002,SANTANDER,PAULA,DEPOSITO,2022-02-05T21:23:54,923.30
9999,0001,SANTANDER,ANA,DEPOSITO,2022-01-15T08:44:06,1865.20
9999,0002,SANTANDER,RAFAEL,DEPOSITO,2022-01-12T19:05:32,4602.25
2220,0007,SANTANDER,FELIPE,DEPOSITO,2022-02-01T02:09:42,781.11
9999,0004,SANTANDER,CARLOS,DEPOSITO,2022-01-29T03:20:46,4848.06
9999,0002,SANTANDER,BIA,TRANSFERENCIA,2022-02-12T22:10:50,1694.08
1520,0007,SANTANDER,JOAO,SAQUE,2022-02-23T11:49:47,585.26
1520,0007,SANTANDER,BIA,SAQUE,2022-02-13T07:11:30,1787.61
1044,0001,SANTANDER,BIA,TRANSFERENCIA,2022-01-19T22:43:54,2917.57
3320,0004,SANTANDER,JULIA,SAQUE,2022-01-09T02:46:39,2692.52
2220,0001,SANTANDER,RAFAEL,DEPOSITO,2022-01-19T21:06:05,2452.84
9999,0001,SANTANDER,ANA,DEPOSITO,2022-01-15T08:44:20,3580.10
2220,0004,SANTANDER,BRUNO,DEPOSITO,2022-01-02T04:24:23,1423.97
1044,0004,SANTANDER,PAULA,TRANSFERENCIA,2022-01-09T12:07:10,1079.26
2220,0007,SANTANDER,PAULA,DEPOSITO,2022-01-16T21:39:32,4028.56
2220,0007,SANTANDER,FELIPE,TRANSFERENCIA,2022-02-28T01:17:28,431.30
3320,0004,SANTANDER,PAULA,TRANSFERENCIA,2022-02-02T13:34:39,331.51
9999,0007,SANTANDER,MARIA,SAQUE,2022-02-09T18:06:44,3194.39
1044,0007,SANTANDER,FELIPE,TRANSFERENCIA,2022-02-14T20:49:03,3551.52
3320,0002,SANTANDER,FELIPE,DEPOSITO,2022-01-29T02:29:53,2769.78
1520,0004,SANTANDER,BIA,DEPOSITO,2022-02-17T23:20:15,2796.85
2220,0002,SANTANDER,JOAO,SAQUE,2022-01-15T22:54:06,1314.12
2220,0001,SANTANDER,CARLOS,DEPOSITO,2022-01-18T09:58:03,2459.94
3320,0001,SANTANDER,MARIA,DEPOSITO,2022-02-17T20:53:25,4971.67
1520,0004,SANTANDER,BIA,DEPOSITO,2022-02-24T21:53:03,2180.91
1044,0007,SANTANDER,MARIA,DEPOSITO,2022-02-19T18:16:18,3665.05
1520,0004,SANTANDER,FELIPE,TRANSFERENCIA,2022-01-06T16:20:20,731.54
2220,0002,SANTANDER,ANA,SAQUE,2022-01-06T03:14:19,1364.08
2220,0004,SANTANDER,JOAO,DEPOSITO,2022-01-29T07:37:35,2648.53
1520,0002,SANTANDER,FELIPE,SAQUE,2022-02-28T03:13:03,3763.39
9999,0004,SANTANDER,ANA,TRANSFERENCIA,2022-01-30T05:32:57,1358.02
1044,0001,SANTANDER,RAFAEL,TRANSFERENCIA,2022-02-04T03:21:20,4116.75
1520,0002,SANTANDER,RAFAEL,DEPOSITO,2022-02-06T05:11:09,3894.26
2220,0004,SANTANDER,FELIPE,SAQUE,2022-01-22T03:41:18,773.62
3320,0002,SANTANDER,RAFAEL,TRANSFERENCIA,2022-02-21T00:51:35,4230.50
9999,0001,SANTANDER,BRUNO,DEPOSITO,2022-01-08T10:01:32,583.71
3320,0001,SANTANDER,PAULA,DEPOSITO,2022-01-31T06:01:07,3455.56
3320,0007,SANTANDER,BIA,TRANSFERENCIA,2022-02-03T05:01:22,861.86
1044,0001,SANTANDER,MARIA,SAQUE,2022-01-13T11:55:35,4284.22
3320,0002,SANTANDER,CARLOS,SAQUE,2022-01-21T08:57:53,651.96
1520,0007,SANTANDER,MARIA,SAQUE,2022-01-02T19:49:19,3873.69
2220,0001,SANTANDER,JULIA,SAQUE,2022-01-04T04:24:45,3965.48
9999,0001,SANTANDER,PAULA,SAQUE,2022-01-25T13:33:42,217.36
1044,0001,SANTANDER,MARIA,SAQUE,2022-02-28T10:16:36,1027.80
3320,0002,SANTANDER,ANA,SAQUE,2022-01-09T19:31:52,728.64
1044,0004,SANTANDER,ANA,SAQUE,2022-02-18T14:33:45,3904.23
9999,0002,SANTANDER,RAFAEL,TRANSFERENCIA,2022-01-07T15:14:12,496.43
9999,0001,SANTANDER,RAFAEL,SAQUE,2022-01-19T14:20:17,4821.35
3320,0001,SANTANDER,MARIA,SAQUE,2022-02-18T22:51:36,4256.63
2220,0004,SANTANDER,BIA,SAQUE,2022-02-12T16:29:44,3367.95
1520,0002,SANTANDER,ANA,DEPOSITO,2022-02-11T04:12:20,1072.16
3320,0007,SANTANDER,MARIA,DEPOSITO,2022-01-13T00:02:41,2330.04
9999,0002,SANTANDER,PAULA,DEPOSITO,2022-01-28T23:43:14,2786.10
1520,0001,SANTANDER,ANA,DEPOSITO,2022-01-12T05:39:11,1924.52
2220,0004,SANTANDER,PAULA,SAQUE,2022-02-23T18:43:03,2037.00
2220,0002,SANTANDER,MARIA,DEPOSITO,2022-02-05T16:12:01,897.31
2220,0001,SANTANDER,BRUNO,DEPOSITO,2022-02-20T17:53:29,3293.08
1520,0001,SANTANDER,FELIPE,DEPOSITO,2022-02-08T21:31:20,3475.49
1520,0002,SANTANDER,MARIA,DEPOSITO,2022-01-20T07:54:17,1693.82
9999,0007,SANTANDER,MARIA,SAQUE,2022-02-11T05:37:57,3626.28
1044,0004,SANTANDER,BRUNO,DEPOSITO,2022-02-16T04:45:20,3333.72
2220,0007,SANTANDER,RAFAEL,DEPOSITO,2022-01-15T07:24:23,3840.23
1520,0001,SANTANDER,CARLOS,DEPOSITO,2022-02-18T06:43:54,1154.88
3320,0001,SANTANDER,MARIA,TRANSFERENCIA,2022-01-06T03:09:18,4151.73
2220,0001,SANTANDER,FELIPE,DEPOSITO,2022-02-28T16:46:57,3396.34
3320,0004,SANTANDER,BIA,TRANSFERENCIA,2022-01-10T08:28:25,3801.10
9999,0007,SANTANDER,PAULA,SAQUE,2022-01-29T12:03:04,3310.80
2220,0004,SANTANDER,RAFAEL,DEPOSITO,2022-02-22T11:31:25,2733.55
1520,0007,SANTANDER,MARIA,DEPOSITO,2022-02-13T16:50:42,1573.48
2220,0007,SANTANDER,PAULA,SAQUE,2022-01-04T04:34:07,885.17
1044,0002,SANTANDER,PAULA,DEPOSITO,2022-01-14T01:22:49,1562.99
2220,0007,SANTANDER,MARIA,TRANSFERENCIA,2022-02-17T15:04:22,3300.73
9999,0007,SANTANDER,PAULA,TRANSFERENCIA,2022-01-16T04:13:51,2533.92
2220,0004,SANTANDER,PAULA,TRANSFERENCIA,2022-02-06T16:19:56,3085.08
1044,0004,SANTANDER,ANA,SAQUE,2022-01-03T17:35:14,2952.73
3320,0004,SANTANDER,ANA,TRANSFERENCIA,2022-02-26T16:44:30,135.47
1044,0007,SANTANDER,MARIA,DEPOSITO,2022-02-03T12:14:29,4959.74
2220,0004,SANTANDER,JOAO,TRANSFERENCIA,2022-01-24T17:05:40,1238.82
1044,0001,SANTANDER,MARIA,DEPOSITO,2022-01-12T02:44:14,1688.63
1520,0004,SANTANDER,JOAO,DEPOSITO,2022-02-11T00:26:00,2840.68
2220,0004,SANTANDER,JOAO,TRANSFERENCIA,2022-02-15T14:28:48,2940.36
1044,0007,SANTANDER,BIA,DEPOSITO,2022-02-01T07:17:46,2863.12
2220,0001,SANTANDER,JULIA,DEPOSITO,2022-02-18T05:28:04,2514.34
1044,0002,SANTANDER,BIA,DEPOSITO,2022-02-05T06:37:49,4847.17
3320,0007,SANTANDER,MARIA,TRANSFERENCIA,2022-01-21T18:50:34,1437.49
1520,0004,SANTANDER,BIA,DEPOSITO,2022-01-22T22:21:08,3123.24
1520,0001,SANTANDER,BIA,DEPOSITO,2022-01-27T12:59:11,337.28
9999,0007,SANTANDER,BRUNO,SAQUE,2022-02-03T17:18:21,3978.46
1044,0004,SANTANDER,BRUNO,TRANSFERENCIA,2022-02-22T10:10:08,1567.45
2220,0007,SANTANDER,CARLOS,TRANSFERENCIA,2022-02-20T00:53:50,2266.69
9999,0002,SANTANDER,JOAO,TRANSFERENCIA,2022-02-20T02:53:21,4313.69
9999,0007,SANTANDER,JULIA,TRANSFERENCIA,2022-02-15T08:52:37,1340.41
9999,0007,SANTANDER,BIA,TRANSFERENCIA,2022-01-06T19:32:03,2611.83
1044,0007,SANTANDER,FELIPE,SAQUE,2022-01-15T14:37:36,3732.42
1044,0007,SANTANDER,BRUNO,DEPOSITO,2022-01-07T06:07:37,3170.00
2220,0004,SANTANDER,CARLOS,TRANSFERENCIA,2022-01-16T14:11:18,1282.98
9999,0002,SANTANDER,BRUNO,SAQUE,2022-01-12T00:36:38,750.66
1520,0002,SANTANDER,CARLOS,DEPOSITO,2022-02-17T03:01:22,2799.57
2220,0007,SANTANDER,JOAO,SAQUE,2022-01-16T11:19:55,1364.29
1520,0004,SANTANDER,CARLOS,TRANSFERENCIA,2022-02-23T11:14:17,880.75
1520,0007,SANTANDER,JOAO,SAQUE,2022-01-09T03:34:12,1570.21
1044,0001,SANTANDER,BRUNO,DEPOSITO,2022-01-09T18:25:44,1985.08
3320,0002,SANTANDER,MARIA,TRANSFERENCIA,2022-02-18T13:39:48,4664.74
9999,0004,SANTANDER,PAULA,SAQUE,2022-01-24T02:45:33,2999.51
1044,0004,SANTANDER,BIA,TRANSFERENCIA,2022-02-07T20:39:03,4029.40
3320,0007,SANTANDER,JULIA,SAQUE,2022-01-11T08:53:40,876.60
1044,0007,SANTANDER,BRUNO,DEPOSITO,2022-02-27T05:35:24,280.57
9999,0004,SANTANDER,MARIA,DEPOSITO,2022-02-22T23:40:41,2119.48
3320,0004,SANTANDER,FELIPE,DEPOSITO,2022-02-16T03:20:49,3578.64
1044,0001,SANTANDER,BIA,SAQUE,2022-01-06T07:23:44,3453.72
3320,0004,SANTANDER,RAFAEL,DEPOSITO,2022-01-31T00:38:52,3195.11
1044,0001,SANTANDER,RAFAEL,SAQUE,2022-02-12T22:52:23,1942.97
2220,0004,SANTANDER,CARLOS,SAQUE,2022-01-23T20:39:45,1487.82
3320,0007,SANTANDER,ANA,TRANSFERENCIA,2022-02-09T10:43:17,3946.80
1044,0001,SANTANDER,PAULA,DEPOSITO,2022-02-10T02:16:10,4632.56
1044,0007,SANTANDER,MARIA,SAQUE,2022-01-26T08:06:15,2532.17
1044,0007,SANTANDER,BIA,TRANSFERENCIA,2022-02-23T04:17:53,3689.19
2220,0001,SANTANDER,JOAO,TRANSFERENCIA,2022-01-18T20:08:39,3151.15
3320,0001,SANTANDER,BRUNO,SAQUE,2022-01-30T15:58:38,1569.30
1520,0001,SANTANDER,FELIPE,SAQUE,2022-02-20T03:13:11,3568.11
3320,0007,SANTANDER,ANA,DEPOSITO,2022-02-16T10:40:20,4367.66
3320,0004,SANTANDER,FELIPE,TRANSFERENCIA,2022-02-27T13:50:15,4134.02
1044,0002,SANTANDER,MARIA,DEPOSITO,2022-02-05T16:34:08,910.26
2220,0002,SANTANDER,JOAO,SAQUE,2022-02-24T05:28:09,3235.89
3320,0001,SANTANDER,PAULA,SAQUE,2022-01-26T09:59:56,3506.60
3320,0001,SANTANDER,BRUNO,TRANSFERENCIA,2022-02-11T15:25:02,3002.36
3320,0001,SANTANDER,ANA,SAQUE,2022-02-25T01:46:18,587.64
9999,0007,SANTANDER,PAULA,TRANSFERENCIA,2022-02-17T23:27:02,593.44
3320,0002,SANTANDER,CARLOS,DEPOSITO,2022-02-17T23:29:42,1910.99
2220,0002,SANTANDER,BIA,SAQUE,2022-01-28T11:21:41,3633.81
3320,0007,SANTANDER,FELIPE,DEPOSITO,2022-01-15T04:04:17,144.84
1044,0002,SANTANDER,BIA,DEPOSITO,2022-01-25T02:37:22,1848.82
2220,0001,SANTANDER,JOAO,DEPOSITO,2022-01-13T22:23:23,4357.35
2220,0002,SANTANDER,BRUNO,TRANSFERENCIA,2022-02-11T02:20:21,3680.78
1044,0001,SANTANDER,MARIA,TRANSFERENCIA,2022-01-06T16:54:10,261.51
3320,0007,SANTANDER,ANA,TRANSFERENCIA,2022-02-28T01:58:54,3548.12
1520,0001,SANTANDER,CARLOS,TRANSFERENCIA,2022-02-06T23:38:56,1513.23
2220,0004,SANTANDER,FELIPE,TRANSFERENCIA,2022-01-04T23:49:41,2902.85
1044,0002,SANTANDER,RAFAEL,DEPOSITO,2022-02-02T22:20:20,4389.61
3320,0001,SANTANDER,ANA,TRANSFERENCIA,2022-02-21T11:58:37,2165.22
1044,0001,SANTANDER,ANA,SAQUE,2022-01-13T09:57:43,2496.55
1044,0004,SANTANDER,BRUNO,DEPOSITO,2022-01-26T13:20:19,3065.04
1044,0004,SANTANDER,BRUNO,SAQUE,2022-01-31T15:16:05,3684.61
2220,0002,SANTANDER,RAFAEL,TRANSFERENCIA,2022-02-12T17:15:00,267.06
3320,0001,SANTANDER,JULIA,SAQUE,2022-01-04T11:33:54,2351.77
3320,0007,SANTANDER,BRUNO,SAQUE,2022-02-18T01:13:32,204.92
1044,0007,SANTANDER,PAULA,DEPOSITO,2022-01-11T22:07:21,4229.35
3320,0001,SANTANDER,ANA,SAQUE,2022-01-20T18:44:02,4341.00
3320,0002,SANTANDER,RAFAEL,DEPOSITO,2022-02-24T16:27:41,4454.58
9999,0002,SANTANDER,BIA,SAQUE,2022-02-21T01:42:17,3834.47
3320,0007,SANTANDER,MARIA,SAQUE,2022-02-18T08:40:56,3384.87
1044,0001,SANTANDER,CARLOS,TRANSFERENCIA,2022-01-12T20:15:34,1971.45
9999,0001,SANTANDER,ANA,SAQUE,2022-01-03T19:16:56,406.24
2220,0007,SANTANDER,CARLOS,TRANSFERENCIA,2022-01-01T13:31:38,1647.81
1520,0007,SANTANDER,ANA,TRANSFERENCIA,2022-02-25T06:14:07,647.47
1520,0004,SANTANDER,ANA,SAQUE,2022-01-07T20:47:56,2736.23
9999,0007,SANTANDER,MARIA,DEPOSITO,2022-01-25T18:34:29,890.88
2220,0001,SANTANDER,JOAO,SAQUE,2022-01-16T19:40:45,1943.13
2220,0004,SANTANDER,FELIPE,SAQUE,2022-01-29T23:39:50,2454.73
2220,0004,SANTANDER,BIA,SAQUE,2022-02-04T20:38:01,3327.94
1044,0002,SANTANDER,PAULA,DEPOSITO,2022-02-07T16:18:50,2382.72
9999,0007,SANTANDER,MARIA,DEPOSITO,2022-02-05T18:03:07,3069.73
2220,0007,SANTANDER,MARIA,SAQUE,2022-02-19T20:10:20,1709.38
2220,0002,SANTANDER,FELIPE,DEPOSITO,2022-02-21T04:38:54,3148.17
9999,0001,SANTANDER,CARLOS,DEPOSITO,2022-02-12T11:06:44,396.84
2220,0004,SANTANDER,FELIPE,SAQUE,2022-01-30T04:00:10,4207.85
9999,0007,SANTANDER,CARLOS,TRANSFERENCIA,2022-01-05T15:12:53,2755.42
1520,0001,SANTANDER,RAFAEL,DEPOSITO,2022-02-10T02:24:17,473.33
9999,0004,SANTANDER,ANA,DEPOSITO,2022-02-26T20:28:19,409.77
9999,0001,SANTANDER,MARIA,TRANSFERENCIA,2022-02-14T22:35:10,898.58
3320,0007,SANTANDER,JOAO,SAQUE,2022-02-10T09:56:11,4383.90
1044,0004,SANTANDER,BIA,TRANSFERENCIA,2022-02-14T04:13:21,3787.01
2220,0004,SANTANDER,ANA,SAQUE,2022-01-21T11:49:29,926.25
9999,0004,SANTANDER,MARIA,DEPOSITO,2022-02-21T21:11:10,90.56
2220,0001,SANTANDER,JOAO,SAQUE,2022-02-16T07:46:11,2301.35
2220,0007,SANTANDER,CARLOS,TRANSFERENCIA,2022-02-05T00:33:32,3453.62
2220,0004,SANTANDER,MARIA,SAQUE,2022-01-14T02:50:17,70.37
1520,0001,SANTANDER,JULIA,SAQUE,2022-01-21T07:32:24,2406.10
3320,0002,SANTANDER,BRUNO,TRANSFERENCIA,2022-02-22T06:59:17,955.38
1044,0007,SANTANDER,FELIPE,DEPOSITO,2022-02-10T23:02:59,110.06
3320,0002,SANTANDER,PAULA,DEPOSITO,2022-02-15T18:38:58,99.12
2220,0002,SANTANDER,JULIA,DEPOSITO,2022-02-25T06:52:08,4147.42
2220,0001,SANTANDER,ANA,SAQUE,2022-01-10T23:13:24,3152.42
2220,0007,SANTANDER,PAULA,TRANSFERENCIA,2022-02-26T04:22:42,2979.60
9999,0004,SANTANDER,JOAO,DEPOSITO,2022-02-08T19:19:21,2431.02
9999,0007,SANTANDER,JULIA,TRANSFERENCIA,2022-01-06T21:27:07,2642.02
2220,0004,SANTANDER,RAFAEL,SAQUE,2022-01-27T00:07:59,4464.49
2220,0007,SANTANDER,MARIA,DEPOSITO,2022-02-03T16:01:08,2242.18
2220,0001,SANTANDER,FELIPE,DEPOSITO,2022-01-19T15:51:41,2346.73
2220,0002,SANTANDER,RAFAEL,SAQUE,2022-02-27T01:20:38,4545.44
1044,0007,SANTANDER,FELIPE,DEPOSITO,2022-02-07T21:37:51,4799.06
1044,0007,SANTANDER,FELIPE,TRANSFERENCIA,2022-01-21T02:49:51,1413.00
1520,0007,SANTANDER,FELIPE,SAQUE,2022-01-20T08:49:54,782.41
2220,0001,SANTANDER,BRUNO,DEPOSITO,2022-01-30T11:33:36,1174.36
9999,0001,SANTANDER,JOAO,DEPOSITO,2022-01-26T07:43:36,1785.86
3320,0002,SANTANDER,RAFAEL,SAQUE,2022-01-07T04:21:05,1689.34
1520,0002,SANTANDER,MARIA,TRANSFERENCIA,2022-01-22T18:10:50,2432.34
1044,0004,SANTANDER,JOAO,TRANSFERENCIA,2022-01-26T23:17:59,4481.69
9999,0001,SANTANDER,JOAO,DEPOSITO,2022-02-14T09:12:11,4813.27
1520,0001,SANTANDER,BIA,TRANSFERENCIA,2022-01-10T21:22:11,4118.23
1520,0001,SANTANDER,FELIPE,TRANSFERENCIA,2022-01-12T11:05:53,4354.48
1044,0002,SANTANDER,CARLOS,TRANSFERENCIA,2022-02-12T20:48:40,3810.06
2220,0001,SANTANDER,FELIPE,TRANSFERENCIA,2022-02-05T07:34:06,1673.70
3320,0001,SANTANDER,JULIA,DEPOSITO,2022-02-10T08:46:02,3846.33
1520,0002,SANTANDER,PAULA,DEPOSITO,2022-01-28T20:11:42,2525.61
1520,0004,SANTANDER,ANA,TRANSFERENCIA,2022-02-10T07:02:24,1803.86
3320,0002,SANTANDER,RAFAEL,DEPOSITO,2022-01-23T03:42:09,690.83
2220,0007,SANTANDER,BRUNO,DEPOSITO,2022-02-20T02:43:44,3973.24
1044,0001,SANTANDER,PAULA,SAQUE,2022-01-01T23:10:55,3588.41
9999,0001,SANTANDER,MARIA,DEPOSITO,2022-01-31T13:32:52,2008.85
3320,0007,SANTANDER,JOAO,DEPOSITO,2022-01-04T14:26:04,3301.22
3320,0001,SANTANDER,RAFAEL,DEPOSITO,2022-02-10T17:03:07,2010.61
9999,0004,SANTANDER,ANA,DEPOSITO,2022-01-01T18:24:48,4135.19
9999,0002,SANTANDER,BRUNO,DEPOSITO,2022-01-20T21:59:45,4438.01
9999,0007,SANTANDER,ANA,TRANSFERENCIA,2022-02-09T06:33:59,3877.23
1044,0001,SANTANDER,JOAO,TRANSFERENCIA,2022-02-02T11:25:30,1950.58
3320,0004,SANTANDER,JULIA,SAQUE,2022-02-19T16:16:52,2759.38
9999,0004,SANTANDER,FELIPE,SAQUE,2022-01-03T16:59:28,4451.71
9999,0004,SANTANDER,JULIA,DEPOSITO,2022-02-11T01:04:09,4934.79
1520,0001,SANTANDER,ANA,DEPOSITO,2022-02-19T06:33:33,1773.01
1520,0001,SANTANDER,PAULA,DEPOSITO,2022-02-25T13:52:15,3684.56
2220,0004,SANTANDER,JULIA,TRANSFERENCIA,2022-02-26T11:12:42,2828.42
9999,0002,SANTANDER,ANA,DEPOSITO,2022-01-28T15:00:56,3334.94
9999,0002,SANTANDER,BRUNO,TRANSFERENCIA,2022-01-25T01:01:38,527.03
9999,0002,SANTANDER,ANA,DEPOSITO,2022-01-10T12:19:41,733.62
2220,0007,SANTANDER,MARIA,SAQUE,2022-01-07T00:55:18,2125.01
3320,0007,SANTANDER,JULIA,DEPOSITO,2022-01-08T13:55:21,1847.10
9999,0007,SANTANDER,BIA,TRANSFERENCIA,2022-02-20T09:13:46,3894.34
1044,0007,SANTANDER,BRUNO,DEPOSITO,2022-02-17T12:42:48,3658.85
2220,0002,SANTANDER,FELIPE,TRANSFERENCIA,2022-01-13T08:13:13,2424.34
2220,0002,SANTANDER,RAFAEL,TRANSFERENCIA,2022-01-12T11:05:43,3472.66
2220,0007,SANTANDER,JOAO,TRANSFERENCIA,2022-01-16T05:27:46,4720.40
1044,0001,SANTANDER,BIA,DEPOSITO,2022-01-11T17:06:06,605.21
9999,0004,SANTANDER,JOAO,TRANSFERENCIA,2022-01-15T21:13:31,589.59
1044,0004,SANTANDER,CARLOS,DEPOSITO,2022-02-17T04:17:18,140.86
3320,0002,SANTANDER,BIA,DEPOSITO,2022-01-05T17:21:54,4684.17
1044,0004,SANTANDER,JULIA,SAQUE,2022-02-17T10:58:18,11.43
9999,0004,SANTANDER,MARIA,SAQUE,2022-02-10T13:01:14,2406.40
1044,0007,SANTANDER,ANA,DEPOSITO,2022-02-16T03:21:37,4172.47
9999,0002,SANTANDER,FELIPE,TRANSFERENCIA,2022-02-14T18:03:32,3808.63
2220,0002,SANTANDER,ANA,SAQUE,2022-02-09T18:30:11,1936.79
2220,0004,SANTANDER,RAFAEL,SAQUE,2022-02-13T00:29:20,3679.83
1520,0002,SANTANDER,JOAO,TRANSFERENCIA,2022-01-30T23:40:05,2805.66
1520,0001,SANTANDER,JULIA,TRANSFERENCIA,2022-02-22T14:33:55,2884.70
1520,0002,SANTANDER,PAULA,TRANSFERENCIA,2022-01-02T19:29:25,602.30
9999,0002,SANTANDER,JOAO,DEPOSITO,2022-01-20T23:33:37,1227.19
9999,0007,SANTANDER,MARIA,TRANSFERENCIA,2022-02-28T22:04:27,1602.84
9999,0001,SANTANDER,PAULA,SAQUE,2022-02-03T00:09:22,2185.65
2220,0001,SANTANDER,RAFAEL,DEPOSITO,2022-02-07T02:09:00,1286.63
1520,0001,SANTANDER,RAFAEL,SAQUE,2022-01-28T16:55:03,721.03
1044,0001,SANTANDER,FELIPE,DEPOSITO,2022-02-09T13:01:22,3393.36
1520,0004,SANTANDER,FELIPE,SAQUE,2022-01-06T16:19:08,1490.82
1520,0004,SANTANDER,FELIPE,DEPOSITO,2022-02-01T11:28:55,1290.41
1520,0001,SANTANDER,JULIA,SAQUE,2022-02-27T23:07:17,2930.56
2220,0007,SANTANDER,MARIA,DEPOSITO,2022-01-06T21:16:57,1592.36
9999,0007,SANTANDER,MARIA,DEPOSITO,2022-01-03T19:21:24,2038.06
3320,0001,SANTANDER,CARLOS,TRANSFERENCIA,2022-02-26T21:52:52,3375.81
3320,0002,SANTANDER,CARLOS,TRANSFERENCIA,2022-02-09T11:47:12,2230.47
9999,0002,SANTANDER,FELIPE,DEPOSITO,2022-02-22T11:18:57,4926.56
3320,0007,SANTANDER,RAFAEL,DEPOSITO,2022-01-05T01:22:57,6.00
2220,0004,SANTANDER,FELIPE,SAQUE,2022-01-06T20:13:04,4667.60
2220,0004,SANTANDER,BIA,DEPOSITO,2022-02-06T21:49:18,4996.21
3320,0004,SANTANDER,JOAO,SAQUE,2022-02-21T20:31:05,2815.84
1044,0001,SANTANDER,BRUNO,TRANSFERENCIA,2022-01-12T22:33:25,4152.66
9999,0004,SANTANDER,BRUNO,SAQUE,2022-02-19T00:18:59,4787.13
1044,0004,SANTANDER,CARLOS,TRANSFERENCIA,2022-02-13T22:54:34,1365.79
1044,0004,SANTANDER,JULIA,DEPOSITO,2022-02-28T04:58:05,1642.96
3320,0001,SANTANDER,BIA,DEPOSITO,2022-01-01T09:58:16,4507.32
3320,0007,SANTANDER,RAFAEL,TRANSFERENCIA,2022-02-17T11:23:53,3812.56
9999,0001,SANTANDER,MARIA,TRANSFERENCIA,2022-01-04T00:06:46,4462.97
2220,0001,SANTANDER,ANA,DEPOSITO,2022-02-28T09:09:21,1790.47
3320,0001,SANTANDER,MARIA,DEPOSITO,2022-02-05T23:16:56,4681.30
2220,0001,SANTANDER,JULIA,TRANSFERENCIA,2022-01-02T22:05:40,3792.35
1044,0002,SANTANDER,MARIA,TRANSFERENCIA,2022-01-30T10:27:25,4042.26
3320,0002,SANTANDER,PAULA,DEPOSITO,2022-01-04T13:44:27,1404.50
9999,0002,SANTANDER,JOAO,SAQUE,2022-02-08T10:56:51,555.62
1044,0007,SANTANDER,FELIPE,TRANSFERENCIA,2022-01-19T19:31:02,3299.53
9999,0002,SANTANDER,MARIA,TRANSFERENCIA,2022-01-13T10:50:08,3730.12
3320,0004,SANTANDER,BIA,SAQUE,2022-02-20T18:51:52,3644.77
1044,0002,SANTANDER,JOAO,TRANSFERENCIA,2022-02-21T17:50:37,3072.67
9999,0007,SANTANDER,JOAO,DEPOSITO,2022-01-06T00:50:56,4269.45
1044,0007,SANTANDER,BRUNO,DEPOSITO,2022-01-12T19:37:22,3401.19
2220,0007,SANTANDER,ANA,TRANSFERENCIA,2022-01-05T05:16:48,4419.13
3320,0001,SANTANDER,CARLOS,DEPOSITO,2022-02-21T16:36:21,2244.86
1520,0007,SANTANDER,JULIA,DEPOSITO,2022-01-08T22:37:42,4400.61
1520,0002,SANTANDER,BRUNO,SAQUE,2022-01-25T06:30:19,985.19
1044,0004,SANTANDER,MARIA,TRANSFERENCIA,2022-01-10T09:23:17,140.34
2220,0001,SANTANDER,BIA,TRANSFERENCIA,2022-02-02T10:58:52,4202.70
3320,0001,SANTANDER,PAULA,SAQUE,2022-02-03T02:07:34,4162.76
1044,0002,SANTANDER,MARIA,TRANSFERENCIA,2022-02-12T13:50:51,3820.73
2220,0001,SANTANDER,MARIA,SAQUE,2022-01-04T05:41:47,1887.60
1520,0002,SANTANDER,JOAO,DEPOSITO,2022-01-06T07:40:02,1508.05
2220,0001,SANTANDER,MARIA,TRANSFERENCIA,2022-01-06T10:00:00,2796.73
1044,0007,SANTANDER,BRUNO,SAQUE,2022-02-09T21:57:03,1166.33
9999,0001,SANTANDER,PAULA,DEPOSITO,2022-02-15T01:41:08,3976.03
9999,0001,SANTANDER,ANA,TRANSFERENCIA,2022-01-03T12:31:09,2270.93
1044,0002,SANTANDER,MARIA,SAQUE,2022-01-02T04:38:04,2976.28
1520,0002,SANTANDER,BIA,SAQUE,2022-02-19T09:49:05,1282.17
2220,0007,SANTANDER,BIA,DEPOSITO,2022-01-19T01:13:58,1216.52
1520,0001,SANTANDER,FELIPE,DEPOSITO,2022-02-26T18:02:08,2179.80
1044,0004,SANTANDER,BIA,TRANSFERENCIA,2022-01-15T03:19:48,737.90
1044,0004,SANTANDER,CARLOS,DEPOSITO,2022-01-01T18:49:55,2588.89
3320,0001,SANTANDER,JULIA,TRANSFERENCIA,2022-02-24T07:36:46,4293.65
2220,0004,SANTANDER,JULIA,SAQUE,2022-01-20T12:58:21,3926.53
1044,0002,SANTANDER,PAULA,TRANSFERENCIA,2022-02-15T09:07:35,2999.21
1044,0004,SANTANDER,BIA,DEPOSITO,2022-02-10T15:37:50,1643.77
1520,0007,SANTANDER,JOAO,DEPOSITO,2022-01-22T07:15:09,4599.85
3320,0002,SANTANDER,PAULA,TRANSFERENCIA,2022-01-21T16:38:55,1195.86
1044,0007,SANTANDER,JULIA,DEPOSITO,2022-01-18T21:19:14,4130.60
1520,0004,SANTANDER,JOAO,SAQUE,2022-02-04T17:56:10,151.06
1520,0002,SANTANDER,CARLOS,DEPOSITO,2022-01-19T20:59:34,3157.04
1044,0001,SANTANDER,JOAO,SAQUE,2022-01-20T04:57:56,1421.22
3320,0004,SANTANDER,FELIPE,DEPOSITO,2022-02-23T20:05:24,1230.58
3320,0001,SANTANDER,FELIPE,DEPOSITO,2022-01-10T19:47:25,105.95
3320,0007,SANTANDER,MARIA,DEPOSITO,2022-01-21T09:53:18,1526.06
3320,0004,SANTANDER,ANA,TRANSFERENCIA,2022-01-17T15:17:50,4705.87
9999,0007,SANTANDER,MARIA,SAQUE,2022-01-15T00:33:05,4413.73
3320,0002,SANTANDER,JULIA,TRANSFERENCIA,2022-02-06T17:15:34,3472.08
1044,0007,SANTANDER,JULIA,SAQUE,2022-02-27T00:34:06,946.32
9999,0004,SANTANDER,FELIPE,DEPOSITO,2022-01-24T23:57:06,267.24
1044,0002,SANTANDER,RAFAEL,TRANSFERENCIA,2022-02-17T11:25:50,1046.98
1520,0007,SANTANDER,BIA,SAQUE,2022-01-17T06:08:54,2543.56
9999,0004,SANTANDER,PAULA,TRANSFERENCIA,2022-02-15T01:49:16,895.81
1044,0007,SANTANDER,PAULA,DEPOSITO,2022-01-27T01:16:00,2906.35
9999,0001,SANTANDER,JULIA,SAQUE,2022-01-20T17:01:31,2260.95
3320,0007,SANTANDER,JULIA,DEPOSITO,2022-02-11T06:22:30,4443.66
9999,0002,SANTANDER,ANA,DEPOSITO,2022-02-23T10:52:44,424.71
1520,0004,SANTANDER,PAULA,TRANSFERENCIA,2022-02-04T03:13:44,1151.66
1520,0007,SANTANDER,RAFAEL,TRANSFERENCIA,2022-02-02T15:48:29,2131.09
2220,0007,SANTANDER,BRUNO,DEPOSITO,2022-02-18T07:21:33,1585.79
2220,0001,SANTANDER,FELIPE,DEPOSITO,2022-01-23T16:46:16,1328.86
1520,0004,SANTANDER,MARIA,DEPOSITO,2022-02-18T17:11:49,2564.44
1520,0004,SANTANDER,JULIA,SAQUE,2022-01-12T12:19:47,357.67
1520,0002,SANTANDER,ANA,SAQUE,2022-02-01T23:11:16,1250.87
1044,0002,SANTANDER,BIA,SAQUE,2022-02-22T17:34:28,4562.00
1520,0004,SANTANDER,CARLOS,DEPOSITO,2022-02-09T04:56:53,4729.13
9999,0001,SANTANDER,PAULA,TRANSFERENCIA,2022-02-19T18:33:14,4946.38
3320,0007,SANTANDER,JULIA,SAQUE,2022-01-21T09:02:39,2372.72
9999,0007,SANTANDER,PAULA,DEPOSITO,2022-01-09T08:06:18,1566.06
3320,0007,SANTANDER,BRUNO,SAQUE,2022-02-12T14:12:01,2250.41
9999,0001,SANTANDER,ANA,SAQUE,2022-02-26T01:41:31,4368.88
1044,0001,SANTANDER,PAULA,TRANSFERENCIA,2022-02-04T10:25:24,1699.77
2220,0007,SANTANDER,BRUNO,TRANSFERENCIA,2022-02-22T04:42:29,1498.89
9999,0001,SANTANDER,BIA,SAQUE,2022-01-14T12:12:26,769.30
1044,0007,SANTANDER,BRUNO,SAQUE,2022-02-07T22:14:53,319.48
2220,0002,SANTANDER,PAULA,SAQUE,2022-02-01T22:15:21,2848.01
2220,0004,SANTANDER,MARIA,SAQUE,2022-01-11T03:04:02,3374.75
3320,0001,SANTANDER,BIA,DEPOSITO,2022-01-03T14:32:17,934.27
1520,0007,SANTANDER,CARLOS,SAQUE,2022-01-23T15:01:16,1456.24
9999,0001,SANTANDER,PAULA,SAQUE,2022-02-05T19:01:19,2593.14
3320,0004,SANTANDER,BRUNO,DEPOSITO,2022-01-16T05:55:08,4947.99
3320,0007,SANTANDER,PAULA,TRANSFERENCIA,2022-01-07T16:13:45,1945.58
3320,0002,SANTANDER,JULIA,DEPOSITO,2022-02-11T23:06:02,4089.66
2220,0002,SANTANDER,BIA,TRANSFERENCIA,2022-01-31T03:05:00,2937.87
9999,0007,SANTANDER,CARLOS,SAQUE,2022-01-01T17:20:38,4955.43
2220,0001,SANTANDER,BRUNO,TRANSFERENCIA,2022-01-24T23:10:45,2629.76
9999,0007,SANTANDER,PAULA,DEPOSITO,2022-02-25T22:29:11,196.38
1520,0004,SANTANDER,PAULA,DEPOSITO,2022-01-29T21:06:20,1956.06
3320,0007,SANTANDER,JULIA,SAQUE,2022-02-11T22:48:41,2289.68
3320,0001,SANTANDER,BRUNO,TRANSFERENCIA,2022-01-05T05:44:44,1199.24
3320,0004,SANTANDER,RAFAEL,DEPOSITO,2022-01-07T11:31:28,3490.52
3320,0007,SANTANDER,BRUNO,TRANSFERENCIA,2022-01-12T18:29:16,4976.59
1520,0001,SANTANDER,RAFAEL,DEPOSITO,2022-02-09T19:35:35,2255.23
1044,0002,SANTANDER,RAFAEL,SAQUE,2022-02-14T20:55:41,134.56
2220,0007,SANTANDER,ANA,TRANSFERENCIA,2022-02-08T18:32:02,4279.01
2220,0001,SANTANDER,JOAO,DEPOSITO,2022-01-12T03:13:48,3545.79
3320,0004,SANTANDER,PAULA,DEPOSITO,2022-02-14T19:02:23,342.12
9999,0002,SANTANDER,PAULA,SAQUE,2022-02-15T17:00:53,4102.31
3320,0002,SANTANDER,JOAO,TRANSFERENCIA,2022-01-10T18:13:01,887.01
1520,0007,SANTANDER,FELIPE,SAQUE,2022-01-02T02:07:21,3387.24
3320,0007,SANTANDER,ANA,SAQUE,2022-01-22T00:53:00,3572.35
9999,0002,SANTANDER,PAULA,TRANSFERENCIA,2022-01-05T15:16:46,4182.67
9999,0001,SANTANDER,BRUNO,TRANSFERENCIA,2022-01-30T22:26:51,2220.49
9999,0001,SANTANDER,JOAO,DEPOSITO,2022-01-20T14:05:01,4644.17
1044,0002,SANTANDER,JULIA,SAQUE,2022-01-02T13:22:20,2108.99
1520,0004,SANTANDER,JULIA,TRANSFERENCIA,2022-01-07T03:12:00,1103.62
1520,0002,SANTANDER,FELIPE,SAQUE,2022-02-10T08:36:16,2562.99
1044,0004,SANTANDER,RAFAEL,TRANSFERENCIA,2022-01-19T09:40:39,3123.74
9999,0007,SANTANDER,BRUNO,SAQUE,2022-01-23T13:33:00,1069.69
1044,0004,SANTANDER,FELIPE,SAQUE,2022-02-09T01:03:10,3270.31
1520,0007,SANTANDER,JULIA,DEPOSITO,2022-01-22T08:51:40,331.02
1044,0004,SANTANDER,JOAO,SAQUE,2022-01-22T05:17:01,2056.07
9999,0007,SANTANDER,MARIA,TRANSFERENCIA,2022-02-22T01:23:36,3956.51
9999,0002,SANTANDER,CARLOS,SAQUE,2022-02-28T05:47:30,1622.45
2220,0002,SANTANDER,ANA,SAQUE,2022-01-31T20:55:00,4890.13
2220,0001,SANTANDER,ANA,SAQUE,2022-02-26T19:14:05,2245.11
9999,0002,SANTANDER,RAFAEL,TRANSFERENCIA,2022-01-02T06:58:18,1163.80
9999,0001,SANTANDER,CARLOS,SAQUE,2022-02-11T14:28:20,3786.47
9999,0001,SANTANDER,JOAO,SAQUE,2022-02-06T08:42:11,2494.13
3320,0002,SANTANDER,BRUNO,SAQUE,2022-01-04T16:19:44,1191.08
9999,0007,SANTANDER,ANA,SAQUE,2022-01-28T00:04:53,1588.38
1520,0007,SANTANDER,CARLOS,SAQUE,2022-01-23T05:37:55,4234.83
1044,0004,SANTANDER,JULIA,SAQUE,2022-02-22T08:41:14,271.32
3320,0002,SANTANDER,BIA,DEPOSITO,2022-02-20T15:07:03,1608.86
2220,0001,SANTANDER,MARIA,DEPOSITO,2022-01-07T19:04:36,4768.35
1520,0002,SANTANDER,JULIA,SAQUE,2022-01-09T21:48:53,869.21
9999,0002,SANTANDER,JULIA,TRANSFERENCIA,2022-01-08T14:08:11,2131.77
2220,0004,SANTANDER,FELIPE,TRANSFERENCIA,2022-01-20T04:17:34,1225.38
3320,0002,SANTANDER,CARLOS,DEPOSITO,2022-02-25T23:09:36,2241.91
3320,0004,SANTANDER,PAULA,SAQUE,2022-02-04T21:53:11,1991.82
3320,0007,SANTANDER,PAULA,DEPOSITO,2022-02-19T01:25:01,3047.36
2220,0002,SANTANDER,PAULA,SAQUE,2022-02-07T00:46:17,2137.56
1520,0004,SANTANDER,BIA,TRANSFERENCIA,2022-01-15T20:02:48,2764.71
3320,0004,SANTANDER,BRUNO,DEPOSITO,2022-01-30T16:40:32,2268.56
2220,0007,SANTANDER,MARIA,DEPOSITO,2022-01-14T06:25:56,3574.60
3320,0002,SANTANDER,JULIA,SAQUE,2022-01-02T05:54:21,4308.41
1044,0007,SANTANDER,BRUNO,DEPOSITO,2022-02-08T07:36:01,4852.49
1044,0007,SANTANDER,PAULA,DEPOSITO,2022-02-27T02:51:33,357.10
1520,0001,SANTANDER,BRUNO,TRANSFERENCIA,2022-01-16T18:19:54,971.95
2220,0004,SANTANDER,ANA,TRANSFERENCIA,2022-02-17T10:34:17,3175.26
1044,0001,SANTANDER,BRUNO,DEPOSITO,2022-01-24T23:03:59,1212.52
1520,0004,SANTANDER,JOAO,TRANSFERENCIA,2022-01-15T08:35:43,1307.39
2220,0002,SANTANDER,CARLOS,SAQUE,2022-02-28T11:06:34,2892.13
3320,0001,SANTANDER,MARIA,SAQUE,2022-02-07T07:35:42,1988.94
9999,0001,SANTANDER,RAFAEL,SAQUE,2022-02-11T01:31:58,829.95
2220,0004,SANTANDER,CARLOS,TRANSFERENCIA,2022-02-21T18:26:56,3292.77
2220,0004,SANTANDER,BRUNO,TRANSFERENCIA,2022-01-09T15:05:24,547.26
9999,0004,SANTANDER,FELIPE,DEPOSITO,2022-01-21T08:13:47,4650.15
2220,0004,SANTANDER,JOAO,SAQUE,2022-02-17T17:47:53,8.89
1520,0007,SANTANDER,RAFAEL,DEPOSITO,2022-01-28T23:52:53,3665.48
3320,0002,SANTANDER,ANA,SAQUE,2022-01-14T01:00:59,990.90
3320,0001,SANTANDER,PAULA,TRANSFERENCIA,2022-01-21T15:19:54,929.00
1520,0002,SANTANDER,JULIA,DEPOSITO,2022-02-09T16:33:19,2204.21
9999,0001,SANTANDER,FELIPE,SAQUE,2022-01-29T11:01:55,429.45
1520,0004,SANTANDER,MARIA,DEPOSITO,2022-01-03T21:07:41,2928.65
2220,0007,SANTANDER,MARIA,SAQUE,2022-01-06T22:16:18,1331.14
1520,0001,SANTANDER,MARIA,SAQUE,2022-02-20T17:07:39,3959.14
2220,0004,SANTANDER,PAULA,DEPOSITO,2022-02-02T17:20:12,3022.25
1044,0004,SANTANDER,ANA,DEPOSITO,2022-01-24T06:18:05,4705.01
2220,0007,SANTANDER,BIA,SAQUE,2022-02-04T13:36:29,4365.51
1520,0001,SANTANDER,PAULA,TRANSFERENCIA,2022-02-09T00:16:52,3626.38
3320,0001,SANTANDER,BIA,SAQUE,2022-02-21T12:27:21,1398.06
3320,0004,SANTANDER,PAULA,TRANSFERENCIA,2022-02-16T03:17:41,2575.06
3320,0001,SANTANDER,ANA,SAQUE,2022-02-04T23:20:23,4367.30
1044,0007,SANTANDER,JULIA,TRANSFERENCIA,2022-02-17T01:03:03,2001.43
9999,0001,SANTANDER,ANA,DEPOSITO,2022-02-16T05:26:40,4934.37
1520,0007,SANTANDER,CARLOS,TRANSFERENCIA,2022-01-19T22:33:44,3560.00
9999,0001,SANTANDER,FELIPE,DEPOSITO,2022-01-09T10:56:02,1507.44
9999,0007,SANTANDER,FELIPE,DEPOSITO,2022-01-12T05:33:02,2411.36
9999,0002,SANTANDER,JULIA,SAQUE,2022-01-17T13:08:15,3766.51
1520,0001,SANTANDER,BRUNO,TRANSFERENCIA,2022-01-03T20:05:30,802.02
1044,0007,SANTANDER,CARLOS,SAQUE,2022-01-26T00:19:04,3330.00
1520,0002,SANTANDER,RAFAEL,TRANSFERENCIA,2022-02-17T18:20:49,453.12
1044,0002,SANTANDER,BIA,TRANSFERENCIA,2022-01-07T06:41:06,3220.29
2220,0007,SANTANDER,RAFAEL,DEPOSITO,2022-01-23T15:47:08,1118.53
1520,0004,SANTANDER,MARIA,SAQUE,2022-01-09T15:42:35,1701.85
9999,0002,SANTANDER,MARIA,TRANSFERENCIA,2022-02-05T16:53:21,637.96
1044,0007,SANTANDER,BIA,TRANSFERENCIA,2022-01-01T03:54:40,1554.68
9999,0002,SANTANDER,BRUNO,DEPOSITO,2022-02-01T00:49:19,3856.63
3320,0002,SANTANDER,MARIA,DEPOSITO,2022-01-01T21:24:38,2691.93
2220,0004,SANTANDER,FELIPE,DEPOSITO,2022-01-22T06:05:01,2499.66
2220,0002,SANTANDER,BIA,DEPOSITO,2022-01-15T03:54:12,3735.55
1520,0004,SANTANDER,CARLOS,TRANSFERENCIA,2022-01-12T23:41:31,1367.99
9999,0007,SANTANDER,JULIA,DEPOSITO,2022-01-29T07:13:58,3521.00
2220,0001,SANTANDER,ANA,SAQUE,2022-01-21T10:45:50,4240.50
3320,0001,SANTANDER,FELIPE,DEPOSITO,2022-02-08T00:58:42,1496.21
3320,0001,SANTANDER,RAFAEL,DEPOSITO,2022-02-02T18:13:21,2112.76
2220,0004,SANTANDER,BRUNO,DEPOSITO,2022-01-07T23:21:36,2639.69
1044,0004,SANTANDER,JULIA,TRANSFERENCIA,2022-02-23T04:57:21,1969.47
3320,0004,SANTANDER,BIA,SAQUE,2022-01-30T12:32:37,2288.20
3320,0002,SANTANDER,PAULA,TRANSFERENCIA,2022-02-16T20:10:14,1456.12
3320,0002,SANTANDER,JULIA,TRANSFERENCIA,2022-01-19T23:54:33,3676.86
1520,0004,SANTANDER,BIA,SAQUE,2022-01-15T07:56:44,1883.40
2220,0002,SANTANDER,JOAO,SAQUE,2022-02-04T12:34:13,4870.82
3320,0001,SANTANDER,MARIA,TRANSFERENCIA,2022-02-02T20:43:44,2967.37
3320,0007,SANTANDER,JULIA,SAQUE,2022-01-12T12:49:47,1205.04
2220,0004,SANTANDER,BIA,SAQUE,2022-02-06T10:40:45,3879.47
1520,0007,SANTANDER,BRUNO,DEPOSITO,2022-02-13T05:12:02,1837.25
1520,0001,SANTANDER,MARIA,SAQUE,2022-02-17T11:57:41,3207.41
9999,0002,SANTANDER,JOAO,TRANSFERENCIA,2022-02-25T15:08:40,4936.76
2220,0004,SANTANDER,MARIA,TRANSFERENCIA,2022-01-18T13:59:08,1920.42
2220,0004,SANTANDER,BIA,SAQUE,2022-01-10T15:42:53,1626.82
9999,0002,SANTANDER,BRUNO,TRANSFERENCIA,2022-01-02T22:00:44,1969.59
9999,0007,SANTANDER,MARIA,TRANSFERENCIA,2022-02-26T18:29:59,2695.37
1520,0002,SANTANDER,MARIA,SAQUE,2022-02-28T04:00:36,3476.38
1520,0007,SANTANDER,ANA,SAQUE,2022-01-04T19:12:36,644.95
3320,0002,SANTANDER,MARIA,TRANSFERENCIA,2022-01-25T22:17:43,4257.40
1520,0001,SANTANDER,MARIA,TRANSFERENCIA,2022-01-29T23:44:13,1818.43
9999,0002,SANTANDER,BRUNO,TRANSFERENCIA,2022-01-01T00:11:57,1242.44
1520,0004,SANTANDER,RAFAEL,DEPOSITO,2022-01-14T13:53:09,2885.78
1044,0004,SANTANDER,BIA,TRANSFERENCIA,2022-02-19T13:45:42,1049.99
1520,0001,SANTANDER,JULIA,SAQUE,2022-01-19T06:14:36,709.19
3320,0002,SANTANDER,BIA,TRANSFERENCIA,2022-01-21T23:24:34,2959.32
1044,0002,SANTANDER,BIA,DEPOSITO,2022-01-08T05:16:14,2749.69
1044,0007,SANTANDER,FELIPE,DEPOSITO,2022-02-14T06:42:53,417.19
1044,0007,SANTANDER,FELIPE,TRANSFERENCIA,2022-01-20T18:48:07,353.72
1044,0002,SANTANDER,ANA,TRANSFERENCIA,2022-02-19T15:42:44,3025.12
2220,0002,SANTANDER,ANA,DEPOSITO,2022-02-06T18:59:55,130.52
9999,0002,SANTANDER,MARIA,DEPOSITO,2022-01-13T02:23:18,2657.82
9999,0007,SANTANDER,MARIA,DEPOSITO,2022-01-09T15:19:29,1814.73
1044,0004,SANTANDER,FELIPE,SAQUE,2022-01-27T13:38:35,50.31
2220,0002,SANTANDER,BRUNO,SAQUE,2022-01-12T23:47:02,879.48
1044,0007,SANTANDER,MARIA,TRANSFERENCIA,2022-02-03T20:59:47,3502.58
1044,0004,SANTANDER,BIA,SAQUE,2022-01-05T15:45:45,854.57
2220,0002,SANTANDER,ANA,TRANSFERENCIA,2022-02-21T14:54:33,2758.81
2220,0007,SANTANDER,BIA,SAQUE,2022-01-26T03:39:21,48.48
9999,0002,SANTANDER,FELIPE,SAQUE,2022-02-06T18:40:10,2838.24
1044,0001,SANTANDER,ANA,TRANSFERENCIA,2022-01-25T04:28:19,3391.40
2220,0007,SANTANDER,FELIPE,DEPOSITO,2022-02-04T08:52:59,3992.55
9999,0004,SANTANDER,CARLOS,DEPOSITO,2022-02-20T13:04:24,4708.44
3320,0004,SANTANDER,MARIA,DEPOSITO,2022-02-09T11:14:53,3853.12
1520,0001,SANTANDER,MARIA,TRANSFERENCIA,2022-01-24T07:19:34,4724.39
3320,0001,SANTANDER,MARIA,TRANSFERENCIA,2022-01-28T18:04:50,2771.24
2220,0001,SANTANDER,BRUNO,TRANSFERENCIA,2022-02-19T09:18:56,4662.27
3320,0007,SANTANDER,PAULA,TRANSFERENCIA,2022-02-21T16:36:13,3489.71
2220,0001,SANTANDER,BIA,SAQUE,2022-01-01T16:59:15,3571.09
9999,0004,SANTANDER,JULIA,TRANSFERENCIA,2022-02-21T06:35:19,3420.71
1520,0007,SANTANDER,FELIPE,TRANSFERENCIA,2022-02-20T19:52:53,4519.09
3320,0001,SANTANDER,ANA,SAQUE,2022-02-19T20:58:17,1767.10
1520,0007,SANTANDER,PAULA,DEPOSITO,2022-01-17T13:15:23,1867.05
1520,0004,SANTANDER,JULIA,TRANSFERENCIA,2022-01-12T10:38:46,1451.03
2220,0004,SANTANDER,CARLOS,SAQUE,2022-01-01T05:12:22,3690.39
9999,0007,SANTANDER,JULIA,DEPOSITO,2022-02-20T01:16:10,4128.81
1520,0007,SANTANDER,BIA,DEPOSITO,2022-01-06T13:58:37,1779.36
9999,0007,SANTANDER,ANA,DEPOSITO,2022-02-04T08:37:47,536.71
1044,0002,SANTANDER,BRUNO,DEPOSITO,2022-01-01T20:39:14,507.59
2220,0002,SANTANDER,MARIA,TRANSFERENCIA,2022-02-19T22:26:57,4492.65
2220,0001,SANTANDER,PAULA,SAQUE,2022-01-16T02:38:42,3847.47
1044,0002,SANTANDER,PAULA,DEPOSITO,2022-02-06T08:12:15,1497.13
2220,0002,SANTANDER,RAFAEL,DEPOSITO,2022-01-11T13:16:39,4946.86
2220,0002,SANTANDER,FELIPE,DEPOSITO,2022-02-12T03:12:01,30.05
3320,0001,SANTANDER,JULIA,DEPOSITO,2022-01-04T21:48:14,669.27
2220,0004,SANTANDER,JOAO,SAQUE,2022-01-20T07:41:05,4741.93
1044,0001,SANTANDER,BRUNO,DEPOSITO,2022-02-23T09:52:51,2478.34
3320,0004,SANTANDER,BRUNO,TRANSFERENCIA,2022-02-07T18:04:57,657.96
1520,0001,SANTANDER,FELIPE,SAQUE,2022-02-03T09:51:32,2500.50
3320,0001,SANTANDER,ANA,DEPOSITO,2022-02-27T23:18:47,3687.42
2220,0007,SANTANDER,CARLOS,DEPOSITO,2022-02-17T04:17:49,413.99
2220,0002,SANTANDER,BIA,SAQUE,2022-02-19T15:16:30,935.11
1044,0001,SANTANDER,CARLOS,TRANSFERENCIA,2022-01-25T00:22:38,3331.99
2220,0002,SANTANDER,PAULA,TRANSFERENCIA,2022-01-11T00:09:30,3506.02
9999,0002,SANTANDER,JULIA,TRANSFERENCIA,2022-01-15T10:33:24,1147.69
3320,0007,SANTANDER,JOAO,DEPOSITO,2022-01-19T15:48:20,4645.56
2220,0001,SANTANDER,BIA,SAQUE,2022-01-09T19:53:41,4321.89
2220,0007,SANTANDER,RAFAEL,DEPOSITO,2022-01-23T11:15:55,1109.65
2220,0007,SANTANDER,JOAO,TRANSFERENCIA,2022-02-11T11:09:06,3219.72
1044,0001,SANTANDER,CARLOS,DEPOSITO,2022-01-28T05:44:33,4715.05
2220,0002,SANTANDER,ANA,SAQUE,2022-01-18T15:30:43,205.40
1520,0004,SANTANDER,JULIA,DEPOSITO,2022-02-15T19:58:30,1401.52
9999,0001,SANTANDER,BRUNO,SAQUE,2022-01-25T11:48:55,4741.69
1044,0004,SANTANDER,CARLOS,SAQUE,2022-01-10T09:45:48,3345.07
9999,0002,SANTANDER,ANA,DEPOSITO,2022-02-05T02:05:16,3714.92
9999,0004,SANTANDER,JULIA,TRANSFERENCIA,2022-01-27T19:00:10,1050.96
2220,0001,SANTANDER,MARIA,SAQUE,2022-02-28T10:22:38,602.65
9999,0002,SANTANDER,JULIA,TRANSFERENCIA,2022-02-13T06:43:08,4627.58
1520,0004,SANTANDER,CARLOS,TRANSFERENCIA,2022-02-16T00:57:45,4948.23
3320,0002,SANTANDER,JOAO,SAQUE,2022-01-19T14:42:32,2091.64
1044,0004,SANTANDER,ANA,DEPOSITO,2022-01-12T09:37:45,4554.34
1520,0007,SANTANDER,BRUNO,TRANSFERENCIA,2022-02-18T22:06:03,3954.63
3320,0004,SANTANDER,FELIPE,DEPOSITO,2022-01-05T09:53:42,4779.06
1520,0002,SANTANDER,BRUNO,DEPOSITO,2022-02-21T16:44:40,4351.41
1520,0002,SANTANDER,PAULA,TRANSFERENCIA,2022-02-07T07:08:07,2812.93
2220,0007,SANTANDER,BIA,DEPOSITO,2022-01-21T02:10:09,921.15
3320,0002,SANTANDER,BIA,TRANSFERENCIA,2022-01-01T20:38:54,4395.90
9999,0007,SANTANDER,RAFAEL,TRANSFERENCIA,2022-02-20T23:30:33,1294.91
3320,0004,SANTANDER,CARLOS,TRANSFERENCIA,2022-01-12T13:31:51,856.37
1520,0002,SANTANDER,CARLOS,SAQUE,2022-01-15T09:11:23,4710.29
1044,0002,SANTANDER,CARLOS,SAQUE,2022-01-25T04:13:51,4947.69
3320,0001,SANTANDER,JOAO,TRANSFERENCIA,2022-02-03T17:38:41,3163.78
1044,0004,SANTANDER,MARIA,TRANSFERENCIA,2022-02-23T07:54:13,1320.93
3320,0007,SANTANDER,BIA,DEPOSITO,2022-02-01T12:27:16,4926.32
1520,0004,SANTANDER,JULIA,TRANSFERENCIA,2022-01-28T03:43:28,884.50
1520,0001,SANTANDER,BRUNO,TRANSFERENCIA,2022-01-25T23:39:27,4350.26
9999,0002,SANTANDER,PAULA,SAQUE,2022-02-01T11:35:15,1344.70
9999,0007,SANTANDER,FELIPE,DEPOSITO,2022-01-23T11:57:14,3649.33
2220,0004,SANTANDER,FELIPE,DEPOSITO,2022-01-10T02:18:57,2480.31
2220,0002,SANTANDER,FELIPE,SAQUE,2022-02-25T07:23:57,2453.10
3320,0004,SANTANDER,JOAO,DEPOSITO,2022-01-16T19:37:40,4426.38
2220,0002,SANTANDER,MARIA,SAQUE,2022-01-07T23:53:08,2132.55
2220,0007,SANTANDER,MARIA,TRANSFERENCIA,2022-02-21T03:28:58,687.32
1520,0001,SANTANDER,BRUNO,DEPOSITO,2022-01-03T00:16:17,551.07
1520,0001,SANTANDER,FELIPE,SAQUE,2022-01-09T02:47:30,1339.01
9999,0001,SANTANDER,JOAO,SAQUE,2022-02-22T15:48:50,3680.92
1044,0001,SANTANDER,JULIA,SAQUE,2022-02-16T15:28:20,3798.60
2220,0002,SANTANDER,CARLOS,DEPOSITO,2022-02-16T11:56:14,773.41
1520,0004,SANTANDER,RAFAEL,SAQUE,2022-01-03T01:25:04,4124.80
1520,0004,SANTANDER,MARIA,TRANSFERENCIA,2022-02-10T07:41:00,710.03
3320,0001,SANTANDER,JULIA,DEPOSITO,2022-02-07T10:00:27,737.74
1044,0002,SANTANDER,BRUNO,TRANSFERENCIA,2022-01-11T21:55:52,2459.61
1520,0002,SANTANDER,MARIA,DEPOSITO,2022-02-04T16:35:15,382.37
1044,0001,SANTANDER,ANA,SAQUE,2022-01-05T05:00:19,3022.93
3320,0007,SANTANDER,RAFAEL,DEPOSITO,2022-02-28T05:11:45,907.65
2220,0002,SANTANDER,CARLOS,TRANSFERENCIA,2022-01-28T20:46:17,1742.58
1520,0004,SANTANDER,PAULA,TRANSFERENCIA,2022-02-05T20:05:40,4664.48
1520,0001,SANTANDER,FELIPE,TRANSFERENCIA,2022-01-15T05:34:38,1601.96
2220,0007,SANTANDER,PAULA,SAQUE,2022-01-11T23:41:28,2889.64
1044,0002,SANTANDER,MARIA,DEPOSITO,2022-01-13T09:10:47,910.18
2220,0004,SANTANDER,ANA,DEPOSITO,2022-02-11T03:36:01,2406.96
2220,0004,SANTANDER,FELIPE,TRANSFERENCIA,2022-01-24T21:00:26,1916.54
9999,0007,SANTANDER,RAFAEL,TRANSFERENCIA,2022-02-17T19:50:40,2662.84
3320,0007,SANTANDER,MARIA,TRANSFERENCIA,2022-02-10T22:57:36,2635.20
3320,0001,SANTANDER,JULIA,DEPOSITO,2022-01-01T06:40:42,1017.20
1520,0004,SANTANDER,RAFAEL,DEPOSITO,2022-01-13T23:17:36,4604.60
1520,0004,SANTANDER,ANA,SAQUE,2022-01-29T14:41:40,2302.48
9999,0007,SANTANDER,JULIA,SAQUE,2022-01-22T19:19:33,280.27
3320,0001,SANTANDER,FELIPE,DEPOSITO,2022-01-03T13:23:33,3480.92
2220,0004,SANTANDER,JOAO,TRANSFERENCIA,2022-01-11T07:01:14,3314.07
1520,0007,SANTANDER,BIA,SAQUE,2022-01-03T22:20:16,735.29
3320,0001,SANTANDER,JULIA,SAQUE,2022-01-02T05:04:30,2846.35
2220,0002,SANTANDER,FELIPE,DEPOSITO,2022-01-14T14:29:07,3740.79
1044,0007,SANTANDER,BRUNO,TRANSFERENCIA,2022-02-02T18:03:07,2220.42
1520,0004,SANTANDER,MARIA,SAQUE,2022-01-06T19:48:43,4405.90
1520,0002,SANTANDER,RAFAEL,SAQUE,2022-01-02T01:19:23,1982.56
2220,0007,SANTANDER,RAFAEL,TRANSFERENCIA,2022-01-26T01:18:36,4595.83
9999,0004,SANTANDER,JULIA,DEPOSITO,2022-01-16T05:22:19,1359.87
1520,0007,SANTANDER,FELIPE,TRANSFERENCIA,2022-01-21T13:40:46,2002.61
1520,0002,SANTANDER,BRUNO,SAQUE,2022-02-24T07:15:00,3025.81
1520,0007,SANTANDER,PAULA,DEPOSITO,2022-02-09T07:57:04,4136.44
3320,0001,SANTANDER,ANA,TRANSFERENCIA,2022-02-11T04:30:31,974.46
1520,0001,SANTANDER,MARIA,DEPOSITO,2022-02-28T13:32:05,3894.21
1044,0001,SANTANDER,JULIA,DEPOSITO,2022-01-16T19:15:33,2708.30
1520,0002,SANTANDER,BIA,SAQUE,2022-01-31T00:18:07,939.53
3320,0001,SANTANDER,JULIA,DEPOSITO,2022-01-09T06:09:21,4883.34
9999,0001,SANTANDER,BIA,DEPOSITO,2022-01-05T10:26:36,241.20
1520,0004,SANTANDER,JOAO,DEPOSITO,2022-01-28T10:02:41,4793.74
9999,0002,SANTANDER,ANA,DEPOSITO,2022-02-04T13:09:39,4869.28
1520,0004,SANTANDER,BRUNO,TRANSFERENCIA,2022-02-18T21:25:21,505.91
3320,0001,SANTANDER,BIA,DEPOSITO,2022-02-16T07:22:52,2932.20
1520,0004,SANTANDER,FELIPE,SAQUE,2022-02-14T23:06:56,394.69
1520,0002,SANTANDER,JULIA,TRANSFERENCIA,2022-01-14T16:14:01,3844.36
3320,0004,SANTANDER,PAULA,SAQUE,2022-02-02T21:58:31,1454.92
9999,0007,SANTANDER,JOAO,TRANSFERENCIA,2022-02-07T15:15:11,1196.31
9999,0001,SANTANDER,FELIPE,TRANSFERENCIA,2022-02-18T07:18:43,487.93
1520,0002,SANTANDER,CARLOS,TRANSFERENCIA,2022-01-09T11:06:55,2495.06
2220,0004,SANTANDER,FELIPE,DEPOSITO,2022-01-16T16:15:29,341.74
9999,0004,SANTANDER,ANA,SAQUE,2022-01-07T21:45:14,896.75
2220,0004,SANTANDER,PAULA,DEPOSITO,2022-02-12T22:02:25,3251.81
3320,0001,SANTANDER,BIA,DEPOSITO,2022-01-04T20:15:27,1818.00
1044,0007,SANTANDER,BRUNO,TRANSFERENCIA,2022-01-13T12:33:18,2204.70
9999,0004,SANTANDER,ANA,SAQUE,2022-02-10T02:48:44,2530.21
1044,0001,SANTANDER,BIA,TRANSFERENCIA,2022-01-06T12:57:22,3705.47
3320,0001,SANTANDER,FELIPE,SAQUE,2022-01-29T05:17:17,1879.73
9999,0007,SANTANDER,MARIA,SAQUE,2022-02-07T16:37:30,4370.92
1520,0004,SANTANDER,PAULA,DEPOSITO,2022-02-21T22:54:36,4500.73
2220,0001,SANTANDER,MARIA,SAQUE,2022-01-11T12:28:11,4587.38
2220,0007,SANTANDER,JULIA,DEPOSITO,2022-02-01T21:58:28,323.29
1044,0007,SANTANDER,JULIA,TRANSFERENCIA,2022-02-16T05:40:18,572.52
2220,0001,SANTANDER,RAFAEL,SAQUE,2022-02-15T15:06:13,728.42
3320,0004,SANTANDER,BIA,SAQUE,2022-02-28T08:36:42,3871.25
1520,0004,SANTANDER,BRUNO,DEPOSITO,2022-01-21T17:18:23,271.33
1520,0007,SANTANDER,CARLOS,DEPOSITO,2022-01-18T02:21:21,418.87
1520,0004,SANTANDER,BRUNO,SAQUE,2022-01-29T23:10:30,4369.01
2220,0007,SANTANDER,RAFAEL,SAQUE,2022-01-26T04:33:21,921.21
1520,0001,SANTANDER,BRUNO,DEPOSITO,2022-01-29T19:50:19,823.50
1044,0007,SANTANDER,PAULA,DEPOSITO,2022-02-21T23:49:12,3444.46
3320,0007,SANTANDER,ANA,TRANSFERENCIA,2022-02-25T08:56:04,1946.30
1520,0002,SANTANDER,MARIA,TRANSFERENCIA,2022-02-26T03:58:40,3082.95
1044,0004,SANTANDER,JOAO,SAQUE,2022-02-14T12:45:11,4669.16
2220,0004,SANTANDER,MARIA,TRANSFERENCIA,2022-02-09T10:56:58,1314.75
1520,0007,SANTANDER,FELIPE,TRANSFERENCIA,2022-02-13T15:00:41,3194.94
9999,0001,SANTANDER,JOAO,SAQUE,2022-01-19T05:16:20,2101.46
9999,0002,SANTANDER,BIA,DEPOSITO,2022-01-21T23:38:10,1741.08
3320,0001,SANTANDER,ANA,DEPOSITO,2022-01-02T13:43:42,1510.42
1044,0001,SANTANDER,PAULA,TRANSFERENCIA,2022-02-14T06:33:04,2070.85
1044,0004,SANTANDER,RAFAEL,DEPOSITO,2022-02-20T19:04:26,4870.38
1044,0001,SANTANDER,FELIPE,DEPOSITO,2022-02-11T14:12:22,1866.23
9999,0002,SANTANDER,RAFAEL,DEPOSITO,2022-02-07T01:06:25,1425.85
2220,0004,SANTANDER,BIA,SAQUE,2022-01-09T12:10:11,4029.89
1520,0001,SANTANDER,JOAO,TRANSFERENCIA,2022-02-09T22:21:03,519.27
9999,0001,SANTANDER,PAULA,TRANSFERENCIA,2022-02-26T10:22:20,4029.55
1044,0007,SANTANDER,JULIA,SAQUE,2022-02-14T03:21:51,2758.39
1520,0002,SANTANDER,PAULA,SAQUE,2022-02-04T00:59:20,4838.11
2220,0007,SANTANDER,BRUNO,SAQUE,2022-02-06T08:58:59,3911.20
9999,0004,SANTANDER,CARLOS,TRANSFERENCIA,2022-01-26T16:19:39,1537.68
2220,0002,SANTANDER,JOAO,DEPOSITO,2022-01-04T04:08:14,78.63
3320,0004,SANTANDER,RAFAEL,TRANSFERENCIA,2022-02-28T05:58:29,1588.04
3320,0007,SANTANDER,JULIA,TRANSFERENCIA,2022-02-07T23:56:25,964.11
2220,0001,SANTANDER,BIA,DEPOSITO,2022-01-13T12:17:23,4697.02
2220,0002,SANTANDER,BRUNO,DEPOSITO,2022-02-20T05:20:34,793.06
3320,0001,SANTANDER,FELIPE,TRANSFERENCIA,2022-01-12T11:49:42,3157.57
2220,0004,SANTANDER,RAFAEL,SAQUE,2022-02-01T07:15:26,1019.61
1520,0001,SANTANDER,BRUNO,SAQUE,2022-02-27T14:27:42,766.09
9999,0001,SANTANDER,BIA,DEPOSITO,2022-01-03T10:55:46,3711.96
3320,0007,SANTANDER,ANA,SAQUE,2022-01-24T06:35:32,3262.96
3320,0004,SANTANDER,JULIA,TRANSFERENCIA,2022-01-24T19:29:03,3631.84
2220,0004,SANTANDER,JOAO,DEPOSITO,2022-01-09T01:19:07,4674.94
1520,0001,SANTANDER,MARIA,DEPOSITO,2022-02-27T20:32:04,614.30
3320,0004,SANTANDER,CARLOS,SAQUE,2022-01-10T00:11:11,387.83
1044,0002,SANTANDER,BRUNO,SAQUE,2022-02-17T16:11:56,3977.41
2220,0001,SANTANDER,PAULA,TRANSFERENCIA,2022-01-08T09:49:17,1052.27
2220,0007,SANTANDER,ANA,TRANSFERENCIA,2022-02-13T18:37:23,4042.94
3320,0004,SANTANDER,JOAO,SAQUE,2022-02-25T01:53:25,3156.44
1520,0001,SANTANDER,ANA,DEPOSITO,2022-02-16T23:35:39,4974.59
9999,0001,SANTANDER,FELIPE,TRANSFERENCIA,2022-01-25T17:01:49,4632.99
3320,0001,SANTANDER,RAFAEL,SAQUE,2022-02-20T07:00:56,2559.21
3320,0002,SANTANDER,ANA,SAQUE,2022-01-22T01:32:53,148.46
3320,0002,SANTANDER,MARIA,TRANSFERENCIA,2022-01-13T06:57:12,1338.69
2220,0002,SANTANDER,MARIA,DEPOSITO,2022-02-23T13:04:53,3259.97
2220,0007,SANTANDER,BRUNO,TRANSFERENCIA,2022-02-08T19:55:57,4611.82
1044,0002,SANTANDER,JULIA,TRANSFERENCIA,2022-01-28T06:58:13,4809.39
1520,0004,SANTANDER,FELIPE,SAQUE,2022-02-17T08:43:49,2167.92
2220,0007,SANTANDER,BIA,TRANSFERENCIA,2022-01-27T09:02:46,4079.65
9999,0001,SANTANDER,BIA,DEPOSITO,2022-02-11T16:22:18,999.40
1044,0004,SANTANDER,MARIA,DEPOSITO,2022-01-17T05:43:06,4447.36
9999,0004,SANTANDER,BIA,DEPOSITO,2022-01-29T11:50:34,3019.81
9999,0004,SANTANDER,BRUNO,SAQUE,2022-01-12T03:09:13,900.34
1044,0007,SANTANDER,FELIPE,DEPOSITO,2022-01-24T19:37:57,364.13
1044,0004,SANTANDER,FELIPE,DEPOSITO,2022-01-12T20:59:17,49.16
1520,0004,SANTANDER,JULIA,DEPOSITO,2022-02-25T02:17:57,3976.40
3320,0001,SANTANDER,BRUNO,DEPOSITO,2022-02-28T10:18:00,1061.66
3320,0001,SANTANDER,RAFAEL,DEPOSITO,2022-01-08T06:21:10,2870.17
2220,0007,SANTANDER,ANA,DEPOSITO,2022-01-20T05:43:26,986.42
2220,0007,SANTANDER,JOAO,DEPOSITO,2022-02-10T21:33:14,597.18
2220,0002,SANTANDER,BIA,DEPOSITO,2022-02-27T09:31:42,1914.90
9999,0001,SANTANDER,CARLOS,SAQUE,2022-02-25T21:36:54,4939.79
2220,0004,SANTANDER,FELIPE,DEPOSITO,2022-01-04T14:14:07,4479.25
9999,0001,SANTANDER,ANA,TRANSFERENCIA,2022-01-02T13:55:01,348.20
1520,0007,SANTANDER,CARLOS,DEPOSITO,2022-01-31T19:06:19,3768.71
2220,0001,SANTANDER,RAFAEL,DEPOSITO,2022-02-17T22:40:50,3061.99
2220,0004,SANTANDER,PAULA,DEPOSITO,2022-01-12T18:54:45,4215.54
9999,0001,SANTANDER,JOAO,SAQUE,2022-01-05T15:27:42,4127.46
3320,0001,SANTANDER,ANA,TRANSFERENCIA,2022-02-12T07:12:49,1132.48
1520,0002,SANTANDER,ANA,TRANSFERENCIA,2022-01-01T11:30:51,4670.62
1520,0004,SANTANDER,JOAO,SAQUE,2022-01-05T15:51:21,4735.78
1520,0004,SANTANDER,ANA,TRANSFERENCIA,2022-02-06T20:25:50,1350.29
3320,0002,SANTANDER,BIA,DEPOSITO,2022-01-12T15:23:26,632.32
3320,0007,SANTANDER,PAULA,TRANSFERENCIA,2022-01-12T21:09:01,2609.30
3320,0007,SANTANDER,PAULA,DEPOSITO,2022-02-01T06:06:28,3863.45
2220,0002,SANTANDER,MARIA,DEPOSITO,2022-01-29T18:16:32,3557.20
1044,0002,SANTANDER,JULIA,TRANSFERENCIA,2022-01-08T13:47:31,376.65
2220,0001,SANTANDER,JULIA,SAQUE,2022-01-21T23:37:55,2341.28
2220,0002,SANTANDER,PAULA,SAQUE,2022-02-03T01:18:22,1044.10
9999,0004,SANTANDER,CARLOS,TRANSFERENCIA,2022-02-14T01:56:52,3276.79
9999,0001,SANTANDER,FELIPE,SAQUE,2022-02-05T07:21:05,1928.49
2220,0002,SANTANDER,BRUNO,SAQUE,2022-01-07T15:56:28,1389.91
3320,0004,SANTANDER,BIA,TRANSFERENCIA,2022-01-10T21:49:37,737.30
1520,0001,SANTANDER,JULIA,SAQUE,2022-02-14T17:51:03,935.96
1520,0007,SANTANDER,RAFAEL,DEPOSITO,2022-02-04T04:07:07,1328.63
9999,0001,SANTANDER,ANA,DEPOSITO,2022-01-21T14:08:58,753.95
9999,0007,SANTANDER,RAFAEL,DEPOSITO,2022-01-06T03:51:53,2207.26
1044,0001,SANTANDER,JOAO,TRANSFERENCIA,2022-02-07T03:20:31,3660.28
2220,0002,SANTANDER,CARLOS,SAQUE,2022-02-09T02:20:26,884.05
1044,0007,SANTANDER,RAFAEL,DEPOSITO,2022-01-11T14:25:06,3406.12
3320,0001,SANTANDER,JULIA,SAQUE,2022-01-06T03:49:11,4475.40
9999,0004,SANTANDER,JULIA,SAQUE,2022-02-21T15:57:24,506.06
3320,0007,SANTANDER,BRUNO,DEPOSITO,2022-01-10T20:03:21,1100.22
1044,0007,SANTANDER,JULIA,SAQUE,2022-01-20T18:21:54,1738.82
1044,0004,SANTANDER,JOAO,SAQUE,2022-01-18T23:15:53,2516.70
9999,0007,SANTANDER,CARLOS,TRANSFERENCIA,2022-01-24T04:01:25,851.99
1520,0002,SANTANDER,FELIPE,DEPOSITO,2022-02-14T04:43:51,710.03
1520,0007,SANTANDER,BRUNO,DEPOSITO,2022-01-03T00:31:48,888.40
1044,0001,SANTANDER,FELIPE,TRANSFERENCIA,2022-01-01T22:40:53,2970.43
2220,0001,SANTANDER,PAULA,SAQUE,2022-02-15T21:09:49,547.82
1520,0004,SANTANDER,JULIA,TRANSFERENCIA,2022-02-18T20:24:58,837.36
3320,0001,SANTANDER,MARIA,DEPOSITO,2022-02-02T14:11:05,2263.63
1044,0004,SANTANDER,PAULA,DEPOSITO,2022-02-05T08:51:20,2294.30
1044,0004,SANTANDER,ANA,TRANSFERENCIA,2022-02-27T20:10:59,2422.29
1044,0001,SANTANDER,FELIPE,DEPOSITO,2022-01-22T09:13:57,3297.18
3320,0004,SANTANDER,PAULA,SAQUE,2022-01-24T17:25:05,2888.34
2220,0004,SANTANDER,JULIA,TRANSFERENCIA,2022-01-09T16:01:24,970.02
2220,0001,SANTANDER,CARLOS,TRANSFERENCIA,2022-02-22T21:44:50,4496.21
2220,0002,SANTANDER,CARLOS,TRANSFERENCIA,2022-02-03T20:52:04,4440.09
2220,0007,SANTANDER,CARLOS,DEPOSITO,2022-01-19T12:03:59,206.46
9999,0004,SANTANDER,BIA,SAQUE,2022-02-12T02:02:02,3976.87
9999,0004,SANTANDER,CARLOS,SAQUE,2022-01-01T19:25:18,2495.14
3320,0007,SANTANDER,FELIPE,TRANSFERENCIA,2022-01-29T03:14:25,3119.35
3320,0004,SANTANDER,PAULA,DEPOSITO,2022-01-07T06:34:02,3999.13
1520,0007,SANTANDER,JOAO,SAQUE,2022-01-28T11:28:41,4127.53
1520,0001,SANTANDER,PAULA,DEPOSITO,2022-01-01T11:51:40,2152.18
1520,0001,SANTANDER,CARLOS,SAQUE,2022-02-04T00:04:03,4393.73
9999,0002,SANTANDER,MARIA,TRANSFERENCIA,2022-01-27T06:42:15,714.08
3320,0007,SANTANDER,BIA,SAQUE,2022-01-29T05:37:04,1095.07
2220,0004,SANTANDER,JULIA,TRANSFERENCIA,2022-02-07T12:00:22,2113.39
1520,0004,SANTANDER,CARLOS,TRANSFERENCIA,2022-01-31T04:04:00,867.34
2220,0004,SANTANDER,BIA,SAQUE,2022-01-20T08:53:03,1250.85
2220,0002,SANTANDER,CARLOS,DEPOSITO,2022-01-09T07:27:27,1487.37
2220,0002,SANTANDER,BRUNO,DEPOSITO,2022-01-10T07:47:41,693.91
2220,0004,SANTANDER,RAFAEL,TRANSFERENCIA,2022-02-04T17:10:22,2342.43
2220,0007,SANTANDER,BRUNO,DEPOSITO,2022-02-14T18:52:10,139.34
9999,0001,SANTANDER,BRUNO,SAQUE,2022-01-14T15:35:17,3076.43
1044,0002,SANTANDER,BIA,TRANSFERENCIA,2022-02-06T05:24:43,637.25
9999,0004,SANTANDER,JOAO,DEPOSITO,2022-01-13T05:27:06,2015.31
1520,0007,SANTANDER,RAFAEL,DEPOSITO,2022-01-06T06:38:09,424.21
1044,0001,SANTANDER,ANA,TRANSFERENCIA,2022-01-10T10:57:22,4109.88
9999,0007,SANTANDER,ANA,SAQUE,2022-01-12T18:58:55,3702.62
9999,0001,SANTANDER,JULIA,TRANSFERENCIA,2022-01-14T23:53:53,2810.68
2220,0002,SANTANDER,JULIA,TRANSFERENCIA,2022-01-16T00:39:10,1505.16
1044,0001,SANTANDER,PAULA,TRANSFERENCIA,2022-01-20T11:39:52,574.43
1520,0002,SANTANDER,BIA,SAQUE,2022-02-20T11:16:27,485.22
3320,0001,SANTANDER,PAULA,SAQUE,2022-02-19T02:36:35,2219.64
1520,0001,SANTANDER,CARLOS,DEPOSITO,2022-02-16T23:08:53,4913.50
3320,0004,SANTANDER,BIA,TRANSFERENCIA,2022-02-12T15:14:48,4296.71
9999,0001,SANTANDER,BRUNO,SAQUE,2022-01-03T02:27:59,924.85
3320,0002,SANTANDER,RAFAEL,TRANSFERENCIA,2022-02-23T01:51:32,1002.55
2220,0004,SANTANDER,CARLOS,TRANSFERENCIA,2022-01-10T17:03:45,4795.50
2220,0004,SANTANDER,CARLOS,DEPOSITO,2022-02-07T11:01:39,3488.57
1520,0007,SANTANDER,BRUNO,DEPOSITO,2022-01-15T09:15:10,140.83
2220,0001,SANTANDER,BIA,DEPOSITO,2022-01-02T01:40:39,2903.11
1520,0007,SANTANDER,JOAO,DEPOSITO,2022-01-14T12:36:02,2340.07
2220,0004,SANTANDER,JOAO,SAQUE,2022-02-04T17:36:44,2503.69
9999,0002,SANTANDER,ANA,TRANSFERENCIA,2022-02-20T23:28:06,1953.73
1520,0002,SANTANDER,FELIPE,DEPOSITO,2022-02-24T16:13:45,1697.12
3320,0004,SANTANDER,CARLOS,DEPOSITO,2022-01-07T14:56:27,4580.88
2220,0007,SANTANDER,PAULA,TRANSFERENCIA,2022-01-18T12:18:11,2880.62
9999,0004,SANTANDER,FELIPE,TRANSFERENCIA,2022-02-01T11:09:11,2944.67
9999,0004,SANTANDER,BIA,TRANSFERENCIA,2022-02-09T04:51:40,338.78
1520,0002,SANTANDER,JULIA,SAQUE,2022-01-11T07:30:41,2497.67
2220,0004,SANTANDER,JULIA,TRANSFERENCIA,2022-01-23T23:21:28,528.05
3320,0007,SANTANDER,BRUNO,SAQUE,2022-01-07T00:17:58,3059.91
1520,0001,SANTANDER,MARIA,DEPOSITO,2022-02-06T08:14:01,3033.06
1520,0002,SANTANDER,ANA,SAQUE,2022-02-13T15:26:00,1888.77
9999,0002,SANTANDER,JULIA,DEPOSITO,2022-02-17T16:21:10,2188.14
1044,0002,SANTANDER,JULIA,TRANSFERENCIA,2022-01-16T17:41:45,2170.88
9999,0002,SANTANDER,MARIA,TRANSFERENCIA,2022-01-03T08:29:25,3145.95
1520,0002,SANTANDER,JOAO,SAQUE,2022-01-01T12:12:05,1798.45
2220,0001,SANTANDER,ANA,SAQUE,2022-02-21T06:41:21,2481.38
3320,0007,SANTANDER,RAFAEL,DEPOSITO,2022-02-04T14:40:14,3092.78
9999,0002,SANTANDER,MARIA,DEPOSITO,2022-02-11T12:10:28,3127.73
1520,0001,SANTANDER,FELIPE,TRANSFERENCIA,2022-01-29T22:55:09,505.46
2220,0002,SANTANDER,JOAO,TRANSFERENCIA,2022-02-22T11:32:41,1655.27
3320,0004,SANTANDER,CARLOS,DEPOSITO,2022-02-04T17:58:46,340.70
3320,0004,SANTANDER,MARIA,TRANSFERENCIA,2022-02-25T20:40:34,1207.75
9999,0004,SANTANDER,BRUNO,TRANSFERENCIA,2022-01-06T11:59:59,2730.16
1520,0007,SANTANDER,CARLOS,TRANSFERENCIA,2022-01-03T21:51:13,162.34
2220,0004,SANTANDER,JULIA,DEPOSITO,2022-01-06T18:23:35,697.30
9999,0004,SANTANDER,JOAO,SAQUE,2022-02-17T22:04:00,365.49
9999,0001,SANTANDER,ANA,SAQUE,2022-02-10T09:54:35,2991.14
9999,0001,SANTANDER,RAFAEL,DEPOSITO,2022-01-13T13:40:27,1353.27
1520,0001,SANTANDER,JOAO,DEPOSITO,2022-02-19T06:48:13,1127.00
1044,0007,SANTANDER,PAULA,DEPOSITO,2022-01-23T02:42:28,108.19
1520,0001,SANTANDER,JULIA,TRANSFERENCIA,2022-02-06T20:02:20,3410.02
1520,0007,SANTANDER,JOAO,DEPOSITO,2022-02-06T15:00:16,3477.51
2220,0007,SANTANDER,RAFAEL,SAQUE,2022-01-12T05:19:42,2190.33
9999,0004,SANTANDER,ANA,SAQUE,2022-02-03T07:32:26,2183.19
1520,0002,SANTANDER,JULIA,SAQUE,2022-02-27T03:34:41,51.24
2220,0001,SANTANDER,JOAO,TRANSFERENCIA,2022-01-25T06:21:41,4063.30
1520,0001,SANTANDER,FELIPE,DEPOSITO,2022-01-18T12:48:47,1413.70
1044,0004,SANTANDER,BIA,TRANSFERENCIA,2022-01-24T17:07:50,4990.45
3320,0007,SANTANDER,PAULA,TRANSFERENCIA,2022-01-12T21:09:27,3283.29
1520,0004,SANTANDER,RAFAEL,SAQUE,2022-02-18T01:16:07,3526.57
1044,0002,SANTANDER,PAULA,TRANSFERENCIA,2022-01-30T09:23:10,4707.19
9999,0004,SANTANDER,JULIA,TRANSFERENCIA,2022-01-26T23:24:08,1594.98
9999,0001,SANTANDER,JOAO,DEPOSITO,2022-02-09T21:18:44,3527.80
9999,0007,SANTANDER,CARLOS,SAQUE,2022-01-20T18:19:02,4560.33
9999,0002,SANTANDER,CARLOS,TRANSFERENCIA,2022-02-23T16:30:12,1054.64
1044,0002,SANTANDER,JOAO,SAQUE,2022-02-12T17:55:14,3249.89
2220,0001,SANTANDER,JOAO,DEPOSITO,2022-01-04T06:39:27,1352.22
9999,0007,SANTANDER,CARLOS,SAQUE,2022-01-06T19:09:28,1396.18
9999,0007,SANTANDER,PAULA,SAQUE,2022-02-07T03:29:42,1923.93
1520,0002,SANTANDER,JULIA,DEPOSITO,2022-01-18T21:44:44,3299.97
9999,0001,SANTANDER,CARLOS,SAQUE,2022-02-22T13:54:03,3815.22
1520,0004,SANTANDER,CARLOS,TRANSFERENCIA,2022-01-22T00:35:03,3786.50
1044,0007,SANTANDER,BRUNO,TRANSFERENCIA,2022-01-06T13:05:45,4037.18
9999,0007,SANTANDER,CARLOS,TRANSFERENCIA,2022-02-15T00:02:21,2119.75
9999,0004,SANTANDER,FELIPE,DEPOSITO,2022-02-15T08:57:48,3728.42
3320,0002,SANTANDER,JOAO,DEPOSITO,2022-01-27T15:22:53,428.60
3320,0004,SANTANDER,ANA,TRANSFERENCIA,2022-02-08T07:29:14,193.99
1044,0004,SANTANDER,CARLOS,TRANSFERENCIA,2022-01-25T07:44:17,3912.35
9999,0001,SANTANDER,MARIA,DEPOSITO,2022-02-25T04:33:49,3304.22
1044,0002,SANTANDER,PAULA,DEPOSITO,2022-01-02T16:14:03,2200.11
2220,0001,SANTANDER,ANA,DEPOSITO,2022-02-24T00:59:29,1089.99
1520,0001,SANTANDER,CARLOS,TRANSFERENCIA,2022-02-23T12:58:00,1570.82
1520,0007,SANTANDER,FELIPE,DEPOSITO,2022-01-27T19:27:46,1298.44
2220,0002,SANTANDER,JULIA,TRANSFERENCIA,2022-01-17T22:36:12,735.36
9999,0001,SANTANDER,JULIA,SAQUE,2022-01-04T17:42:56,922.09
9999,0007,SANTANDER,BIA,DEPOSITO,2022-01-05T01:45:48,2767.49
3320,0001,SANTANDER,CARLOS,DEPOSITO,2022-01-02T13:33:29,3392.26
1044,0001,SANTANDER,BIA,SAQUE,2022-02-03T22:55:44,546.71
9999,0007,SANTANDER,MARIA,TRANSFERENCIA,2022-01-08T12:28:19,1185.66
1044,0004,SANTANDER,BRUNO,SAQUE,2022-02-11T09:45:34,4379.39
3320,0001,SANTANDER,ANA,TRANSFERENCIA,2022-02-04T23:31:45,1675.59
2220,0004,SANTANDER,PAULA,DEPOSITO,2022-01-04T00:36:07,802.40
1520,0004,SANTANDER,FELIPE,TRANSFERENCIA,2022-01-03T11:30:05,532.05
3320,0004,SANTANDER,RAFAEL,TRANSFERENCIA,2022-02-19T08:09:01,3917.55
1044,0002,SANTANDER,BRUNO,TRANSFERENCIA,2022-01-04T03:57:44,3285.64
3320,0007,SANTANDER,MARIA,SAQUE,2022-01-22T19:18:42,2827.45
9999,0007,SANTANDER,RAFAEL,TRANSFERENCIA,2022-01-12T18:30:54,4238.13
9999,0001,SANTANDER,BIA,DEPOSITO,2022-02-20T22:03:09,2602.16
1044,0004,SANTANDER,JULIA,TRANSFERENCIA,2022-01-29T10:53:29,4555.44
1044,0002,SANTANDER,ANA,SAQUE,2022-02-14T06:08:25,1574.77
1520,0002,SANTANDER,PAULA,TRANSFERENCIA,2022-02-09T19:11:46,1810.04
1044,0001,SANTANDER,ANA,TRANSFERENCIA,2022-02-17T00:09:42,3026.49
2220,0007,SANTANDER,JULIA,TRANSFERENCIA,2022-01-13T03:55:35,4628.66
3320,0007,SANTANDER,BIA,TRANSFERENCIA,2022-01-14T09:53:23,3028.12
1044,0004,SANTANDER,ANA,SAQUE,2022-01-08T21:55:21,2043.11
9999,0002,SANTANDER,BIA,DEPOSITO,2022-01-20T05:36:58,4499.46
2220,0001,SANTANDER,FELIPE,SAQUE,2022-02-10T15:28:06,1317.62
9999,0007,SANTANDER,MARIA,SAQUE,2022-01-04T07:24:07,4169.46
1520,0002,SANTANDER,MARIA,SAQUE,2022-02-19T23:47:49,4334.53
2220,0007,SANTANDER,ANA,SAQUE,2022-02-09T01:28:03,3484.95
3320,0004,SANTANDER,MARIA,DEPOSITO,2022-02-02T16:25:45,2957.80
9999,0001,SANTANDER,JOAO,SAQUE,2022-02-04T11:06:40,4749.65
2220,0007,SANTANDER,BRUNO,DEPOSITO,2022-02-16T07:44:15,3500.87
3320,0001,SANTANDER,FELIPE,SAQUE,2022-02-27T15:04:45,2965.65
2220,0007,SANTANDER,ANA,DEPOSITO,2022-01-18T03:47:33,2543.83
9999,0004,SANTANDER,MARIA,SAQUE,2022-01-29T20:52:20,2466.97
1520,0007,SANTANDER,CARLOS,DEPOSITO,2022-02-07T06:56:33,1593.57
3320,0002,SANTANDER,JOAO,TRANSFERENCIA,2022-01-21T10:55:17,2153.26
1044,0004,SANTANDER,MARIA,DEPOSITO,2022-01-28T15:36:39,828.80
1044,0004,SANTANDER,PAULA,DEPOSITO,2022-01-22T17:06:12,4426.86
1044,0004,SANTANDER,BIA,SAQUE,2022-01-23T11:50:27,3332.50
3320,0001,SANTANDER,JULIA,TRANSFERENCIA,2022-02-19T09:21:09,3774.57
1520,0001,SANTANDER,RAFAEL,TRANSFERENCIA,2022-01-19T22:41:31,34.32
1520,0004,SANTANDER,JULIA,DEPOSITO,2022-02-25T10:54:40,2133.09
2220,0002,SANTANDER,PAULA,DEPOSITO,2022-01-11T15:25:16,3581.54
1520,0007,SANTANDER,BRUNO,DEPOSITO,2022-01-26T12:57:58,435.23
3320,0004,SANTANDER,MARIA,DEPOSITO,2022-01-08T16:14:22,3721.64
3320,0001,SANTANDER,ANA,SAQUE,2022-02-19T05:32:09,1677.35
2220,0001,SANTANDER,ANA,SAQUE,2022-02-12T01:50:35,503.09
9999,0004,SANTANDER,JULIA,TRANSFERENCIA,2022-01-04T11:02:17,4745.96
1520,0002,SANTANDER,FELIPE,TRANSFERENCIA,2022-02-06T12:37:50,4360.70
3320,0002,SANTANDER,CARLOS,DEPOSITO,2022-01-15T16:51:52,2423.05
3320,0007,SANTANDER,CARLOS,SAQUE,2022-01-20T06:42:30,3174.23
1520,0002,SANTANDER,JOAO,DEPOSITO,2022-01-07T12:43:48,2453.97
9999,0002,SANTANDER,FELIPE,SAQUE,2022-02-10T14:22:54,3440.22
9999,0007,SANTANDER,BIA,SAQUE,2022-02-03T20:32:19,2421.68
3320,0004,SANTANDER,JULIA,DEPOSITO,2022-02-17T02:16:17,2451.62
2220,0004,SANTANDER,RAFAEL,DEPOSITO,2022-01-29T16:22:19,483.57
1520,0004,SANTANDER,BRUNO,DEPOSITO,2022-02-01T14:13:48,1237.73
2220,0001,SANTANDER,FELIPE,DEPOSITO,2022-01-31T23:06:17,3303.40
1044,0007,SANTANDER,FELIPE,DEPOSITO,2022-02-17T11:51:32,3005.69
3320,0001,SANTANDER,CARLOS,DEPOSITO,2022-02-19T06:31:52,1076.32
2220,0001,SANTANDER,RAFAEL,DEPOSITO,2022-01-26T09:35:03,3375.27
2220,0007,SANTANDER,PAULA,DEPOSITO,2022-02-08T16:59:26,1304.24
1520,0004,SANTANDER,PAULA,TRANSFERENCIA,2022-01-22T06:11:10,1699.87
1520,0004,SANTANDER,PAULA,DEPOSITO,2022-01-22T11:41:23,2862.96
3320,0002,SANTANDER,MARIA,TRANSFERENCIA,2022-02-02T00:13:11,646.95
9999,0001,SANTANDER,JOAO,DEPOSITO,2022-01-09T18:18:14,3902.39
1044,0004,SANTANDER,RAFAEL,SAQUE,2022-01-05T18:40:47,2593.73
1044,0002,SANTANDER,FELIPE,TRANSFERENCIA,2022-02-08T09:38:34,4298.75
3320,0004,SANTANDER,FELIPE,DEPOSITO,2022-02-02T04:27:21,2067.56
9999,0002,SANTANDER,JOAO,SAQUE,2022-01-02T22:40:10,3775.85
9999,0001,SANTANDER,RAFAEL,DEPOSITO,2022-02-17T01:53:55,212.38
1044,0004,SANTANDER,JOAO,SAQUE,2022-01-25T00:16:16,169.86
1520,0007,SANTANDER,BRUNO,SAQUE,2022-01-27T05:08:32,4310.06
1520,0001,SANTANDER,RAFAEL,TRANSFERENCIA,2022-02-10T07:54:20,101.75
9999,0002,SANTANDER,MARIA,TRANSFERENCIA,2022-02-27T02:35:43,3963.31
3320,0004,SANTANDER,ANA,DEPOSITO,2022-02-19T17:52:30,3717.67
1044,0004,SANTANDER,PAULA,SAQUE,2022-01-10T16:16:09,1322.09
9999,0007,SANTANDER,BRUNO,DEPOSITO,2022-02-11T16:53:17,466.22
2220,0004,SANTANDER,PAULA,DEPOSITO,2022-02-21T18:27:18,2533.46
2220,0001,SANTANDER,PAULA,TRANSFERENCIA,2022-02-08T05:15:35,4757.34
9999,0001,SANTANDER,PAULA,SAQUE,2022-02-26T02:33:24,4875.98
2220,0002,SANTANDER,PAULA,DEPOSITO,2022-02-16T07:02:21,2816.20
1044,0004,SANTANDER,FELIPE,TRANSFERENCIA,2022-01-09T02:52:57,477.85
3320,0002,SANTANDER,PAULA,TRANSFERENCIA,2022-01-25T06:28:12,420.36
2220,0007,SANTANDER,RAFAEL,TRANSFERENCIA,2022-02-25T00:21:54,3803.15
1520,0007,SANTANDER,CARLOS,DEPOSITO,2022-01-31T05:44:33,3702.82
3320,0001,SANTANDER,ANA,TRANSFERENCIA,2022-02-24T21:16:23,2994.05
1520,0004,SANTANDER,JULIA,TRANSFERENCIA,2022-02-17T10:48:58,2728.40
1044,0002,SANTANDER,ANA,DEPOSITO,2022-02-16T21:27:46,2572.64
1520,0001,SANTANDER,BRUNO,TRANSFERENCIA,2022-01-08T12:35:54,1879.05
1520,0002,SANTANDER,RAFAEL,TRANSFERENCIA,2022-01-12T19:03:48,831.82
2220,0001,SANTANDER,JOAO,DEPOSITO,2022-02-18T01:51:48,854.44
9999,0007,SANTANDER,FELIPE,TRANSFERENCIA,2022-02-23T02:48:02,2091.32
1520,0004,SANTANDER,MARIA,DEPOSITO,2022-01-29T13:35:26,3600.00
1044,0004,SANTANDER,BIA,DEPOSITO,2022-02-24T17:46:24,3251.45
3320,0004,SANTANDER,RAFAEL,TRANSFERENCIA,2022-01-20T20:25:50,4014.27
1044,0004,SANTANDER,PAULA,DEPOSITO,2022-01-21T10:46:24,4681.08
3320,0002,SANTANDER,RAFAEL,TRANSFERENCIA,2022-02-16T00:11:53,50.10
2220,0002,SANTANDER,FELIPE,DEPOSITO,2022-01-07T12:13:59,4966.56
1520,0004,SANTANDER,JULIA,SAQUE,2022-01-10T02:40:52,2689.12
1044,0001,SANTANDER,JOAO,TRANSFERENCIA,2022-02-15T12:08:11,2972.68
1520,0004,SANTANDER,RAFAEL,SAQUE,2022-02-03T11:48:32,3144.48
3320,0004,SANTANDER,CARLOS,DEPOSITO,2022-02-26T17:54:36,3646.89
1044,0007,SANTANDER,CARLOS,TRANSFERENCIA,2022-02-22T12:39:39,3208.36
3320,0001,SANTANDER,BIA,SAQUE,2022-01-10T23:57:07,3653.56
1044,0002,SANTANDER,CARLOS,TRANSFERENCIA,2022-01-10T22:25:40,634.39
9999,0007,SANTANDER,ANA,TRANSFERENCIA,2022-02-27T11:51:21,3024.27
9999,0007,SANTANDER,JULIA,SAQUE,2022-01-01T06:13:24,3917.04
3320,0001,SANTANDER,BIA,SAQUE,2022-01-14T21:59:27,824.93
1520,0004,SANTANDER,MARIA,SAQUE,2022-01-14T07:10:28,2559.01
2220,0007,SANTANDER,PAULA,DEPOSITO,2022-01-30T09:00:43,2502.38
1520,0002,SANTANDER,RAFAEL,DEPOSITO,2022-02-06T15:11:41,3869.82
2220,0004,SANTANDER,CARLOS,TRANSFERENCIA,2022-01-31T18:35:53,2653.90
9999,0002,SANTANDER,FELIPE,TRANSFERENCIA,2022-01-27T23:10:24,3557.03
2220,0007,SANTANDER,PAULA,TRANSFERENCIA,2022-01-25T07:47:53,3427.15
9999,0007,SANTANDER,ANA,SAQUE,2022-01-03T10:56:34,4330.83
2220,0004,SANTANDER,BRUNO,SAQUE,2022-02-24T08:24:52,4381.60
3320,0007,SANTANDER,ANA,SAQUE,2022-01-02T00:52:06,979.98
1044,0002,SANTANDER,JOAO,TRANSFERENCIA,2022-01-31T03:15:45,1642.93
1044,0004,SANTANDER,RAFAEL,SAQUE,2022-02-28T21:53:12,1365.87
1044,0007,SANTANDER,BRUNO,SAQUE,2022-01-25T13:37:16,1371.59
1520,0001,SANTANDER,PAULA,TRANSFERENCIA,2022-02-14T03:01:00,2452.01
2220,0001,SANTANDER,JOAO,DEPOSITO,2022-01-03T19:11:42,3064.99
3320,0002,SANTANDER,FELIPE,SAQUE,2022-02-10T17:40:29,4170.49
1520,0001,SANTANDER,PAULA,TRANSFERENCIA,2022-01-07T01:13:43,1571.87
9999,0004,SANTANDER,JULIA,TRANSFERENCIA,2022-01-02T14:51:15,1663.99
1044,0002,SANTANDER,BIA,TRANSFERENCIA,2022-02-05T13:26:22,2582.19
2220,0007,SANTANDER,JOAO,SAQUE,2022-01-19T17:34:57,4125.41
9999,0002,SANTANDER,CARLOS,SAQUE,2022-01-17T18:09:09,2217.55
1044,0002,SANTANDER,RAFAEL,DEPOSITO,2022-01-17T19:02:42,3176.86
1520,0004,SANTANDER,CARLOS,TRANSFERENCIA,2022-02-04T01:09:17,589.46
2220,0001,SANTANDER,BIA,DEPOSITO,2022-01-09T13:25:56,582.19
1520,0002,SANTANDER,MARIA,SAQUE,2022-01-31T19:49:53,2956.15
1520,0002,SANTANDER,JOAO,SAQUE,2022-02-06T08:43:01,2302.29
3320,0004,SANTANDER,JULIA,TRANSFERENCIA,2022-01-13T21:17:40,1553.12
2220,0004,SANTANDER,FELIPE,DEPOSITO,2022-01-14T15:12:59,2825.63
2220,0002,SANTANDER,JULIA,DEPOSITO,2022-01-20T08:13:37,886.38
1044,0004,SANTANDER,PAULA,DEPOSITO,2022-01-09T23:20:08,2449.94
9999,0004,SANTANDER,ANA,TRANSFERENCIA,2022-02-20T18:46:40,2248.92
3320,0001,SANTANDER,BIA,DEPOSITO,2022-01-16T02:49:01,2690.21
3320,0007,SANTANDER,ANA,TRANSFERENCIA,2022-01-29T00:41:38,1038.03
9999,0004,SANTANDER,MARIA,TRANSFERENCIA,2022-01-21T11:01:04,1291.81
2220,0004,SANTANDER,JOAO,SAQUE,2022-02-20T04:46:00,3292.00
3320,0007,SANTANDER,FELIPE,DEPOSITO,2022-02-26T23:23:29,1615.63
9999,0007,SANTANDER,BIA,SAQUE,2022-02-01T07:10:52,3506.74
1044,0001,SANTANDER,FELIPE,DEPOSITO,2022-02-16T03:59:08,1674.23
1520,0002,SANTANDER,ANA,DEPOSITO,2022-01-16T19:13:29,2334.74
3320,0001,SANTANDER,PAULA,TRANSFERENCIA,2022-02-14T07:35:43,2968.28
2220,0007,SANTANDER,PAULA,SAQUE,2022-01-25T12:32:30,3617.14
9999,0004,SANTANDER,PAULA,TRANSFERENCIA,2022-02-08T22:45:16,1501.57
3320,0001,SANTANDER,BRUNO,DEPOSITO,2022-01-27T03:39:23,4769.96
2220,0001,SANTANDER,FELIPE,TRANSFERENCIA,2022-01-17T03:42:16,4611.85
9999,0002,SANTANDER,BIA,SAQUE,2022-01-13T14:40:03,3317.37
1520,0001,SANTANDER,CARLOS,SAQUE,2022-02-03T14:28:37,2294.11
3320,0007,SANTANDER,JOAO,TRANSFERENCIA,2022-01-15T07:40:44,1002.83
3320,0004,SANTANDER,CARLOS,SAQUE,2022-01-18T22:08:03,1181.68
3320,0007,SANTANDER,MARIA,TRANSFERENCIA,2022-01-24T18:16:05,771.54
9999,0004,SANTANDER,JOAO,DEPOSITO,2022-01-16T11:15:55,1724.21
2220,0007,SANTANDER,JULIA,DEPOSITO,2022-02-06T12:49:22,4156.90
3320,0001,SANTANDER,BRUNO,SAQUE,2022-01-31T21:49:29,3815.46
3320,0007,SANTANDER,ANA,DEPOSITO,2022-02-11T05:22:19,2985.10
9999,0001,SANTANDER,ANA,DEPOSITO,2022-02-26T22:28:42,135.45
9999,0002,SANTANDER,JULIA,DEPOSITO,2022-02-05T04:10:28,1699.91
1520,0007,SANTANDER,MARIA,TRANSFERENCIA,2022-01-23T08:06:36,691.26
3320,0001,SANTANDER,JULIA,DEPOSITO,2022-02-12T06:33:25,465.16
2220,0002,SANTANDER,BRUNO,SAQUE,2022-01-28T16:00:52,1556.15
2220,0001,SANTANDER,CARLOS,DEPOSITO,2022-01-18T10:18:25,818.55
9999,0001,SANTANDER,PAULA,SAQUE,2022-02-03T14:54:24,3430.64
1520,0007,SANTANDER,JOAO,SAQUE,2022-01-31T23:23:02,644.57
9999,0007,SANTANDER,PAULA,SAQUE,2022-02-17T04:47:12,3269.43
2220,0007,SANTANDER,JOAO,DEPOSITO,2022-02-11T06:16:40,1293.99
1520,0007,SANTANDER,RAFAEL,DEPOSITO,2022-02-15T23:26:42,3560.41
9999,0004,SANTANDER,MARIA,SAQUE,2022-02-11T04:08:36,2659.03
2220,0001,SANTANDER,FELIPE,SAQUE,2022-02-02T17:32:11,4741.06
9999,0004,SANTANDER,JULIA,TRANSFERENCIA,2022-02-14T04:12:07,2175.01
2220,0004,SANTANDER,JOAO,SAQUE,2022-02-17T12:54:02,2301.79
1520,0004,SANTANDER,CARLOS,DEPOSITO,2022-02-02T18:20:34,3375.31
1520,0004,SANTANDER,FELIPE,DEPOSITO,2022-02-04T15:36:11,2085.88
2220,0004,SANTANDER,CARLOS,TRANSFERENCIA,2022-01-04T10:59:20,2979.30
1044,0001,SANTANDER,RAFAEL,TRANSFERENCIA,2022-02-08T11:14:48,1243.88
1520,0001,SANTANDER,FELIPE,TRANSFERENCIA,2022-01-15T01:02:44,3164.97
2220,0004,SANTANDER,ANA,DEPOSITO,2022-01-24T16:47:45,4593.96
9999,0007,SANTANDER,JOAO,SAQUE,2022-02-01T17:00:22,1864.60
3320,0001,SANTANDER,BRUNO,TRANSFERENCIA,2022-01-08T15:32:07,1689.53
1044,0007,SANTANDER,BRUNO,SAQUE,2022-01-18T20:35:19,4751.84
1044,0001,SANTANDER,BRUNO,SAQUE,2022-01-19T14:33:43,2854.90
1044,0002,SANTANDER,JOAO,DEPOSITO,2022-02-25T15:58:11,2365.12
2220,0004,SANTANDER,FELIPE,DEPOSITO,2022-02-18T16:43:36,3357.53
9999,0007,SANTANDER,FELIPE,TRANSFERENCIA,2022-01-28T15:53:39,1364.12
2220,0002,SANTANDER,JOAO,DEPOSITO,2022-01-13T14:22:44,1374.57
2220,0004,SANTANDER,MARIA,SAQUE,2022-01-22T19:52:46,91.35
1044,0002,SANTANDER,MARIA,TRANSFERENCIA,2022-01-28T22:41:44,3641.09
9999,0007,SANTANDER,BIA,DEPOSITO,2022-02-27T18:59:17,1644.43
2220,0007,SANTANDER,RAFAEL,SAQUE,2022-02-03T07:07:59,1703.64
1044,0007,SANTANDER,FELIPE,DEPOSITO,2022-02-18T10:41:42,1053.98
3320,0007,SANTANDER,CARLOS,DEPOSITO,2022-01-04T03:11:11,3303.83
9999,0001,SANTANDER,PAULA,TRANSFERENCIA,2022-02-03T12:36:19,416.38
9999,0004,SANTANDER,CARLOS,DEPOSITO,2022-01-31T14:47:27,2258.04
2220,0001,SANTANDER,FELIPE,TRANSFERENCIA,2022-02-26T19:00:06,834.50
1044,0007,SANTANDER,BRUNO,SAQUE,2022-01-28T13:30:22,2782.64
2220,0002,SANTANDER,BRUNO,TRANSFERENCIA,2022-01-13T18:52:37,1892.77
1520,0001,SANTANDER,BRUNO,SAQUE,2022-01-21T12:22:36,4960.66
9999,0004,SANTANDER,FELIPE,SAQUE,2022-02-08T22:40:09,2750.80
1044,0002,SANTANDER,BRUNO,TRANSFERENCIA,2022-01-28T01:50:12,1597.70
1044,0001,SANTANDER,ANA,TRANSFERENCIA,2022-02-22T00:06:05,2663.01
3320,0007,SANTANDER,PAULA,DEPOSITO,2022-01-28T19:05:19,4130.87
2220,0002,SANTANDER,FELIPE,DEPOSITO,2022-01-29T00:02:20,17.68
1044,0007,SANTANDER,FELIPE,TRANSFERENCIA,2022-01-10T13:06:33,1917.38
2220,0007,SANTANDER,BRUNO,SAQUE,2022-01-03T19:40:13,3094.76
3320,0001,SANTANDER,BIA,TRANSFERENCIA,2022-02-09T16:30:55,4727.50
1044,0002,SANTANDER,FELIPE,TRANSFERENCIA,2022-02-15T19:38:17,3422.13
1044,0001,SANTANDER,BIA,TRANSFERENCIA,2022-02-07T19:13:35,2760.73
3320,0002,SANTANDER,PAULA,DEPOSITO,2022-01-24T05:38:42,876.88
3320,0004,SANTANDER,FELIPE,DEPOSITO,2022-01-07T07:01:29,4472.33
3320,0007,SANTANDER,PAULA,SAQUE,2022-02-28T13:40:19,2218.82
3320,0002,SANTANDER,PAULA,TRANSFERENCIA,2022-01-11T19:00:54,4018.63
1044,0002,SANTANDER,JULIA,DEPOSITO,2022-01-07T18:44:39,35.41
1520,0007,SANTANDER,RAFAEL,DEPOSITO,2022-02-07T09:51:01,352.76
2220,0004,SANTANDER,RAFAEL,SAQUE,2022-02-28T22:21:31,3235.80
9999,0001,SANTANDER,PAULA,DEPOSITO,2022-01-06T19:18:43,1465.52
2220,0001,SANTANDER,ANA,DEPOSITO,2022-02-19T16:01:13,3146.71
2220,0007,SANTANDER,MARIA,SAQUE,2022-01-15T04:10:00,4235.50
9999,0001,SANTANDER,FELIPE,DEPOSITO,2022-02-10T02:06:37,3283.03
3320,0002,SANTANDER,PAULA,SAQUE,2022-01-26T16:20:51,486.53
1520,0007,SANTANDER,PAULA,SAQUE,2022-01-26T05:50:34,1712.87
2220,0004,SANTANDER,PAULA,TRANSFERENCIA,2022-01-26T01:00:04,2841.59
9999,0001,SANTANDER,FELIPE,SAQUE,2022-02-20T15:50:01,1442.86
3320,0004,SANTANDER,BIA,DEPOSITO,2022-01-29T06:35:16,1534.01
3320,0004,SANTANDER,PAULA,TRANSFERENCIA,2022-02-12T16:57:12,3366.72
3320,0002,SANTANDER,FELIPE,TRANSFERENCIA,2022-01-29T09:11:05,4295.88
1044,0002,SANTANDER,JOAO,SAQUE,2022-02-26T15:01:30,1515.48
9999,0001,SANTANDER,CARLOS,DEPOSITO,2022-02-19T09:06:15,3727.54
9999,0007,SANTANDER,PAULA,TRANSFERENCIA,2022-01-17T13:05:03,4862.04
3320,0004,SANTANDER,RAFAEL,DEPOSITO,2022-02-06T16:45:15,4327.18
2220,0002,SANTANDER,RAFAEL,DEPOSITO,2022-01-18T00:40:55,2420.51
2220,0001,SANTANDER,MARIA,DEPOSITO,2022-01-22T19:52:50,1547.23
3320,0002,SANTANDER,CARLOS,TRANSFERENCIA,2022-01-12T14:40:05,3250.33
1044,0007,SANTANDER,PAULA,TRANSFERENCIA,2022-01-02T04:25:47,4200.05
9999,0002,SANTANDER,JULIA,DEPOSITO,2022-01-04T04:31:26,1993.06
1520,0004,SANTANDER,RAFAEL,SAQUE,2022-01-27T08:34:45,2766.87
9999,0001,SANTANDER,JOAO,DEPOSITO,2022-02-25T00:30:42,2615.22
3320,0004,SANTANDER,FELIPE,TRANSFERENCIA,2022-01-24T19:05:39,1142.47
2220,0002,SANTANDER,JOAO,TRANSFERENCIA,2022-01-26T19:16:24,2760.33
1520,0002,SANTANDER,MARIA,SAQUE,2022-02-20T17:38:51,1514.50
3320,0002,SANTANDER,JULIA,TRANSFERENCIA,2022-02-26T10:27:29,2386.93
1520,0001,SANTANDER,ANA,TRANSFERENCIA,2022-01-08T02:13:45,982.93
1520,0007,SANTANDER,MARIA,DEPOSITO,2022-01-20T03:57:59,500.28
9999,0002,SANTANDER,BIA,DEPOSITO,2022-01-30T02:57:34,2847.08
9999,0007,SANTANDER,MARIA,TRANSFERENCIA,2022-02-12T23:25:48,3887.20
3320,0007,SANTANDER,JOAO,DEPOSITO,2022-02-09T12:46:20,3007.17
2220,0002,SANTANDER,ANA,TRANSFERENCIA,2022-02-16T22:07:23,2571.49
1044,0004,SANTANDER,RAFAEL,SAQUE,2022-02-03T02:55:08,1377.17
9999,0004,SANTANDER,PAULA,SAQUE,2022-01-18T16:30:38,2438.41
1044,0007,SANTANDER,PAULA,SAQUE,2022-01-18T08:37:22,328.73
2220,0004,SANTANDER,MARIA,DEPOSITO,2022-02-03T05:55:25,3189.78
9999,0002,SANTANDER,JULIA,SAQUE,2022-01-23T12:08:22,1066.87
9999,0004,SANTANDER,ANA,TRANSFERENCIA,2022-02-15T19:32:59,515.48
1044,0002,SANTANDER,BIA,TRANSFERENCIA,2022-01-16T00:14:19,1619.50
3320,0007,SANTANDER,FELIPE,SAQUE,2022-01-16T06:08:44,1629.08
9999,0007,SANTANDER,BIA,DEPOSITO,2022-01-27T03:42:29,1144.39
1044,0007,SANTANDER,CARLOS,DEPOSITO,2022-01-15T01:50:35,1531.86
1044,0004,SANTANDER,PAULA,DEPOSITO,2022-02-11T07:00:57,2816.87
2220,0001,SANTANDER,BRUNO,SAQUE,2022-02-09T16:32:40,1768.71
3320,0007,SANTANDER,CARLOS,SAQUE,2022-01-20T15:11:26,1043.84
1044,0004,SANTANDER,ANA,SAQUE,2022-02-01T05:57:18,2138.06
2220,0004,SANTANDER,RAFAEL,TRANSFERENCIA,2022-01-20T08:45:25,3987.58
9999,0007,SANTANDER,CARLOS,SAQUE,2022-01-08T05:25:38,1216.45
1044,0007,SANTANDER,BIA,DEPOSITO,2022-01-05T11:11:15,3906.36
2220,0007,SANTANDER,JULIA,DEPOSITO,2022-02-28T21:43:29,2930.99
1520,0001,SANTANDER,JOAO,TRANSFERENCIA,2022-02-03T06:31:48,1380.96
1044,0007,SANTANDER,CARLOS,SAQUE,2022-02-15T19:28:08,672.29
1520,0004,SANTANDER,BRUNO,SAQUE,2022-01-15T14:30:10,2949.45
9999,0002,SANTANDER,RAFAEL,SAQUE,2022-02-12T13:13:21,1226.89
9999,0004,SANTANDER,RAFAEL,TRANSFERENCIA,2022-01-29T07:03:22,3448.16
3320,0001,SANTANDER,ANA,DEPOSITO,2022-02-13T06:53:00,3736.62
3320,0002,SANTANDER,ANA,DEPOSITO,2022-01-23T02:32:17,2304.56
1044,0002,SANTANDER,CARLOS,DEPOSITO,2022-02-28T14:31:45,3738.50
1520,0002,SANTANDER,MARIA,TRANSFERENCIA,2022-02-09T21:11:03,2137.23
2220,0001,SANTANDER,RAFAEL,SAQUE,2022-02-19T17:39:22,1868.00
9999,0007,SANTANDER,JOAO,TRANSFERENCIA,2022-02-01T18:07:42,3950.90
2220,0004,SANTANDER,BIA,DEPOSITO,2022-01-07T12:22:35,3672.43
9999,0001,SANTANDER,RAFAEL,SAQUE,2022-02-21T15:05:46,791.96
9999,0001,SANTANDER,BIA,DEPOSITO,2022-01-19T12:48:00,3759.78
2220,0004,SANTANDER,PAULA,DEPOSITO,2022-01-15T18:39:50,3252.57
1520,0002,SANTANDER,BIA,DEPOSITO,2022-02-14T02:00:22,2639.04
2220,0001,SANTANDER,BRUNO,TRANSFERENCIA,2022-01-29T12:38:08,32.76
2220,0001,SANTANDER,JOAO,SAQUE,2022-02-01T07:12:35,2136.32
1044,0002,SANTANDER,BIA,TRANSFERENCIA,2022-02-01T17:04:41,2662.29
3320,0004,SANTANDER,BIA,SAQUE,2022-01-19T08:02:46,3865.19
3320,0004,SANTANDER,FELIPE,SAQUE,2022-01-03T13:06:26,2667.58
1520,0002,SANTANDER,RAFAEL,DEPOSITO,2022-01-07T17:24:12,1637.98
1044,0002,SANTANDER,JULIA,SAQUE,2022-01-30T09:52:36,817.28
1044,0002,SANTANDER,JULIA,DEPOSITO,2022-01-03T15:36:19,687.42
2220,0001,SANTANDER,BRUNO,SAQUE,2022-02-13T02:29:03,4337.80
3320,0007,SANTANDER,JOAO,DEPOSITO,2022-02-12T13:53:17,1996.49
3320,0007,SANTANDER,BIA,SAQUE,2022-01-10T00:21:37,4846.25
9999,0001,SANTANDER,FELIPE,SAQUE,2022-01-12T16:27:18,4703.54
9999,0004,SANTANDER,ANA,DEPOSITO,2022-01-19T13:01:05,1052.43
1520,0004,SANTANDER,PAULA,DEPOSITO,2022-02-19T09:26:20,560.85
2220,0001,SANTANDER,JOAO,DEPOSITO,2022-02-10T18:42:12,2002.14
1520,0004,SANTANDER,ANA,DEPOSITO,2022-01-07T08:10:23,2171.31
1044,0002,SANTANDER,MARIA,TRANSFERENCIA,2022-02-07T20:02:04,4379.83
1520,0004,SANTANDER,ANA,SAQUE,2022-01-14T15:56:17,4237.23
3320,0001,SANTANDER,FELIPE,TRANSFERENCIA,2022-01-16T02:56:35,701.96
2220,0001,SANTANDER,JOAO,TRANSFERENCIA,2022-01-21T08:55:44,4331.86
1044,0004,SANTANDER,BIA,DEPOSITO,2022-01-16T06:57:40,2096.78
3320,0002,SANTANDER,FELIPE,DEPOSITO,2022-01-11T14:54:03,3933.00
1520,0007,SANTANDER,JULIA,DEPOSITO,2022-02-09T04:34:57,3126.94
1044,0004,SANTANDER,JOAO,SAQUE,2022-02-02T04:38:31,143.46
2220,0001,SANTANDER,FELIPE,DEPOSITO,2022-01-05T12:21:05,2697.84
9999,0002,SANTANDER,FELIPE,SAQUE,2022-01-02T10:48:32,1743.98
3320,0001,SANTANDER,BRUNO,SAQUE,2022-01-11T21:56:08,4843.68
2220,0007,SANTANDER,RAFAEL,DEPOSITO,2022-01-14T01:11:14,4284.72
1520,0004,SANTANDER,PAULA,DEPOSITO,2022-01-25T22:31:51,641.86
9999,0004,SANTANDER,BIA,TRANSFERENCIA,2022-01-10T08:37:27,2389.47
9999,0002,SANTANDER,FELIPE,SAQUE,2022-02-19T23:25:02,649.91
3320,0002,SANTANDER,MARIA,TRANSFERENCIA,2022-01-10T04:52:29,3586.62
1044,0001,SANTANDER,JULIA,SAQUE,2022-01-25T08:06:18,923.95
1044,0004,SANTANDER,PAULA,TRANSFERENCIA,2022-02-27T08:37:40,2600.06
9999,0004,SANTANDER,FELIPE,DEPOSITO,2022-02-10T23:22:48,1874.48
3320,0001,SANTANDER,BRUNO,TRANSFERENCIA,2022-01-05T15:53:27,3971.18
3320,0001,SANTANDER,FELIPE,TRANSFERENCIA,2022-01-04T07:29:29,4177.06
3320,0002,SANTANDER,BRUNO,DEPOSITO,2022-01-02T03:17:31,2860.86
2220,0004,SANTANDER,JULIA,TRANSFERENCIA,2022-02-26T00:58:36,2028.88
3320,0007,SANTANDER,BIA,DEPOSITO,2022-02-22T23:59:28,2199.88
1044,0004,SANTANDER,ANA,SAQUE,2022-01-25T18:51:20,1705.57
2220,0007,SANTANDER,MARIA,TRANSFERENCIA,2022-02-03T05:47:29,3816.58
1044,0001,SANTANDER,ANA,DEPOSITO,2022-01-03T11:13:07,4823.80
3320,0001,SANTANDER,JULIA,DEPOSITO,2022-01-11T18:58:04,602.27
1044,0002,SANTANDER,ANA,DEPOSITO,2022-02-13T22:33:08,2181.38
1520,0002,SANTANDER,BRUNO,TRANSFERENCIA,2022-01-19T22:05:55,709.40
3320,0001,SANTANDER,JULIA,TRANSFERENCIA,2022-02-04T08:43:54,2628.35
3320,0001,SANTANDER,RAFAEL,DEPOSITO,2022-02-22T09:01:35,1152.89
9999,0002,SANTANDER,ANA,SAQUE,2022-01-10T17:20:19,3402.30
9999,0002,SANTANDER,FELIPE,TRANSFERENCIA,2022-02-11T04:01:41,4291.62
1044,0001,SANTANDER,BRUNO,DEPOSITO,2022-02-07T20:14:07,4504.88
2220,0007,SANTANDER,PAULA,DEPOSITO,2022-01-14T05:10:56,3608.02
1044,0001,SANTANDER,MARIA,DEPOSITO,2022-02-23T23:00:30,3340.93
3320,0001,SANTANDER,JOAO,DEPOSITO,2022-01-14T14:55:49,719.81
3320,0002,SANTANDER,BRUNO,SAQUE,2022-02-10T16:21:44,1955.61
3320,0002,SANTANDER,ANA,SAQUE,2022-01-22T23:19:44,4816.82
1044,0002,SANTANDER,BRUNO,SAQUE,2022-02-26T21:18:54,4721.76
3320,0002,SANTANDER,PAULA,SAQUE,2022-01-27T17:53:32,3803.16
1520,0001,SANTANDER,RAFAEL,DEPOSITO,2022-02-20T21:34:11,513.96
9999,0007,SANTANDER,JULIA,TRANSFERENCIA,2022-02-12T13:14:51,1494.81
1520,0007,SANTANDER,FELIPE,SAQUE,2022-02-03T03:27:59,4376.30
1520,0007,SANTANDER,CARLOS,SAQUE,2022-02-15T07:05:01,2130.13
3320,0007,SANTANDER,CARLOS,SAQUE,2022-02-20T18:18:14,516.15
9999,0004,SANTANDER,JULIA,TRANSFERENCIA,2022-02-18T00:20:33,4183.71
2220,0007,SANTANDER,JOAO,TRANSFERENCIA,2022-01-11T05:06:38,4325.97
1044,0004,SANTANDER,CARLOS,TRANSFERENCIA,2022-02-19T07:18:52,1644.82
1044,0004,SANTANDER,MARIA,SAQUE,2022-01-10T19:39:08,3565.76
2220,0002,SANTANDER,BIA,DEPOSITO,2022-01-22T11:52:18,2955.83
1044,0001,SANTANDER,PAULA,TRANSFERENCIA,2022-02-28T21:34:30,4187.22
2220,0007,SANTANDER,JOAO,TRANSFERENCIA,2022-01-11T11:11:12,2952.12
1520,0001,SANTANDER,MARIA,SAQUE,2022-02-05T00:29:37,2901.03
9999,0007,SANTANDER,BRUNO,TRANSFERENCIA,2022-01-04T20:53:31,1737.17
2220,0007,SANTANDER,BIA,TRANSFERENCIA,2022-01-04T14:51:35,4701.04
2220,0001,SANTANDER,JULIA,TRANSFERENCIA,2022-01-18T13:08:57,121.70
1044,0001,SANTANDER,CARLOS,DEPOSITO,2022-01-03T18:07:03,3645.56
1044,0004,SANTANDER,ANA,DEPOSITO,2022-01-25T03:30:55,1383.89
1520,0004,SANTANDER,PAULA,TRANSFERENCIA,2022-01-26T13:14:20,3843.29
3320,0002,SANTANDER,RAFAEL,TRANSFERENCIA,2022-02-01T06:02:14,3703.78
1044,0002,SANTANDER,PAULA,SAQUE,2022-02-02T09:43:29,1759.67
9999,0002,SANTANDER,ANA,DEPOSITO,2022-01-10T20:02:30,4570.94
1520,0007,SANTANDER,ANA,TRANSFERENCIA,2022-02-18T06:32:34,3197.74
2220,0002,SANTANDER,CARLOS,TRANSFERENCIA,2022-02-17T03:09:31,1753.62
2220,0004,SANTANDER,FELIPE,SAQUE,2022-02-01T08:05:05,80.62
3320,0004,SANTANDER,RAFAEL,TRANSFERENCIA,2022-02-24T10:01:31,1481.72
9999,0002,SANTANDER,BRUNO,TRANSFERENCIA,2022-01-08T08:56:31,993.90
1520,0007,SANTANDER,CARLOS,SAQUE,2022-02-03T00:38:22,2664.61
2220,0002,SANTANDER,BRUNO,SAQUE,2022-01-29T12:51:54,3067.49
1520,0004,SANTANDER,JULIA,DEPOSITO,2022-01-04T23:00:27,1230.27
3320,0004,SANTANDER,JOAO,DEPOSITO,2022-01-22T19:02:59,4166.41
3320,0002,SANTANDER,JULIA,DEPOSITO,2022-01-21T23:14:31,727.74
1044,0002,SANTANDER,JOAO,TRANSFERENCIA,2022-02-16T22:06:30,4189.82
2220,0002,SANTANDER,BRUNO,SAQUE,2022-02-20T08:21:32,2904.90
9999,0007,SANTANDER,CARLOS,TRANSFERENCIA,2022-02-05T08:06:32,4017.33
1044,0007,SANTANDER,ANA,DEPOSITO,2022-01-23T18:54:15,1601.45
1044,0001,SANTANDER,FELIPE,DEPOSITO,2022-01-24T23:18:28,3977.99
9999,0002,SANTANDER,MARIA,TRANSFERENCIA,2022-02-16T04:32:57,2677.26
1520,0002,SANTANDER,ANA,TRANSFERENCIA,2022-02-23T19:04:59,4105.57
3320,0007,SANTANDER,CARLOS,TRANSFERENCIA,2022-01-06T03:58:06,2301.73
2220,0007,SANTANDER,BIA,DEPOSITO,2022-01-07T06:39:48,4765.87
3320,0001,SANTANDER,RAFAEL,DEPOSITO,2022-02-24T06:33:18,3251.74
1044,0007,SANTANDER,FELIPE,SAQUE,2022-02-04T09:50:25,328.00
1044,0004,SANTANDER,JOAO,TRANSFERENCIA,2022-02-28T00:49:54,2454.56
3320,0007,SANTANDER,JULIA,TRANSFERENCIA,2022-02-13T21:29:48,1549.82
1044,0004,SANTANDER,JULIA,TRANSFERENCIA,2022-02-19T07:37:14,4731.39
3320,0004,SANTANDER,JOAO,TRANSFERENCIA,2022-01-06T03:25:52,3560.86
1044,0001,SANTANDER,MARIA,TRANSFERENCIA,2022-01-07T04:15:56,2649.33
3320,0002,SANTANDER,JULIA,TRANSFERENCIA,2022-01-18T09:53:39,4178.86
1520,0007,SANTANDER,MARIA,DEPOSITO,2022-01-09T15:37:53,471.71
2220,0007,SANTANDER,BRUNO,DEPOSITO,2022-02-16T01:26:59,693.41
1044,0002,SANTANDER,MARIA,DEPOSITO,2022-02-04T11:34:32,887.88
2220,0004,SANTANDER,PAULA,SAQUE,2022-01-18T22:04:15,1303.27
3320,0002,SANTANDER,ANA,TRANSFERENCIA,2022-01-08T22:04:05,1699.26
1520,0004,SANTANDER,JOAO,TRANSFERENCIA,2022-01-06T21:54:33,4910.07
1520,0004,SANTANDER,MARIA,SAQUE,2022-01-01T04:01:43,4818.04
9999,0001,SANTANDER,JOAO,DEPOSITO,2022-02-07T08:32:26,1532.01
9999,0004,SANTANDER,MARIA,SAQUE,2022-01-19T07:11:42,3182.77
2220,0002,SANTANDER,RAFAEL,SAQUE,2022-02-03T12:29:09,485.73
3320,0004,SANTANDER,BIA,SAQUE,2022-02-12T18:53:59,3532.13
3320,0002,SANTANDER,PAULA,SAQUE,2022-01-04T18:21:02,4676.53
1520,0004,SANTANDER,CARLOS,SAQUE,2022-02-03T21:21:17,3415.48
9999,0002,SANTANDER,MARIA,DEPOSITO,2022-01-19T18:05:40,3017.91
9999,0004,SANTANDER,PAULA,TRANSFERENCIA,2022-02-23T04:53:13,4159.02
2220,0001,SANTANDER,RAFAEL,SAQUE,2022-02-02T20:23:54,1231.86
3320,0002,SANTANDER,PAULA,SAQUE,2022-02-09T06:03:05,208.91
1520,0007,SANTANDER,BIA,SAQUE,2022-02-20T11:19:25,455.68
1044,0007,SANTANDER,RAFAEL,TRANSFERENCIA,2022-01-20T12:12:20,1413.53
3320,0007,SANTANDER,JULIA,DEPOSITO,2022-02-11T09:23:44,2021.79
2220,0001,SANTANDER,PAULA,SAQUE,2022-02-17T16:40:14,522.49
9999,0007,SANTANDER,BIA,DEPOSITO,2022-01-30T16:47:34,2488.58
1044,0001,SANTANDER,RAFAEL,SAQUE,2022-01-19T06:15:20,4733.95
1044,0002,SANTANDER,ANA,TRANSFERENCIA,2022-01-05T15:44:44,2671.93
1520,0004,SANTANDER,BRUNO,SAQUE,2022-02-04T03:40:23,4820.97
1520,0007,SANTANDER,RAFAEL,TRANSFERENCIA,2022-01-18T07:26:45,2544.22
1520,0002,SANTANDER,MARIA,DEPOSITO,2022-01-19T00:43:29,4461.89
1044,0001,SANTANDER,JULIA,DEPOSITO,2022-01-21T01:43:55,2856.16
9999,0001,SANTANDER,JOAO,DEPOSITO,2022-01-21T00:05:03,4501.70
1520,0004,SANTANDER,JOAO,SAQUE,2022-02-02T02:42:17,4922.03
2220,0002,SANTANDER,ANA,DEPOSITO,2022-01-05T08:17:27,780.49
9999,0002,SANTANDER,BIA,TRANSFERENCIA,2022-01-26T01:36:55,4409.84
2220,0004,SANTANDER,JULIA,TRANSFERENCIA,2022-01-27T11:14:19,2046.61
1520,0007,SANTANDER,BRUNO,DEPOSITO,2022-01-27T23:59:20,4213.33
3320,0007,SANTANDER,CARLOS,TRANSFERENCIA,2022-01-02T00:18:10,3133.06
2220,0001,SANTANDER,PAULA,SAQUE,2022-01-22T15:34:06,353.55
1520,0001,SANTANDER,FELIPE,DEPOSITO,2022-01-07T10:57:25,917.61
1044,0002,SANTANDER,CARLOS,TRANSFERENCIA,2022-02-08T15:53:01,1424.75
1044,0004,SANTANDER,BIA,DEPOSITO,2022-01-11T12:48:17,3805.19
2220,0002,SANTANDER,MARIA,TRANSFERENCIA,2022-02-18T08:20:51,1004.74
9999,0001,SANTANDER,PAULA,DEPOSITO,2022-01-11T14:47:23,557.92
1520,0007,SANTANDER,FELIPE,SAQUE,2022-01-07T13:03:15,1209.52
9999,0004,SANTANDER,PAULA,TRANSFERENCIA,2022-01-14T20:39:06,2210.68
1520,0002,SANTANDER,JULIA,TRANSFERENCIA,2022-01-31T20:48:37,219.75
1520,0002,SANTANDER,ANA,DEPOSITO,2022-01-18T01:00:44,1751.24
3320,0001,SANTANDER,BRUNO,DEPOSITO,2022-01-15T20:44:35,4734.16
9999,0001,SANTANDER,JULIA,SAQUE,2022-01-19T20:50:34,1680.11
2220,0001,SANTANDER,PAULA,SAQUE,2022-01-24T20:41:59,3008.70
1044,0002,SANTANDER,FELIPE,TRANSFERENCIA,2022-01-31T19:57:12,284.51
1520,0007,SANTANDER,RAFAEL,TRANSFERENCIA,2022-01-02T16:41:20,3093.31
3320,0004,SANTANDER,ANA,SAQUE,2022-01-14T22:20:51,4507.70
3320,0001,SANTANDER,BRUNO,SAQUE,2022-02-24T15:12:47,293.03
2220,0001,SANTANDER,JULIA,TRANSFERENCIA,2022-01-04T10:00:38,2818.63
1520,0001,SANTANDER,PAULA,TRANSFERENCIA,2022-02-07T11:34:21,1413.06
9999,0007,SANTANDER,PAULA,TRANSFERENCIA,2022-01-24T01:48:32,3414.72
9999,0004,SANTANDER,ANA,TRANSFERENCIA,2022-02-14T04:11:24,2396.17
3320,0007,SANTANDER,RAFAEL,DEPOSITO,2022-01-22T17:35:04,722.89
3320,0007,SANTANDER,CARLOS,SAQUE,2022-02-05T17:41:02,3700.29
2220,0004,SANTANDER,FELIPE,SAQUE,2022-02-14T15:43:09,2052.45
9999,0002,SANTANDER,BRUNO,SAQUE,2022-02-04T06:24:46,1041.30
2220,0007,SANTANDER,BRUNO,DEPOSITO,2022-02-13T21:57:46,2220.02
2220,0007,SANTANDER,ANA,DEPOSITO,2022-02-01T15:39:38,3327.20
3320,0002,SANTANDER,JULIA,SAQUE,2022-01-19T12:58:51,2842.36
9999,0004,SANTANDER,PAULA,TRANSFERENCIA,2022-02-09T15:11:37,1874.71
1044,0002,SANTANDER,BRUNO,SAQUE,2022-02-15T15:43:15,544.14
2220,0004,SANTANDER,BIA,DEPOSITO,2022-01-05T22:34:20,997.85
1044,0002,SANTANDER,BRUNO,TRANSFERENCIA,2022-02-11T22:07:45,902.40
2220,0001,SANTANDER,JULIA,DEPOSITO,2022-02-25T02:07:16,3335.30
1044,0002,SANTANDER,BRUNO,TRANSFERENCIA,2022-01-20T04:55:48,754.27
1044,0007,SANTANDER,JULIA,TRANSFERENCIA,2022-01-13T16:12:55,3813.34
2220,0004,SANTANDER,BIA,TRANSFERENCIA,2022-02-21T12:21:35,3676.85
1520,0001,SANTANDER,MARIA,SAQUE,2022-01-03T02:01:10,44.33
1520,0004,SANTANDER,MARIA,DEPOSITO,2022-02-04T15:09:45,1015.83
3320,0002,SANTANDER,CARLOS,SAQUE,2022-02-05T05:42:41,3116.54
1044,0007,SANTANDER,PAULA,DEPOSITO,2022-01-18T00:17:15,1449.42
1520,0002,SANTANDER,FELIPE,SAQUE,2022-02-10T07:27:11,593.08
9999,0007,SANTANDER,FELIPE,TRANSFERENCIA,2022-02-23T15:00:06,3143.78
1044,0002,SANTANDER,MARIA,TRANSFERENCIA,2022-01-15T05:42:38,4546.01
1520,0001,SANTANDER,FELIPE,DEPOSITO,2022-02-15T21:44:03,1897.47
3320,0001,SANTANDER,BIA,TRANSFERENCIA,2022-02-05T04:24:59,4654.78
9999,0002,SANTANDER,PAULA,SAQUE,2022-02-17T17:54:00,4733.07
9999,0004,SANTANDER,ANA,SAQUE,2022-02-05T22:05:17,345.38
3320,0004,SANTANDER,BRUNO,SAQUE,2022-01-11T18:34:59,4964.49
3320,0004,SANTANDER,CARLOS,TRANSFERENCIA,2022-01-09T01:34:24,1774.20
2220,0001,SANTANDER,BIA,TRANSFERENCIA,2022-02-10T13:24:05,4958.52
1044,0004,SANTANDER,JULIA,TRANSFERENCIA,2022-01-28T05:01:12,4910.20
1520,0007,SANTANDER,ANA,SAQUE,2022-01-06T01:11:40,3247.38
1044,0004,SANTANDER,PAULA,DEPOSITO,2022-02-02T18:28:24,203.24
2220,0001,SANTANDER,ANA,TRANSFERENCIA,2022-01-04T01:06:22,654.12
9999,0001,SANTANDER,BIA,SAQUE,2022-01-30T09:21:59,1903.97
2220,0007,SANTANDER,BRUNO,SAQUE,2022-01-27T05:48:23,3484.58
1044,0004,SANTANDER,RAFAEL,DEPOSITO,2022-02-09T12:49:59,3536.70
3320,0004,SANTANDER,CARLOS,TRANSFERENCIA,2022-01-19T17:29:51,2444.66
1044,0001,SANTANDER,PAULA,TRANSFERENCIA,2022-01-09T05:35:14,4027.57
1044,0001,SANTANDER,JOAO,SAQUE,2022-01-11T09:26:37,1215.56
3320,0004,SANTANDER,MARIA,SAQUE,2022-02-25T12:38:38,4007.48
1520,0001,SANTANDER,JOAO,TRANSFERENCIA,2022-01-02T07:20:03,3682.78
1044,0001,SANTANDER,FELIPE,TRANSFERENCIA,2022-02-14T17:39:20,3155.38
1044,0001,SANTANDER,BIA,SAQUE,2022-01-06T10:52:38,3521.03
3320,0001,SANTANDER,FELIPE,SAQUE,2022-01-09T21:24:38,20.20
3320,0002,SANTANDER,JOAO,TRANSFERENCIA,2022-01-08T17:02:35,1935.12
9999,0002,SANTANDER,PAULA,SAQUE,2022-02-18T02:08:00,3027.68
3320,0007,SANTANDER,CARLOS,TRANSFERENCIA,2022-02-27T11:01:19,4325.18
1520,0007,SANTANDER,FELIPE,TRANSFERENCIA,2022-01-01T14:42:40,398.71
3320,0004,SANTANDER,FELIPE,TRANSFERENCIA,2022-02-25T20:51:30,4863.65
1520,0001,SANTANDER,JULIA,SAQUE,2022-02-01T04:55:44,3781.67
3320,0002,SANTANDER,BRUNO,TRANSFERENCIA,2022-02-27T12:10:41,1484.30
2220,0004,SANTANDER,JULIA,DEPOSITO,2022-01-25T08:45:19,4122.52
3320,0001,SANTANDER,CARLOS,DEPOSITO,2022-01-16T15:46:21,324.20
1520,0007,SANTANDER,ANA,TRANSFERENCIA,2022-01-06T20:45:05,3099.61
2220,0001,SANTANDER,PAULA,SAQUE,2022-01-09T13:35:41,1592.67
1044,0001,SANTANDER,BIA,DEPOSITO,2022-01-31T23:28:22,2254.48
2220,0004,SANTANDER,PAULA,DEPOSITO,2022-02-17T11:39:22,1568.06
3320,0002,SANTANDER,BIA,SAQUE,2022-01-05T03:29:49,3454.63
2220,0007,SANTANDER,PAULA,DEPOSITO,2022-02-09T03:37:16,2318.66
2220,0007,SANTANDER,FELIPE,SAQUE,2022-02-07T10:25:46,2098.57
1520,0002,SANTANDER,ANA,DEPOSITO,2022-01-15T12:05:23,1997.69
1520,0007,SANTANDER,FELIPE,SAQUE,2022-02-27T13:38:37,4730.27
3320,0001,SANTANDER,JOAO,DEPOSITO,2022-02-15T20:30:40,750.35
1044,0002,SANTANDER,JOAO,DEPOSITO,2022-02-08T01:57:59,792.42
9999,0004,SANTANDER,JULIA,SAQUE,2022-02-17T05:42:29,3034.52
2220,0007,SANTANDER,BRUNO,SAQUE,2022-02-17T07:35:22,4845.53
1520,0004,SANTANDER,MARIA,SAQUE,2022-02-01T09:18:10,3530.41
9999,0004,SANTANDER,FELIPE,SAQUE,2022-02-20T08:48:16,4716.75
3320,0007,SANTANDER,PAULA,SAQUE,2022-01-30T21:42:35,3157.91
1044,0004,SANTANDER,BIA,DEPOSITO,2022-01-12T19:55:29,2995.98
9999,0004,SANTANDER,ANA,TRANSFERENCIA,2022-02-06T05:58:46,4035.81
3320,0004,SANTANDER,BIA,DEPOSITO,2022-01-07T03:05:30,89.53
1044,0007,SANTANDER,JULIA,SAQUE,2022-02-01T16:06:09,3441.72
1044,0007,SANTANDER,CARLOS,TRANSFERENCIA,2022-02-03T02:01:19,2886.52
1044,0002,SANTANDER,FELIPE,DEPOSITO,2022-02-25T13:29:50,4855.71
3320,0002,SANTANDER,JULIA,DEPOSITO,2022-02-24T16:34:46,2349.29
1520,0004,SANTANDER,RAFAEL,SAQUE,2022-02-07T07:07:07,3751.21
9999,0004,SANTANDER,MARIA,TRANSFERENCIA,2022-02-17T15:58:27,2313.98
1044,0001,SANTANDER,PAULA,DEPOSITO,2022-01-19T18:08:45,3956.62
1044,0002,SANTANDER,ANA,SAQUE,2022-02-15T23:54:37,1233.68
1520,0004,SANTANDER,ANA,TRANSFERENCIA,2022-02-16T20:25:48,2809.83
1044,0004,SANTANDER,PAULA,DEPOSITO,2022-02-28T17:13:07,4416.18
3320,0002,SANTANDER,BIA,TRANSFERENCIA,2022-01-12T16:27:53,1478.80
1520,0002,SANTANDER,RAFAEL,TRANSFERENCIA,2022-01-28T10:10:14,1241.88
2220,0007,SANTANDER,JOAO,DEPOSITO,2022-01-26T08:08:45,1022.00
1044,0001,SANTANDER,JOAO,TRANSFERENCIA,2022-02-10T21:59:14,394.47
2220,0002,SANTANDER,PAULA,TRANSFERENCIA,2022-02-07T02:10:11,2776.77
9999,0007,SANTANDER,ANA,SAQUE,2022-01-27T13:25:20,2280.26
3320,0007,SANTANDER,CARLOS,SAQUE,2022-02-26T22:35:53,643.55
1520,0001,SANTANDER,JOAO,DEPOSITO,2022-02-23T15:35:36,2386.03
3320,0004,SANTANDER,BRUNO,TRANSFERENCIA,2022-01-03T11:20:18,3144.82
1044,0007,SANTANDER,FELIPE,DEPOSITO,2022-01-04T08:28:12,3218.46
1044,0001,SANTANDER,RAFAEL,SAQUE,2022-01-13T19:16:18,2483.89
1520,0002,SANTANDER,FELIPE,SAQUE,2022-02-20T18:10:01,817.75
3320,0001,SANTANDER,ANA,DEPOSITO,2022-02-02T19:57:55,406.71
1044,0001,SANTANDER,PAULA,DEPOSITO,2022-02-22T22:12:05,311.69
2220,0007,SANTANDER,FELIPE,TRANSFERENCIA,2022-01-09T16:29:19,4072.01
2220,0002,SANTANDER,MARIA,DEPOSITO,2022-01-23T01:52:17,1197.09
9999,0001,SANTANDER,JOAO,TRANSFERENCIA,2022-01-22T21:29:57,2393.99
1520,0002,SANTANDER,JULIA,SAQUE,2022-01-14T08:48:05,2503.42
1044,0007,SANTANDER,BRUNO,SAQUE,2022-02-19T12:57:41,3827.92
2220,0001,SANTANDER,BRUNO,TRANSFERENCIA,2022-01-07T14:21:42,201.61
9999,0001,SANTANDER,JULIA,SAQUE,2022-02-26T13:52:50,2457.83
1044,0001,SANTANDER,BIA,DEPOSITO,2022-02-19T10:24:08,4493.00
3320,0007,SANTANDER,JULIA,SAQUE,2022-02-22T01:30:23,37.74
9999,0004,SANTANDER,CARLOS,TRANSFERENCIA,2022-02-06T08:11:00,2554.89
3320,0002,SANTANDER,BIA,DEPOSITO,2022-02-02T11:24:29,979.67
1044,0007,SANTANDER,MARIA,TRANSFERENCIA,2022-01-28T16:59:15,2258.80
2220,0007,SANTANDER,JULIA,SAQUE,2022-01-11T22:35:41,209.26
1520,0002,SANTANDER,JULIA,TRANSFERENCIA,2022-01-29T23:48:40,4164.82
3320,0004,SANTANDER,ANA,DEPOSITO,2022-01-06T06:41:08,3239.50
3320,0004,SANTANDER,JULIA,TRANSFERENCIA,2022-01-03T07:29:13,1550.20
3320,0002,SANTANDER,ANA,SAQUE,2022-02-18T12:08:07,4734.03
2220,0004,SANTANDER,PAULA,DEPOSITO,2022-02-28T10:19:33,3769.54
2220,0007,SANTANDER,RAFAEL,TRANSFERENCIA,2022-01-28T16:53:46,3975.22
3320,0001,SANTANDER,BIA,SAQUE,2022-01-01T00:37:51,4263.55
9999,0001,SANTANDER,JOAO,DEPOSITO,2022-01-01T00:01:19,1517.93
2220,0002,SANTANDER,MARIA,SAQUE,2022-02-05T17:37:05,1077.33
3320,0007,SANTANDER,ANA,SAQUE,2022-01-28T04:23:51,2088.02
1520,0004,SANTANDER,JOAO,SAQUE,2022-01-30T07:49:40,710.05
2220,0002,SANTANDER,MARIA,TRANSFERENCIA,2022-01-03T22:45:41,4401.57
2220,0002,SANTANDER,JOAO,SAQUE,2022-01-09T08:36:59,3624.32
2220,0004,SANTANDER,CARLOS,SAQUE,2022-02-24T16:25:21,2399.15
3320,0002,SANTANDER,MARIA,DEPOSITO,2022-02-06T15:27:50,150.46
2220,0007,SANTANDER,PAULA,DEPOSITO,2022-01-17T23:49:58,4864.56
9999,0001,SANTANDER,MARIA,DEPOSITO,2022-01-28T08:06:08,3594.64
3320,0004,SANTANDER,JOAO,TRANSFERENCIA,2022-01-27T09:43:06,4815.98
3320,0002,SANTANDER,PAULA,SAQUE,2022-01-05T06:48:51,4367.73
2220,0007,SANTANDER,JULIA,TRANSFERENCIA,2022-01-05T14:12:15,1433.30
1520,0004,SANTANDER,PAULA,DEPOSITO,2022-02-22T20:59:18,820.31
1044,0002,SANTANDER,ANA,TRANSFERENCIA,2022-02-03T16:04:26,2035.60
9999,0007,SANTANDER,ANA,DEPOSITO,2022-02-03T17:35:13,3836.80
3320,0007,SANTANDER,RAFAEL,DEPOSITO,2022-02-04T23:37:37,4806.97
1520,0004,SANTANDER,FELIPE,DEPOSITO,2022-02-04T19:45:31,3227.68
2220,0002,SANTANDER,JOAO,DEPOSITO,2022-02-19T03:53:15,4591.58
3320,0004,SANTANDER,RAFAEL,TRANSFERENCIA,2022-01-16T11:29:38,4255.64
9999,0002,SANTANDER,JULIA,TRANSFERENCIA,2022-02-08T11:33:46,409.64
2220,0001,SANTANDER,RAFAEL,TRANSFERENCIA,2022-01-05T01:49:00,2598.32
9999,0001,SANTANDER,CARLOS,TRANSFERENCIA,2022-01-16T23:46:59,3698.82
1044,0007,SANTANDER,MARIA,DEPOSITO,2022-02-06T05:54:12,2742.71
2220,0007,SANTANDER,JULIA,TRANSFERENCIA,2022-02-04T02:12:08,3749.38
1520,0002,SANTANDER,PAULA,SAQUE,2022-01-19T06:50:36,3581.29
9999,0001,SANTANDER,PAULA,SAQUE,2022-01-08T00:15:13,3474.99
1044,0002,SANTANDER,BRUNO,DEPOSITO,2022-01-21T07:34:26,2710.29
1520,0002,SANTANDER,JOAO,SAQUE,2022-01-04T00:27:44,1479.62
3320,0002,SANTANDER,MARIA,SAQUE,2022-01-25T14:32:37,2263.54
1520,0007,SANTANDER,ANA,TRANSFERENCIA,2022-02-09T03:03:35,53.83
9999,0004,SANTANDER,ANA,DEPOSITO,2022-02-06T09:37:02,1043.03
2220,0007,SANTANDER,BIA,TRANSFERENCIA,2022-01-05T01:34:31,3395.91
1520,0007,SANTANDER,ANA,DEPOSITO,2022-01-04T00:19:45,1279.66
2220,0007,SANTANDER,RAFAEL,SAQUE,2022-02-11T00:57:58,3443.27
9999,0004,SANTANDER,PAULA,SAQUE,2022-02-06T21:23:16,194.32
2220,0001,SANTANDER,PAULA,DEPOSITO,2022-02-22T18:59:39,461.15
3320,0001,SANTANDER,PAULA,DEPOSITO,2022-02-02T18:09:31,1207.65
2220,0001,SANTANDER,ANA,DEPOSITO,2022-02-23T15:42:40,3886.04
2220,0002,SANTANDER,BIA,DEPOSITO,2022-01-10T05:15:29,52.46
3320,0001,SANTANDER,RAFAEL,DEPOSITO,2022-01-07T17:00:49,2510.86
2220,0004,SANTANDER,BIA,DEPOSITO,2022-02-22T00:11:06,3268.86
1520,0004,SANTANDER,BIA,SAQUE,2022-02-20T04:04:58,2456.00
2220,0004,SANTANDER,FELIPE,SAQUE,2022-01-29T04:25:00,3006.00
2220,0001,SANTANDER,FELIPE,SAQUE,2022-01-20T07:59:25,2411.25
3320,0001,SANTANDER,BRUNO,TRANSFERENCIA,2022-01-18T03:34:53,3862.54
1520,0004,SANTANDER,FELIPE,SAQUE,2022-02-03T00:25:17,4327.96
9999,0007,SANTANDER,JULIA,TRANSFERENCIA,2022-02-13T04:08:52,4042.28
1520,0001,SANTANDER,FELIPE,SAQUE,2022-01-13T19:34:47,3702.04
9999,0001,SANTANDER,PAULA,DEPOSITO,2022-02-05T14:24:58,3971.89
2220,0001,SANTANDER,RAFAEL,TRANSFERENCIA,2022-02-05T18:10:26,3174.53
1520,0007,SANTANDER,PAULA,SAQUE,2022-01-28T01:53:21,2182.02
2220,0001,SANTANDER,MARIA,SAQUE,2022-01-26T12:18:41,4389.03
1044,0007,SANTANDER,BRUNO,TRANSFERENCIA,2022-01-24T14:46:17,4533.17
3320,0001,SANTANDER,JOAO,SAQUE,2022-01-09T09:16:27,2852.53
3320,0007,SANTANDER,RAFAEL,DEPOSITO,2022-02-24T02:45:45,1315.77
1520,0002,SANTANDER,BIA,DEPOSITO,2022-01-12T05:56:58,2798.77
3320,0002,SANTANDER,FELIPE,DEPOSITO,2022-01-13T22:24:46,3733.46
2220,0001,SANTANDER,ANA,SAQUE,2022-02-19T12:50:34,3940.65
1520,0004,SANTANDER,BIA,TRANSFERENCIA,2022-01-01T20:38:22,1517.42
3320,0004,SANTANDER,JULIA,DEPOSITO,2022-01-21T17:37:59,944.15
2220,0007,SANTANDER,PAULA,SAQUE,2022-01-10T14:47:46,862.92
9999,0001,SANTANDER,FELIPE,TRANSFERENCIA,2022-01-13T07:49:40,4289.37
3320,0001,SANTANDER,PAULA,TRANSFERENCIA,2022-01-08T01:08:49,2831.22
3320,0007,SANTANDER,ANA,SAQUE,2022-01-26T11:35:44,2032.55
2220,0001,SANTANDER,ANA,DEPOSITO,2022-01-03T16:27:52,963.84
1044,0007,SANTANDER,PAULA,TRANSFERENCIA,2022-01-22T19:38:16,3743.29
3320,0007,SANTANDER,BIA,TRANSFERENCIA,2022-02-09T11:17:16,3230.56
3320,0002,SANTANDER,BIA,TRANSFERENCIA,2022-01-28T22:13:15,2486.17
1520,0007,SANTANDER,BIA,SAQUE,2022-02-10T12:25:04,332.60
1520,0002,SANTANDER,JOAO,DEPOSITO,2022-01-27T22:21:51,1966.94
2220,0004,SANTANDER,CARLOS,TRANSFERENCIA,2022-02-28T18:26:29,1636.11
1044,0007,SANTANDER,RAFAEL,DEPOSITO,2022-02-07T11:39:49,3787.33
9999,0002,SANTANDER,PAULA,DEPOSITO,2022-01-09T20:01:00,3457.43
1044,0001,SANTANDER,CARLOS,TRANSFERENCIA,2022-01-27T00:58:42,4670.87
1044,0002,SANTANDER,ANA,DEPOSITO,2022-01-24T05:52:36,2830.51
1044,0004,SANTANDER,JULIA,DEPOSITO,2022-02-20T06:15:45,3380.82
1044,0004,SANTANDER,BIA,DEPOSITO,2022-01-19T06:53:37,3841.80
3320,0004,SANTANDER,JULIA,TRANSFERENCIA,2022-02-05T02:19:32,3563.39
9999,0004,SANTANDER,JULIA,DEPOSITO,2022-02-26T11:34:24,2601.04
1520,0004,SANTANDER,JULIA,SAQUE,2022-02-28T01:44:48,3949.94
1044,0002,SANTANDER,PAULA,DEPOSITO,2022-01-24T20:22:05,1958.76
1044,0007,SANTANDER,RAFAEL,DEPOSITO,2022-01-15T04:59:48,1274.37
1520,0004,SANTANDER,MARIA,DEPOSITO,2022-02-23T11:11:07,4919.35
1520,0001,SANTANDER,JULIA,DEPOSITO,2022-02-18T01:33:47,2274.35
9999,0004,SANTANDER,RAFAEL,TRANSFERENCIA,2022-02-10T19:49:12,996.75
1520,0007,SANTANDER,PAULA,TRANSFERENCIA,2022-01-11T11:50:33,2382.36
2220,0004,SANTANDER,MARIA,SAQUE,2022-01-18T14:00:16,615.46
1520,0001,SANTANDER,MARIA,DEPOSITO,2022-01-11T10:24:13,2742.91
1044,0002,SANTANDER,MARIA,TRANSFERENCIA,2022-02-11T02:16:34,1025.26
9999,0001,SANTANDER,JOAO,SAQUE,2022-02-02T18:40:43,4884.20
1044,0004,SANTANDER,BRUNO,SAQUE,2022-01-23T09:04:36,1102.97
9999,0004,SANTANDER,RAFAEL,DEPOSITO,2022-01-23T22:45:50,759.36
9999,0004,SANTANDER,JULIA,SAQUE,2022-02-07T05:05:18,1016.50
9999,0001,SANTANDER,FELIPE,SAQUE,2022-02-25T11:05:10,3702.54
1044,0007,SANTANDER,MARIA,SAQUE,2022-01-24T21:40:16,4227.07
3320,0002,SANTANDER,PAULA,TRANSFERENCIA,2022-01-17T01:58:30,4459.53
3320,0004,SANTANDER,MARIA,SAQUE,2022-01-24T04:22:34,3356.14
2220,0007,SANTANDER,PAULA,SAQUE,2022-01-23T13:01:13,502.73
1520,0007,SANTANDER,PAULA,DEPOSITO,2022-01-15T14:25:25,3696.08
2220,0007,SANTANDER,JOAO,TRANSFERENCIA,2022-01-27T09:09:40,1026.44
2220,0007,SANTANDER,RAFAEL,DEPOSITO,2022-02-01T06:30:03,104.56
9999,0007,SANTANDER,PAULA,TRANSFERENCIA,2022-01-20T22:46:43,1865.43
1520,0007,SANTANDER,FELIPE,DEPOSITO,2022-01-21T02:39:00,1090.42
1044,0007,SANTANDER,CARLOS,SAQUE,2022-01-29T05:19:50,4492.36
2220,0007,SANTANDER,JOAO,TRANSFERENCIA,2022-02-24T16:36:19,1221.12
1520,0007,SANTANDER,JOAO,DEPOSITO,2022-02-25T12:03:22,1726.58
2220,0001,SANTANDER,PAULA,DEPOSITO,2022-02-13T05:41:18,4546.03
1520,0007,SANTANDER,CARLOS,DEPOSITO,2022-01-23T04:34:33,1346.34
1044,0007,SANTANDER,FELIPE,SAQUE,2022-01-22T06:37:32,4268.38
9999,0002,SANTANDER,JOAO,DEPOSITO,2022-02-05T09:30:50,240.84
3320,0001,SANTANDER,FELIPE,SAQUE,2022-02-23T16:10:24,251.28
1520,0004,SANTANDER,PAULA,SAQUE,2022-01-29T11:05:44,709.03
2220,0004,SANTANDER,FELIPE,SAQUE,2022-02-09T18:07:16,1558.68
9999,0001,SANTANDER,JULIA,SAQUE,2022-01-06T01:30:36,2863.47
3320,0004,SANTANDER,RAFAEL,DEPOSITO,2022-02-11T02:16:35,4474.72
3320,0001,SANTANDER,JULIA,TRANSFERENCIA,2022-01-08T11:32:01,337.84
1520,0004,SANTANDER,FELIPE,TRANSFERENCIA,2022-01-13T01:15:38,3895.52
9999,0004,SANTANDER,FELIPE,SAQUE,2022-02-21T19:30:42,4660.82
3320,0001,SANTANDER,ANA,SAQUE,2022-01-27T10:35:32,2566.72
1520,0001,SANTANDER,BRUNO,SAQUE,2022-01-17T05:08:28,242.67
3320,0002,SANTANDER,JULIA,TRANSFERENCIA,2022-02-05T15:37:00,2869.75
1044,0007,SANTANDER,JULIA,DEPOSITO,2022-01-18T00:07:02,3551.34
3320,0002,SANTANDER,BIA,SAQUE,2022-01-07T12:17:37,4914.30
3320,0001,SANTANDER,CARLOS,DEPOSITO,2022-02-21T08:24:36,3994.39
2220,0007,SANTANDER,RAFAEL,DEPOSITO,2022-02-20T10:53:11,1770.32
9999,0007,SANTANDER,CARLOS,TRANSFERENCIA,2022-02-09T13:57:33,835.31
2220,0002,SANTANDER,JOAO,SAQUE,2022-01-08T03:04:27,2999.39
1044,0004,SANTANDER,MARIA,TRANSFERENCIA,2022-02-10T00:59:31,1913.48
1044,0004,SANTANDER,JOAO,DEPOSITO,2022-02-17T07:18:30,994.32
1520,0002,SANTANDER,BRUNO,TRANSFERENCIA,2022-01-15T06:55:52,2250.25
9999,0002,SANTANDER,CARLOS,DEPOSITO,2022-01-24T17:42:25,712.43
3320,0007,SANTANDER,CARLOS,DEPOSITO,2022-02-08T18:17:41,2332.28
2220,0004,SANTANDER,JULIA,DEPOSITO,2022-01-13T15:53:12,2079.58
1520,0002,SANTANDER,FELIPE,TRANSFERENCIA,2022-01-10T20:00:38,1477.80
1520,0004,SANTANDER,PAULA,DEPOSITO,2022-02-12T01:51:14,391.54
1044,0004,SANTANDER,RAFAEL,TRANSFERENCIA,2022-02-16T07:44:32,203.58
2220,0001,SANTANDER,ANA,DEPOSITO,2022-01-19T18:50:22,1552.40
9999,0002,SANTANDER,JOAO,SAQUE,2022-01-15T04:03:45,3721.94
9999,0004,SANTANDER,JOAO,SAQUE,2022-02-19T11:14:12,1094.25
9999,0004,SANTANDER,JOAO,DEPOSITO,2022-02-09T04:01:05,1670.87
9999,0007,SANTANDER,ANA,TRANSFERENCIA,2022-02-01T16:54:15,1425.35
1520,0001,SANTANDER,PAULA,DEPOSITO,2022-02-12T01:54:51,3818.43
1520,0001,SANTANDER,FELIPE,DEPOSITO,2022-02-02T01:18:36,3303.42
2220,0004,SANTANDER,FELIPE,SAQUE,2022-01-20T01:29:31,466.85
2220,0004,SANTANDER,BRUNO,SAQUE,2022-01-05T01:36:52,221.02
1520,0002,SANTANDER,JULIA,DEPOSITO,2022-02-25T06:33:11,969.13
3320,0007,SANTANDER,RAFAEL,TRANSFERENCIA,2022-01-25T18:32:15,4952.14
3320,0001,SANTANDER,MARIA,SAQUE,2022-01-04T15:17:25,1328.27
2220,0001,SANTANDER,JULIA,DEPOSITO,2022-01-17T01:53:06,4624.18
2220,0001,SANTANDER,MARIA,TRANSFERENCIA,2022-02-14T14:57:36,4058.64
1044,0004,SANTANDER,PAULA,DEPOSITO,2022-02-26T00:36:31,2793.28
1044,0004,SANTANDER,RAFAEL,SAQUE,2022-02-27T06:17:09,2600.72
1044,0002,SANTANDER,JULIA,SAQUE,2022-02-12T02:59:53,2417.50
1044,0004,SANTANDER,PAULA,TRANSFERENCIA,2022-02-09T07:02:25,257.38
9999,0004,SANTANDER,CARLOS,SAQUE,2022-01-15T08:47:58,2775.52
3320,0002,SANTANDER,PAULA,SAQUE,2022-01-10T13:44:53,3487.21
9999,0004,SANTANDER,BRUNO,TRANSFERENCIA,2022-02-08T19:43:10,2097.04
1044,0004,SANTANDER,MARIA,SAQUE,2022-01-16T18:31:31,3115.67
1520,0004,SANTANDER,JOAO,DEPOSITO,2022-02-09T09:52:23,4075.49
3320,0007,SANTANDER,PAULA,SAQUE,2022-02-02T09:46:38,4688.03
1520,0004,SANTANDER,JULIA,DEPOSITO,2022-02-17T18:07:07,4639.25
2220,0002,SANTANDER,BRUNO,DEPOSITO,2022-01-23T19:50:56,1433.05
9999,0002,SANTANDER,ANA,SAQUE,2022-02-28T01:23:57,1636.39
2220,0001,SANTANDER,MARIA,SAQUE,2022-01-08T23:47:48,3981.18
1520,0002,SANTANDER,RAFAEL,DEPOSITO,2022-02-17T19:57:14,4483.01
3320,0001,SANTANDER,JOAO,DEPOSITO,2022-01-18T05:46:30,164.39
1044,0004,SANTANDER,ANA,TRANSFERENCIA,2022-02-25T12:51:00,438.51
3320,0004,SANTANDER,ANA,SAQUE,2022-01-04T18:44:31,4981.58
1520,0001,SANTANDER,BIA,SAQUE,2022-01-19T15:58:14,3947.92
2220,0007,SANTANDER,MARIA,DEPOSITO,2022-02-27T14:39:09,1457.85
9999,0001,SANTANDER,BIA,DEPOSITO,2022-01-14T10:59:55,325.65
9999,0004,SANTANDER,FELIPE,TRANSFERENCIA,2022-02-19T23:47:02,481.50
9999,0002,SANTANDER,CARLOS,SAQUE,2022-02-08T04:40:23,4260.93
3320,0007,SANTANDER,PAULA,DEPOSITO,2022-02-19T09:46:00,1532.69
2220,0007,SANTANDER,JULIA,DEPOSITO,2022-02-01T17:03:20,1053.53
2220,0002,SANTANDER,FELIPE,SAQUE,2022-01-08T17:08:21,294.68
1520,0002,SANTANDER,MARIA,DEPOSITO,2022-01-13T05:51:25,747.48
1520,0004,SANTANDER,ANA,TRANSFERENCIA,2022-02-01T01:32:18,2896.77
2220,0007,SANTANDER,BRUNO,SAQUE,2022-02-23T14:32:00,3647.17
1044,0002,SANTANDER,PAULA,TRANSFERENCIA,2022-01-04T06:50:38,1821.68
2220,0002,SANTANDER,ANA,SAQUE,2022-01-05T17:58:25,157.87
1044,0007,SANTANDER,FELIPE,DEPOSITO,2022-02-15T00:02:32,3291.99
2220,0004,SANTANDER,PAULA,SAQUE,2022-02-01T17:45:04,3726.66
2220,0004,SANTANDER,BIA,TRANSFERENCIA,2022-01-18T20:39:44,38.19
3320,0004,SANTANDER,BRUNO,SAQUE,2022-02-17T06:32:44,4377.73
1044,0002,SANTANDER,JOAO,SAQUE,2022-01-24T07:17:42,2564.41
2220,0004,SANTANDER,JULIA,TRANSFERENCIA,2022-01-18T12:37:32,2089.93
1520,0004,SANTANDER,ANA,TRANSFERENCIA,2022-02-06T05:12:31,1686.56
1520,0007,SANTANDER,RAFAEL,SAQUE,2022-01-21T11:48:34,739.88
9999,0004,SANTANDER,RAFAEL,DEPOSITO,2022-02-21T08:02:31,4968.16
9999,0002,SANTANDER,BRUNO,TRANSFERENCIA,2022-01-04T19:52:02,2275.31
9999,0004,SANTANDER,RAFAEL,DEPOSITO,2022-01-05T07:43:27,1423.14
1520,0007,SANTANDER,BIA,TRANSFERENCIA,2022-01-07T02:19:51,2373.11
2220,0007,SANTANDER,BIA,TRANSFERENCIA,2022-01-23T10:08:29,4615.52
9999,0002,SANTANDER,PAULA,DEPOSITO,2022-01-30T03:42:32,4457.67
1520,0002,SANTANDER,BIA,DEPOSITO,2022-02-08T07:58:47,1327.56
9999,0002,SANTANDER,JOAO,SAQUE,2022-02-13T14:49:41,1195.66
1520,0007,SANTANDER,JOAO,SAQUE,2022-01-27T13:36:54,2676.75
9999,0007,SANTANDER,JOAO,TRANSFERENCIA,2022-01-30T17:30:26,3844.74
1520,0007,SANTANDER,BIA,SAQUE,2022-02-21T20:31:11,3306.78
1044,0001,SANTANDER,JULIA,DEPOSITO,2022-02-24T10:39:11,3628.88
3320,0002,SANTANDER,JOAO,TRANSFERENCIA,2022-02-11T16:48:31,399.30
3320,0007,SANTANDER,JOAO,SAQUE,2022-01-13T14:38:11,4655.48
1044,0002,SANTANDER,CARLOS,TRANSFERENCIA,2022-01-25T23:04:08,2078.46
2220,0002,SANTANDER,FELIPE,DEPOSITO,2022-01-10T11:26:04,3825.70
1044,0004,SANTANDER,RAFAEL,TRANSFERENCIA,2022-02-23T06:31:07,3195.47
1520,0002,SANTANDER,MARIA,SAQUE,2022-01-24T06:11:42,330.85
1044,0002,SANTANDER,MARIA,DEPOSITO,2022-02-02T18:30:05,608.07
9999,0007,SANTANDER,RAFAEL,SAQUE,2022-02-16T17:22:29,3340.32
1044,0001,SANTANDER,ANA,SAQUE,2022-02-04T07:06:33,882.82
3320,0004,SANTANDER,JOAO,TRANSFERENCIA,2022-01-09T09:22:58,4960.62
3320,0002,SANTANDER,ANA,SAQUE,2022-02-20T16:33:00,4076.27
9999,0002,SANTANDER,PAULA,TRANSFERENCIA,2022-02-04T02:46:50,149.92
2220,0007,SANTANDER,MARIA,TRANSFERENCIA,2022-02-09T01:47:54,1062.59
3320,0007,SANTANDER,BIA,TRANSFERENCIA,2022-01-07T11:53:22,4880.71
3320,0007,SANTANDER,RAFAEL,DEPOSITO,2022-02-07T14:25:03,1611.75
1044,0002,SANTANDER,JOAO,SAQUE,2022-02-13T23:21:19,941.21
9999,0004,SANTANDER,JOAO,TRANSFERENCIA,2022-02-06T04:04:30,3243.94
2220,0001,SANTANDER,ANA,DEPOSITO,2022-01-09T06:35:21,671.26
1520,0001,SANTANDER,BIA,SAQUE,2022-02-15T23:10:17,2472.23
9999,0004,SANTANDER,MARIA,TRANSFERENCIA,2022-01-04T03:41:02,3930.94
1044,0002,SANTANDER,CARLOS,TRANSFERENCIA,2022-02-11T07:48:52,1467.96
1520,0001,SANTANDER,CARLOS,TRANSFERENCIA,2022-01-14T07:02:43,3479.84
2220,0002,SANTANDER,CARLOS,DEPOSITO,2022-02-10T00:05:56,4906.57
9999,0004,SANTANDER,MARIA,DEPOSITO,2022-01-30T22:35:21,3693.40
2220,0001,SANTANDER,JOAO,DEPOSITO,2022-02-01T19:43:18,924.70
1520,0002,SANTANDER,RAFAEL,TRANSFERENCIA,2022-02-28T05:02:35,4258.00
1044,0001,SANTANDER,MARIA,DEPOSITO,2022-02-02T09:46:32,1592.24
1520,0002,SANTANDER,BIA,SAQUE,2022-02-26T12:41:24,4002.06
3320,0001,SANTANDER,CARLOS,DEPOSITO,2022-02-23T10:04:42,3774.45
1520,0004,SANTANDER,RAFAEL,TRANSFERENCIA,2022-01-29T21:19:57,503.08
2220,0001,SANTANDER,CARLOS,DEPOSITO,2022-01-10T00:37:47,3289.83
1044,0001,SANTANDER,FELIPE,SAQUE,2022-01-10T03:46:11,4744.97
9999,0001,SANTANDER,MARIA,DEPOSITO,2022-01-05T03:05:24,2346.65
1044,0007,SANTANDER,RAFAEL,SAQUE,2022-01-26T15:49:20,794.88
9999,0002,SANTANDER,MARIA,DEPOSITO,2022-01-17T08:21:12,926.46
9999,0001,SANTANDER,JOAO,DEPOSITO,2022-01-22T04:57:01,3644.01
3320,0002,SANTANDER,RAFAEL,SAQUE,2022-02-09T14:30:01,27.43
9999,0004,SANTANDER,BIA,TRANSFERENCIA,2022-01-19T05:01:23,2463.77
3320,0001,SANTANDER,BRUNO,SAQUE,2022-02-07T17:08:00,963.17
9999,0004,SANTANDER,ANA,SAQUE,2022-02-09T06:36:04,4868.63
2220,0004,SANTANDER,CARLOS,SAQUE,2022-01-13T02:27:09,3534.81
1044,0007,SANTANDER,JOAO,SAQUE,2022-02-09T08:59:17,2954.10
1044,0002,SANTANDER,BIA,SAQUE,2022-02-26T07:58:24,600.77
3320,0002,SANTANDER,JOAO,SAQUE,2022-01-25T06:31:58,3724.66
1520,0007,SANTANDER,FELIPE,SAQUE,2022-01-27T20:24:21,4797.04
9999,0001,SANTANDER,JULIA,TRANSFERENCIA,2022-01-11T18:07:22,4150.02
1520,0007,SANTANDER,MARIA,DEPOSITO,2022-01-21T00:47:30,2235.93
3320,0001,SANTANDER,ANA,DEPOSITO,2022-02-09T21:59:41,1894.24
9999,0004,SANTANDER,PAULA,TRANSFERENCIA,2022-01-20T13:38:35,4288.92
3320,0002,SANTANDER,BRUNO,DEPOSITO,2022-01-19T06:04:24,4349.89
3320,0007,SANTANDER,PAULA,DEPOSITO,2022-02-12T11:20:03,245.62
1520,0007,SANTANDER,PAULA,SAQUE,2022-01-06T23:04:59,3907.18
1520,0007,SANTANDER,RAFAEL,DEPOSITO,2022-01-20T18:58:52,2067.61
1044,0002,SANTANDER,CARLOS,DEPOSITO,2022-01-18T04:34:47,2131.34
1520,0007,SANTANDER,RAFAEL,SAQUE,2022-02-26T22:36:28,2272.69
1044,0002,SANTANDER,PAULA,SAQUE,2022-01-27T18:13:50,4197.50
2220,0004,SANTANDER,FELIPE,DEPOSITO,2022-01-22T09:57:18,2191.21
3320,0001,SANTANDER,JULIA,TRANSFERENCIA,2022-02-17T04:14:06,1923.52
9999,0002,SANTANDER,MARIA,DEPOSITO,2022-02-06T00:06:21,2610.62
1520,0004,SANTANDER,RAFAEL,DEPOSITO,2022-02-09T04:43:24,102.48
9999,0001,SANTANDER,JULIA,DEPOSITO,2022-01-25T11:25:57,4048.74
9999,0002,SANTANDER,PAULA,TRANSFERENCIA,2022-01-01T07:51:16,746.33
1520,0004,SANTANDER,RAFAEL,DEPOSITO,2022-02-25T03:25:18,1707.14
2220,0002,SANTANDER,FELIPE,SAQUE,2022-01-30T17:49:09,3604.68
2220,0004,SANTANDER,CARLOS,TRANSFERENCIA,2022-01-20T08:47:28,3144.61
9999,0004,SANTANDER,MARIA,DEPOSITO,2022-02-15T19:30:02,3123.47
3320,0004,SANTANDER,JOAO,DEPOSITO,2022-02-04T15:35:31,2357.45
3320,0004,SANTANDER,PAULA,SAQUE,2022-02-11T19:53:26,4787.55
1520,0001,SANTANDER,MARIA,TRANSFERENCIA,2022-01-14T07:13:23,1157.29
1520,0002,SANTANDER,PAULA,DEPOSITO,2022-02-21T22:35:43,4979.78
1520,0001,SANTANDER,RAFAEL,DEPOSITO,2022-01-14T04:15:12,1104.44
3320,0002,SANTANDER,ANA,SAQUE,2022-01-04T13:19:16,1283.03
9999,0007,SANTANDER,MARIA,DEPOSITO,2022-02-27T03:35:54,4449.12
3320,0001,SANTANDER,ANA,SAQUE,2022-01-12T12:46:31,468.46
1044,0002,SANTANDER,JOAO,DEPOSITO,2022-01-27T21:38:48,2705.83
1520,0007,SANTANDER,JULIA,DEPOSITO,2022-02-02T02:41:22,501.37
9999,0002,SANTANDER,BIA,DEPOSITO,2022-01-01T00:12:59,2136.10
1044,0004,SANTANDER,PAULA,TRANSFERENCIA,2022-01-16T22:50:00,135.47
1520,0001,SANTANDER,CARLOS,SAQUE,2022-01-17T16:56:52,4111.75
3320,0001,SANTANDER,FELIPE,SAQUE,2022-01-21T07:10:14,989.03
1044,0007,SANTANDER,JOAO,TRANSFERENCIA,2022-02-13T15:20:02,1128.90
3320,0001,SANTANDER,MARIA,TRANSFERENCIA,2022-01-20T19:44:08,1833.85
1044,0007,SANTANDER,FELIPE,TRANSFERENCIA,2022-01-07T03:25:30,4168.26
3320,0007,SANTANDER,BRUNO,SAQUE,2022-01-17T15:19:58,1873.30
9999,0002,SANTANDER,BRUNO,SAQUE,2022-01-09T05:39:43,3822.32
3320,0001,SANTANDER,FELIPE,DEPOSITO,2022-01-11T12:40:58,2173.66
3320,0004,SANTANDER,RAFAEL,TRANSFERENCIA,2022-02-23T21:14:15,4419.26
9999,0004,SANTANDER,PAULA,SAQUE,2022-02-27T16:44:54,2664.71
9999,0002,SANTANDER,PAULA,DEPOSITO,2022-01-17T17:06:13,3055.13
2220,0004,SANTANDER,ANA,DEPOSITO,2022-02-28T20:44:16,1071.52
1520,0002,SANTANDER,BRUNO,DEPOSITO,2022-02-06T11:02:21,3863.02
2220,0001,SANTANDER,BIA,SAQUE,2022-01-13T07:24:58,4504.25
3320,0001,SANTANDER,RAFAEL,DEPOSITO,2022-02-08T07:30:03,4546.76
9999,0002,SANTANDER,JOAO,TRANSFERENCIA,2022-01-18T10:56:49,2695.59
3320,0002,SANTANDER,JULIA,SAQUE,2022-02-19T08:41:42,4291.66
9999,0001,SANTANDER,JULIA,TRANSFERENCIA,2022-02-23T14:53:57,418.76
9999,0001,SANTANDER,CARLOS,DEPOSITO,2022-02-02T05:47:34,2744.99
3320,0001,SANTANDER,BRUNO,DEPOSITO,2022-01-20T22:23:04,699.42
3320,0001,SANTANDER,RAFAEL,SAQUE,2022-02-12T22:44:41,358.10
9999,0001,SANTANDER,ANA,DEPOSITO,2022-01-16T23:37:35,3407.01
1044,0001,SANTANDER,JOAO,SAQUE,2022-01-03T15:39:51,3876.75
1520,0001,SANTANDER,MARIA,DEPOSITO,2022-01-17T00:18:02,3788.04
9999,0001,SANTANDER,MARIA,TRANSFERENCIA,2022-01-19T11:42:55,2404.42
1520,0007,SANTANDER,RAFAEL,TRANSFERENCIA,2022-02-06T01:44:59,287.18
9999,0001,SANTANDER,FELIPE,DEPOSITO,2022-01-31T08:58:45,1895.85
1520,0004,SANTANDER,CARLOS,DEPOSITO,2022-01-16T11:08:10,426.12
3320,0007,SANTANDER,CARLOS,DEPOSITO,2022-02-20T16:51:56,4551.36
1520,0002,SANTANDER,FELIPE,DEPOSITO,2022-02-18T16:22:57,3108.65
1520,0004,SANTANDER,BRUNO,DEPOSITO,2022-01-04T22:05:58,2536.21
2220,0001,SANTANDER,JOAO,TRANSFERENCIA,2022-01-05T17:50:09,14.98
1044,0002,SANTANDER,BRUNO,DEPOSITO,2022-02-03T03:43:38,444.35
9999,0004,SANTANDER,RAFAEL,SAQUE,2022-02-09T08:08:44,1889.23
1520,0002,SANTANDER,BRUNO,SAQUE,2022-01-27T03:46:08,2558.90
1044,0004,SANTANDER,JOAO,DEPOSITO,2022-01-31T02:38:48,4108.07
9999,0007,SANTANDER,JOAO,TRANSFERENCIA,2022-01-04T19:45:09,3125.46
1520,0007,SANTANDER,JULIA,SAQUE,2022-02-09T19:47:48,3010.91
9999,0007,SANTANDER,BIA,DEPOSITO,2022-01-02T15:35:59,3862.06
9999,0002,SANTANDER,FELIPE,SAQUE,2022-01-06T21:28:07,1339.79
1520,0001,SANTANDER,BRUNO,DEPOSITO,2022-02-21T07:40:15,622.20
9999,0001,SANTANDER,CARLOS,TRANSFERENCIA,2022-01-26T02:43:30,4810.80
3320,0007,SANTANDER,PAULA,SAQUE,2022-02-20T01:34:57,970.09
3320,0001,SANTANDER,BRUNO,DEPOSITO,2022-01-24T12:25:48,775.15
1520,0002,SANTANDER,BRUNO,TRANSFERENCIA,2022-01-29T15:45:06,3630.22
9999,0004,SANTANDER,BRUNO,DEPOSITO,2022-01-16T09:32:53,104.53
2220,0002,SANTANDER,ANA,TRANSFERENCIA,2022-02-21T07:04:38,2155.01
1520,0004,SANTANDER,CARLOS,SAQUE,2022-02-14T20:27:25,4367.35
2220,0004,SANTANDER,BRUNO,SAQUE,2022-02-04T10:27:18,4730.76
1044,0004,SANTANDER,JOAO,SAQUE,2022-02-09T03:42:30,3943.51
1044,0004,SANTANDER,RAFAEL,TRANSFERENCIA,2022-01-19T03:38:14,1469.87
1520,0001,SANTANDER,PAULA,DEPOSITO,2022-01-30T21:03:41,2056.55
1044,0004,SANTANDER,RAFAEL,TRANSFERENCIA,2022-02-21T11:48:59,2526.58
1520,0002,SANTANDER,MARIA,DEPOSITO,2022-01-24T10:36:13,2780.90
9999,0002,SANTANDER,CARLOS,DEPOSITO,2022-01-14T00:50:02,2328.95
1520,0004,SANTANDER,JOAO,DEPOSITO,2022-01-06T14:02:21,4965.64
1044,0002,SANTANDER,JULIA,SAQUE,2022-01-21T06:51:32,4848.69
1044,0002,SANTANDER,RAFAEL,DEPOSITO,2022-02-27T00:05:32,1576.05
1520,0007,SANTANDER,JULIA,SAQUE,2022-01-10T22:05:11,451.20
9999,0007,SANTANDER,RAFAEL,DEPOSITO,2022-01-13T00:25:31,2722.35
9999,0002,SANTANDER,JULIA,TRANSFERENCIA,2022-01-09T21:01:15,3154.74
3320,0007,SANTANDER,JULIA,SAQUE,2022-02-09T07:42:20,3220.50
3320,0001,SANTANDER,BRUNO,SAQUE,2022-01-08T11:03:05,4781.10
9999,0007,SANTANDER,ANA,DEPOSITO,2022-01-10T06:04:59,2309.10
9999,0007,SANTANDER,RAFAEL,TRANSFERENCIA,2022-02-20T22:06:47,4459.23
1520,0002,SANTANDER,JULIA,SAQUE,2022-01-03T20:30:10,2930.87
1044,0007,SANTANDER,MARIA,TRANSFERENCIA,2022-01-13T10:02:41,4188.15
9999,0001,SANTANDER,JULIA,TRANSFERENCIA,2022-02-06T15:09:07,1669.93
2220,0004,SANTANDER,CARLOS,TRANSFERENCIA,2022-01-12T14:55:24,4801.88
2220,0001,SANTANDER,BIA,TRANSFERENCIA,2022-01-21T17:57:40,1959.42
9999,0004,SANTANDER,FELIPE,SAQUE,2022-01-08T09:40:47,1556.83
1520,0001,SANTANDER,RAFAEL,TRANSFERENCIA,2022-02-25T19:54:46,1434.89
9999,0004,SANTANDER,JULIA,SAQUE,2022-02-08T13:04:55,2649.91
1044,0001,SANTANDER,BIA,SAQUE,2022-02-09T13:01:44,974.33
3320,0002,SANTANDER,BIA,TRANSFERENCIA,2022-02-19T02:43:19,740.26
3320,0007,SANTANDER,CARLOS,DEPOSITO,2022-02-02T18:53:08,2091.93
1520,0004,SANTANDER,JOAO,TRANSFERENCIA,2022-01-29T12:56:57,651.13
9999,0007,SANTANDER,JOAO,DEPOSITO,2022-01-03T01:31:33,3890.31
1044,0002,SANTANDER,PAULA,DEPOSITO,2022-02-11T14:52:20,2177.42
1520,0001,SANTANDER,MARIA,TRANSFERENCIA,2022-01-13T12:05:39,2133.15
1520,0001,SANTANDER,JULIA,SAQUE,2022-02-20T12:17:08,4424.80
1044,0007,SANTANDER,BRUNO,TRANSFERENCIA,2022-01-09T13:56:23,4091.04
1520,0007,SANTANDER,FELIPE,TRANSFERENCIA,2022-02-14T05:41:31,364.32
3320,0001,SANTANDER,FELIPE,SAQUE,2022-01-25T15:55:32,4487.57
1044,0001,SANTANDER,BRUNO,TRANSFERENCIA,2022-02-23T10:16:18,917.84
9999,0001,SANTANDER,PAULA,TRANSFERENCIA,2022-02-17T02:45:41,2122.94
9999,0002,SANTANDER,BIA,SAQUE,2022-02-20T22:09:18,4157.13
1044,0001,SANTANDER,MARIA,SAQUE,2022-01-30T12:23:08,4481.91
1520,0007,SANTANDER,JULIA,DEPOSITO,2022-01-29T23:24:58,1187.89
9999,0002,SANTANDER,BRUNO,SAQUE,2022-01-21T13:54:15,1169.50
1044,0001,SANTANDER,JOAO,SAQUE,2022-02-05T23:28:26,2258.22
1520,0001,SANTANDER,RAFAEL,DEPOSITO,2022-02-24T19:17:28,2904.64
1520,0004,SANTANDER,CARLOS,TRANSFERENCIA,2022-01-18T15:34:24,4674.87
2220,0004,SANTANDER,BIA,SAQUE,2022-02-09T02:43:13,3781.34
9999,0007,SANTANDER,BIA,TRANSFERENCIA,2022-02-06T11:50:09,4348.03
1044,0007,SANTANDER,MARIA,TRANSFERENCIA,2022-01-29T16:40:32,726.76
1044,0007,SANTANDER,BIA,SAQUE,2022-01-15T06:22:33,1652.44
1520,0004,SANTANDER,JOAO,TRANSFERENCIA,2022-01-31T01:24:16,2847.84
3320,0002,SANTANDER,JULIA,SAQUE,2022-01-18T22:58:31,4196.09
3320,0004,SANTANDER,FELIPE,DEPOSITO,2022-02-09T05:52:57,2820.01
1520,0007,SANTANDER,BIA,TRANSFERENCIA,2022-01-03T05:30:08,4950.12
2220,0002,SANTANDER,BRUNO,TRANSFERENCIA,2022-01-12T10:17:58,2286.45
2220,0001,SANTANDER,PAULA,SAQUE,2022-01-21T23:05:57,1548.20
3320,0002,SANTANDER,ANA,TRANSFERENCIA,2022-02-28T11:41:38,4539.39
3320,0002,SANTANDER,RAFAEL,SAQUE,2022-01-28T15:24:08,4140.24
1044,0007,SANTANDER,MARIA,SAQUE,2022-02-24T23:29:58,3050.43
1044,0001,SANTANDER,RAFAEL,SAQUE,2022-02-09T10:35:12,2952.97
1044,0002,SANTANDER,BRUNO,TRANSFERENCIA,2022-01-26T19:54:53,468.39
9999,0007,SANTANDER,BIA,DEPOSITO,2022-02-03T11:14:59,2035.22
1520,0002,SANTANDER,JOAO,TRANSFERENCIA,2022-02-16T18:58:34,4043.90
1520,0002,SANTANDER,JULIA,TRANSFERENCIA,2022-01-31T10:57:41,2857.96
1520,0004,SANTANDER,JULIA,DEPOSITO,2022-02-08T16:58:10,2707.80
3320,0004,SANTANDER,RAFAEL,DEPOSITO,2022-01-04T22:30:59,4273.33
3320,0007,SANTANDER,JULIA,SAQUE,2022-01-01T15:10:37,3338.91
9999,0007,SANTANDER,BIA,DEPOSITO,2022-02-07T19:06:10,313.96
1520,0001,SANTANDER,BRUNO,TRANSFERENCIA,2022-01-20T14:49:51,376.21
3320,0004,SANTANDER,JOAO,SAQUE,2022-01-07T10:18:34,1876.58
1520,0004,SANTANDER,MARIA,DEPOSITO,2022-02-28T21:19:33,366.74
1044,0001,SANTANDER,PAULA,DEPOSITO,2022-01-18T04:52:50,4314.63
9999,0002,SANTANDER,BIA,DEPOSITO,2022-02-09T22:00:50,3135.26
1520,0004,SANTANDER,JULIA,TRANSFERENCIA,2022-01-28T03:58:54,1351.34
2220,0007,SANTANDER,PAULA,TRANSFERENCIA,2022-01-28T07:56:41,1954.30
1520,0007,SANTANDER,FELIPE,TRANSFERENCIA,2022-02-09T03:34:08,3815.07
2220,0002,SANTANDER,BIA,SAQUE,2022-02-03T10:51:38,98.29
1520,0007,SANTANDER,PAULA,DEPOSITO,2022-01-05T15:08:15,4909.93
9999,0001,SANTANDER,CARLOS,SAQUE,2022-02-08T13:43:36,4682.94
9999,0004,SANTANDER,MARIA,SAQUE,2022-01-20T06:23:49,1014.13
3320,0001,SANTANDER,FELIPE,DEPOSITO,2022-02-04T17:55:06,3574.88
3320,0002,SANTANDER,ANA,DEPOSITO,2022-01-11T13:19:13,2336.50
1520,0007,SANTANDER,JOAO,SAQUE,2022-01-16T22:47:00,3390.49
1520,0002,SANTANDER,JOAO,DEPOSITO,2022-01-11T22:25:25,1095.14
2220,0002,SANTANDER,RAFAEL,TRANSFERENCIA,2022-01-31T20:25:30,662.65
2220,0004,SANTANDER,BRUNO,SAQUE,2022-01-19T11:38:03,1092.05
1520,0004,SANTANDER,CARLOS,DEPOSITO,2022-02-27T12:45:11,246.87
3320,0004,SANTANDER,JOAO,SAQUE,2022-02-08T09:47:17,1470.79
1520,0001,SANTANDER,BRUNO,DEPOSITO,2022-01-28T15:32:25,4974.65
3320,0007,SANTANDER,JULIA,TRANSFERENCIA,2022-01-25T06:50:08,4160.17
2220,0007,SANTANDER,RAFAEL,SAQUE,2022-01-14T18:21:20,4525.31
2220,0002,SANTANDER,FELIPE,SAQUE,2022-01-02T08:39:13,4169.96
1520,0007,SANTANDER,BIA,TRANSFERENCIA,2022-01-18T17:00:15,512.59
3320,0004,SANTANDER,RAFAEL,DEPOSITO,2022-01-17T15:54:09,2863.03
1044,0007,SANTANDER,BIA,DEPOSITO,2022-01-23T16:56:37,3789.63
3320,0002,SANTANDER,MARIA,TRANSFERENCIA,2022-01-18T04:56:40,2718.02
1044,0007,SANTANDER,JOAO,DEPOSITO,2022-01-23T05:23:41,2862.55
2220,0001,SANTANDER,PAULA,TRANSFERENCIA,2022-02-27T03:33:51,2723.45
2220,0007,SANTANDER,MARIA,DEPOSITO,2022-02-16T10:34:09,3500.86
2220,0007,SANTANDER,JULIA,DEPOSITO,2022-02-20T07:40:25,3899.65
3320,0001,SANTANDER,ANA,SAQUE,2022-02-06T12:24:56,2703.56
1520,0002,SANTANDER,FELIPE,SAQUE,2022-02-03T21:56:12,1640.13
3320,0001,SANTANDER,BRUNO,TRANSFERENCIA,2022-02-05T12:56:10,75.15
1044,0007,SANTANDER,MARIA,TRANSFERENCIA,2022-01-26T17:16:54,2025.27
3320,0001,SANTANDER,RAFAEL,TRANSFERENCIA,2022-01-17T21:56:59,364.69
9999,0002,SANTANDER,ANA,TRANSFERENCIA,2022-02-08T15:14:42,4844.61
9999,0001,SANTANDER,RAFAEL,TRANSFERENCIA,2022-02-21T20:54:53,3863.08
1044,0002,SANTANDER,BRUNO,TRANSFERENCIA,2022-02-22T14:37:11,1444.73
9999,0001,SANTANDER,FELIPE,SAQUE,2022-01-04T16:03:09,4254.51
1520,0002,SANTANDER,RAFAEL,DEPOSITO,2022-02-28T01:57:37,3584.04
1044,0004,SANTANDER,FELIPE,DEPOSITO,2022-02-28T19:08:41,1689.27
9999,0001,SANTANDER,MARIA,DEPOSITO,2022-02-03T16:03:16,2259.87
9999,0007,SANTANDER,JOAO,TRANSFERENCIA,2022-02-12T20:32:58,459.24
3320,0002,SANTANDER,RAFAEL,DEPOSITO,2022-02-13T10:56:06,1953.09
3320,0002,SANTANDER,JOAO,TRANSFERENCIA,2022-02-13T21:15:04,1375.23
1520,0001,SANTANDER,PAULA,DEPOSITO,2022-02-21T16:06:34,2462.86
9999,0002,SANTANDER,BIA,TRANSFERENCIA,2022-02-12T09:02:10,2529.52
3320,0002,SANTANDER,ANA,TRANSFERENCIA,2022-02-26T00:03:04,981.57
1520,0004,SANTANDER,RAFAEL,SAQUE,2022-02-08T16:47:25,3218.10
3320,0004,SANTANDER,JOAO,TRANSFERENCIA,2022-01-27T03:34:40,4415.22
1044,0007,SANTANDER,BRUNO,TRANSFERENCIA,2022-02-02T05:19:45,3428.38
9999,0001,SANTANDER,JOAO,TRANSFERENCIA,2022-01-13T02:51:52,840.43
9999,0002,SANTANDER,ANA,DEPOSITO,2022-01-27T01:14:11,1256.78
9999,0007,SANTANDER,PAULA,TRANSFERENCIA,2022-02-08T06:14:33,981.34
1044,0004,SANTANDER,FELIPE,TRANSFERENCIA,2022-01-24T22:40:38,3170.11
3320,0004,SANTANDER,BRUNO,SAQUE,2022-01-19T21:22:33,2731.36
9999,0001,SANTANDER,ANA,DEPOSITO,2022-01-16T23:07:47,1304.38
1044,0002,SANTANDER,RAFAEL,DEPOSITO,2022-02-16T22:10:38,890.31
1044,0007,SANTANDER,FELIPE,TRANSFERENCIA,2022-01-17T16:27:22,2018.85
9999,0002,SANTANDER,JULIA,DEPOSITO,2022-02-21T10:23:08,3040.08
1044,0001,SANTANDER,JULIA,TRANSFERENCIA,2022-01-11T07:29:19,2800.11
2220,0004,SANTANDER,ANA,SAQUE,2022-02-17T12:55:31,2595.16
2220,0004,SANTANDER,JOAO,TRANSFERENCIA,2022-02-01T02:40:57,3780.18
1044,0004,SANTANDER,JULIA,SAQUE,2022-01-19T20:25:28,1533.79
9999,0001,SANTANDER,RAFAEL,TRANSFERENCIA,2022-01-08T05:37:12,4631.67
1520,0007,SANTANDER,BIA,DEPOSITO,2022-01-17T00:02:47,235.40
9999,0004,SANTANDER,BIA,SAQUE,2022-01-27T03:07:37,3967.46
1520,0004,SANTANDER,JULIA,DEPOSITO,2022-01-30T20:42:52,441.95
1044,0007,SANTANDER,MARIA,DEPOSITO,2022-02-01T19:45:01,1012.28
3320,0002,SANTANDER,ANA,TRANSFERENCIA,2022-01-21T19:44:44,4087.88
2220,0001,SANTANDER,JULIA,DEPOSITO,2022-02-13T10:20:49,4257.95
1520,0001,SANTANDER,BIA,DEPOSITO,2022-01-15T12:47:41,3485.93
1520,0004,SANTANDER,MARIA,SAQUE,2022-02-04T08:33:08,887.45
2220,0001,SANTANDER,BIA,TRANSFERENCIA,2022-02-15T21:54:29,2807.87
9999,0002,SANTANDER,PAULA,SAQUE,2022-01-27T09:03:54,1805.57
3320,0004,SANTANDER,BRUNO,SAQUE,2022-01-14T06:52:59,4675.93
9999,0007,SANTANDER,BRUNO,SAQUE,2022-02-01T12:02:07,4320.31
9999,0007,SANTANDER,PAULA,TRANSFERENCIA,2022-02-12T22:24:14,1398.41
3320,0002,SANTANDER,PAULA,TRANSFERENCIA,2022-02-02T19:20:31,2551.53
1044,0004,SANTANDER,BIA,DEPOSITO,2022-02-05T07:30:18,3983.22
1044,0004,SANTANDER,FELIPE,TRANSFERENCIA,2022-01-13T12:21:05,1523.40
9999,0001,SANTANDER,MARIA,TRANSFERENCIA,2022-02-11T13:33:44,4926.95
1520,0002,SANTANDER,JOAO,SAQUE,2022-01-05T03:54:21,780.56
1044,0004,SANTANDER,JULIA,TRANSFERENCIA,2022-01-23T12:48:28,364.67
3320,0002,SANTANDER,MARIA,DEPOSITO,2022-01-31T19:32:30,347.14
1520,0004,SANTANDER,ANA,DEPOSITO,2022-01-04T06:44:05,2609.41
2220,0002,SANTANDER,MARIA,DEPOSITO,2022-01-30T10:39:09,1422.53
9999,0007,SANTANDER,BRUNO,TRANSFERENCIA,2022-02-17T15:14:57,721.22
3320,0007,SANTANDER,PAULA,TRANSFERENCIA,2022-02-12T19:45:11,3597.08
1044,0007,SANTANDER,FELIPE,TRANSFERENCIA,2022-01-01T14:49:56,649.55
9999,0002,SANTANDER,ANA,DEPOSITO,2022-01-21T07:21:24,4748.57
1520,0002,SANTANDER,FELIPE,TRANSFERENCIA,2022-02-22T18:07:53,4038.84
1520,0002,SANTANDER,JULIA,SAQUE,2022-01-13T06:17:22,1001.71
3320,0001,SANTANDER,CARLOS,TRANSFERENCIA,2022-01-09T23:46:59,295.86
1520,0001,SANTANDER,RAFAEL,SAQUE,2022-02-10T07:52:39,1312.69
3320,0002,SANTANDER,RAFAEL,DEPOSITO,2022-02-03T11:55:29,122.10
3320,0007,SANTANDER,BRUNO,TRANSFERENCIA,2022-01-09T10:56:19,3326.12
3320,0002,SANTANDER,ANA,DEPOSITO,2022-02-15T01:48:27,1604.92
1044,0004,SANTANDER,PAULA,SAQUE,2022-02-06T18:55:24,774.62
9999,0001,SANTANDER,ANA,SAQUE,2022-01-09T18:15:38,2555.13
2220,0007,SANTANDER,RAFAEL,SAQUE,2022-01-10T22:15:34,1963.09
9999,0002,SANTANDER,PAULA,SAQUE,2022-02-15T12:19:08,878.57
2220,0002,SANTANDER,JULIA,DEPOSITO,2022-01-22T02:16:32,4629.05
9999,0002,SANTANDER,JOAO,DEPOSITO,2022-01-18T15:35:58,863.55
9999,0002,SANTANDER,BRUNO,SAQUE,2022-01-10T18:54:15,3664.29
1044,0001,SANTANDER,CARLOS,SAQUE,2022-02-23T16:54:04,2753.74
3320,0002,SANTANDER,ANA,TRANSFERENCIA,2022-02-05T07:27:52,3512.65
3320,0002,SANTANDER,ANA,TRANSFERENCIA,2022-01-30T21:50:06,1334.62
1520,0007,SANTANDER,PAULA,TRANSFERENCIA,2022-02-17T21:00:37,1095.11
2220,0004,SANTANDER,JULIA,SAQUE,2022-02-25T10:37:41,1663.79
1044,0007,SANTANDER,BIA,TRANSFERENCIA,2022-01-12T07:24:55,903.12
2220,0007,SANTANDER,JOAO,SAQUE,2022-02-25T10:37:37,872.48
1520,0002,SANTANDER,JOAO,DEPOSITO,2022-01-24T22:21:42,3333.94
9999,0007,SANTANDER,RAFAEL,DEPOSITO,2022-01-11T22:10:28,1071.97
1044,0002,SANTANDER,BIA,TRANSFERENCIA,2022-02-20T09:13:45,1215.89
3320,0001,SANTANDER,MARIA,SAQUE,2022-02-05T08:53:50,1986.26
1520,0002,SANTANDER,FELIPE,SAQUE,2022-01-05T07:36:44,1327.29
9999,0007,SANTANDER,BIA,TRANSFERENCIA,2022-02-15T04:55:52,2593.60
9999,0007,SANTANDER,ANA,TRANSFERENCIA,2022-01-21T10:42:01,3466.90
1044,0004,SANTANDER,FELIPE,SAQUE,2022-02-21T22:36:57,1972.33
1520,0001,SANTANDER,JULIA,SAQUE,2022-01-28T00:05:25,4889.97
3320,0007,SANTANDER,MARIA,TRANSFERENCIA,2022-02-25T17:10:22,1604.35
2220,0001,SANTANDER,ANA,SAQUE,2022-01-21T09:27:18,4360.16
9999,0001,SANTANDER,JOAO,SAQUE,2022-02-26T00:56:47,838.23
9999,0004,SANTANDER,JOAO,SAQUE,2022-01-30T09:33:12,995.00
1044,0002,SANTANDER,JOAO,TRANSFERENCIA,2022-01-20T01:29:17,4558.36
9999,0007,SANTANDER,PAULA,SAQUE,2022-01-21T10:18:26,3434.18
2220,0001,SANTANDER,BIA,SAQUE,2022-01-15T02:18:12,1989.70
3320,0002,SANTANDER,MARIA,SAQUE,2022-01-16T06:46:45,591.28
2220,0007,SANTANDER,PAULA,TRANSFERENCIA,2022-01-14T13:22:23,268.46
9999,0001,SANTANDER,MARIA,SAQUE,2022-02-07T03:28:50,2014.08
3320,0002,SANTANDER,JOAO,SAQUE,2022-01-04T02:22:22,2233.01
1044,0007,SANTANDER,JULIA,SAQUE,2022-01-21T18:51:50,186.08
9999,0002,SANTANDER,BRUNO,DEPOSITO,2022-02-02T17:59:48,1042.80
1520,0002,SANTANDER,PAULA,TRANSFERENCIA,2022-01-30T06:27:53,3883.47
1520,0002,SANTANDER,CARLOS,SAQUE,2022-01-10T18:05:08,451.41
1520,0007,SANTANDER,RAFAEL,SAQUE,2022-02-02T17:37:46,4299.36
9999,0004,SANTANDER,FELIPE,SAQUE,2022-02-27T21:32:02,1434.28
3320,0001,SANTANDER,BIA,SAQUE,2022-02-05T14:32:10,4972.84
1044,0007,SANTANDER,MARIA,TRANSFERENCIA,2022-01-01T02:52:48,4027.01
3320,0004,SANTANDER,FELIPE,TRANSFERENCIA,2022-02-26T15:33:27,2483.29
1520,0001,SANTANDER,JULIA,DEPOSITO,2022-01-12T12:28:31,710.25
3320,0007,SANTANDER,ANA,TRANSFERENCIA,2022-02-01T17:07:26,2698.66
2220,0004,SANTANDER,FELIPE,SAQUE,2022-01-03T15:00:46,1297.53
1520,0002,SANTANDER,JOAO,SAQUE,2022-02-16T18:47:51,4651.00
2220,0001,SANTANDER,ANA,TRANSFERENCIA,2022-01-16T17:22:47,2397.07
9999,0007,SANTANDER,CARLOS,SAQUE,2022-01-17T03:37:40,2995.73
1520,0007,SANTANDER,MARIA,DEPOSITO,2022-02-11T09:06:55,4309.96
1520,0007,SANTANDER,JULIA,SAQUE,2022-01-13T06:43:34,4300.19
9999,0001,SANTANDER,ANA,DEPOSITO,2022-01-26T08:19:05,4764.62
3320,0001,SANTANDER,JULIA,TRANSFERENCIA,2022-01-28T17:09:36,162.88
1520,0001,SANTANDER,JOAO,TRANSFERENCIA,2022-02-05T06:17:11,4539.99
2220,0007,SANTANDER,BIA,TRANSFERENCIA,2022-02-13T20:00:35,1843.46
1044,0001,SANTANDER,ANA,DEPOSITO,2022-02-27T07:05:09,3385.67
1044,0004,SANTANDER,CARLOS,DEPOSITO,2022-01-17T17:54:48,4728.90
1044,0007,SANTANDER,MARIA,SAQUE,2022-01-25T09:06:15,2309.27
1520,0001,SANTANDER,JOAO,TRANSFERENCIA,2022-01-06T18:24:30,3846.02
9999,0001,SANTANDER,JOAO,SAQUE,2022-01-03T14:05:17,4030.68
2220,0002,SANTANDER,MARIA,DEPOSITO,2022-02-08T16:53:40,1381.57
1520,0007,SANTANDER,FELIPE,DEPOSITO,2022-02-20T03:01:09,214.07
1520,0001,SANTANDER,ANA,DEPOSITO,2022-01-11T10:15:54,741.51
1520,0001,SANTANDER,ANA,TRANSFERENCIA,2022-01-06T21:40:47,2317.81
3320,0001,SANTANDER,BRUNO,DEPOSITO,2022-01-10T20:53:59,1233.27
2220,0002,SANTANDER,ANA,SAQUE,2022-01-05T15:22:41,4065.17
1044,0004,SANTANDER,RAFAEL,DEPOSITO,2022-02-17T18:31:13,1501.88
2220,0002,SANTANDER,MARIA,TRANSFERENCIA,2022-01-20T02:00:11,124.93
9999,0007,SANTANDER,FELIPE,DEPOSITO,2022-02-21T14:55:53,4297.16
1044,0007,SANTANDER,BRUNO,TRANSFERENCIA,2022-02-11T16:46:20,2981.21
2220,0001,SANTANDER,JULIA,SAQUE,2022-02-24T11:49:32,28.33
3320,0002,SANTANDER,BIA,DEPOSITO,2022-01-16T04:52:05,4113.10
2220,0004,SANTANDER,BRUNO,DEPOSITO,2022-02-12T09:50:18,4116.14
1520,0004,SANTANDER,BIA,SAQUE,2022-02-20T22:26:37,1203.50
3320,0007,SANTANDER,JOAO,SAQUE,2022-01-06T14:10:23,4899.13
2220,0007,SANTANDER,BRUNO,SAQUE,2022-01-31T03:45:12,4825.44
9999,0001,SANTANDER,MARIA,SAQUE,2022-01-05T21:51:15,2235.21
2220,0007,SANTANDER,MARIA,DEPOSITO,2022-01-04T15:02:00,99.22
1044,0002,SANTANDER,RAFAEL,TRANSFERENCIA,2022-01-07T14:19:21,4102.92
9999,0004,SANTANDER,BIA,SAQUE,2022-01-31T14:06:45,1247.20
1520,0004,SANTANDER,FELIPE,SAQUE,2022-01-25T19:24:31,3053.18
9999,0001,SANTANDER,BIA,DEPOSITO,2022-02-28T01:17:08,4108.74
2220,0007,SANTANDER,JULIA,TRANSFERENCIA,2022-01-07T07:44:14,994.12
9999,0007,SANTANDER,MARIA,DEPOSITO,2022-02-07T02:38:24,3015.33
1044,0001,SANTANDER,BRUNO,DEPOSITO,2022-01-10T16:01:50,743.05
2220,0004,SANTANDER,JOAO,DEPOSITO,2022-02-16T14:13:44,2855.52
3320,0002,SANTANDER,FELIPE,DEPOSITO,2022-02-12T10:02:10,915.89
9999,0004,SANTANDER,BIA,TRANSFERENCIA,2022-01-12T01:29:44,4978.36
2220,0001,SANTANDER,MARIA,TRANSFERENCIA,2022-01-26T15:25:46,826.55
2220,0002,SANTANDER,JOAO,SAQUE,2022-02-15T08:48:52,255.85
2220,0002,SANTANDER,MARIA,SAQUE,2022-02-09T21:05:52,275.56
3320,0001,SANTANDER,CARLOS,SAQUE,2022-02-22T23:41:03,4718.63
1520,0002,SANTANDER,ANA,TRANSFERENCIA,2022-02-25T11:50:13,2565.26
9999,0007,SANTANDER,FELIPE,SAQUE,2022-01-09T02:34:15,4880.08
1520,0004,SANTANDER,RAFAEL,SAQUE,2022-01-07T20:31:54,4852.57
2220,0004,SANTANDER,CARLOS,TRANSFERENCIA,2022-01-14T10:07:26,804.42
1520,0007,SANTANDER,ANA,TRANSFERENCIA,2022-02-19T19:42:55,3687.49
3320,0007,SANTANDER,RAFAEL,DEPOSITO,2022-02-12T11:50:23,4662.60
9999,0002,SANTANDER,JOAO,SAQUE,2022-01-26T04:40:49,2700.93
2220,0007,SANTANDER,ANA,DEPOSITO,2022-01-10T02:19:47,4144.22
3320,0002,SANTANDER,BRUNO,TRANSFERENCIA,2022-01-09T06:21:45,1498.48
2220,0001,SANTANDER,MARIA,SAQUE,2022-02-19T14:28:45,4455.06
9999,0004,SANTANDER,FELIPE,TRANSFERENCIA,2022-02-11T02:46:01,2798.88
9999,0002,SANTANDER,PAULA,TRANSFERENCIA,2022-02-08T01:40:11,2893.40
2220,0001,SANTANDER,CARLOS,SAQUE,2022-02-27T04:06:02,1773.85
1520,0004,SANTANDER,MARIA,TRANSFERENCIA,2022-02-11T02:52:46,563.35
2220,0001,SANTANDER,PAULA,TRANSFERENCIA,2022-01-25T02:08:30,885.97
1044,0002,SANTANDER,ANA,TRANSFERENCIA,2022-02-06T15:22:30,1770.86
2220,0007,SANTANDER,FELIPE,DEPOSITO,2022-01-05T09:14:53,4423.95
2220,0004,SANTANDER,BIA,DEPOSITO,2022-02-07T06:09:26,2734.45
1044,0007,SANTANDER,JOAO,DEPOSITO,2022-02-13T23:42:20,2558.99
3320,0001,SANTANDER,PAULA,SAQUE,2022-01-15T20:23:51,2804.60
1520,0007,SANTANDER,FELIPE,SAQUE,2022-02-04T12:32:28,2900.41
3320,0007,SANTANDER,CARLOS,TRANSFERENCIA,2022-02-23T01:55:51,626.16
9999,0002,SANTANDER,CARLOS,TRANSFERENCIA,2022-02-08T20:22:18,2663.98
9999,0002,SANTANDER,BIA,SAQUE,2022-02-12T07:44:23,688.16
1044,0007,SANTANDER,PAULA,SAQUE,2022-02-21T04:29:12,2226.43
9999,0001,SANTANDER,BRUNO,SAQUE,2022-01-07T03:45:21,446.82
1520,0002,SANTANDER,MARIA,TRANSFERENCIA,2022-01-25T02:32:46,1789.38
9999,0002,SANTANDER,JULIA,TRANSFERENCIA,2022-02-09T13:15:46,540.69
3320,0007,SANTANDER,BRUNO,SAQUE,2022-02-03T04:17:10,933.72
3320,0001,SANTANDER,CARLOS,DEPOSITO,2022-02-24T00:15:30,2555.71
2220,0004,SANTANDER,JOAO,SAQUE,2022-02-04T23:35:51,4532.24
1044,0004,SANTANDER,PAULA,SAQUE,2022-01-26T10:55:48,623.72
1520,0007,SANTANDER,ANA,TRANSFERENCIA,2022-01-04T01:33:13,4365.34
1044,0004,SANTANDER,JOAO,TRANSFERENCIA,2022-02-10T10:15:39,2010.92
1520,0007,SANTANDER,PAULA,TRANSFERENCIA,2022-01-07T08:14:17,3862.23
3320,0004,SANTANDER,BIA,TRANSFERENCIA,2022-02-25T15:44:00,3765.29
1520,0001,SANTANDER,BRUNO,DEPOSITO,2022-02-23T12:16:46,728.16
1044,0001,SANTANDER,PAULA,DEPOSITO,2022-02-10T03:59:22,2585.34
1520,0002,SANTANDER,ANA,TRANSFERENCIA,2022-01-18T22:24:02,4595.66
2220,0004,SANTANDER,RAFAEL,DEPOSITO,2022-02-22T06:34:18,3087.42
3320,0007,SANTANDER,BIA,TRANSFERENCIA,2022-02-12T18:04:55,1558.77
9999,0007,SANTANDER,BIA,DEPOSITO,2022-01-09T18:24:16,1637.31
9999,0004,SANTANDER,ANA,TRANSFERENCIA,2022-01-05T18:52:42,554.12
9999,0002,SANTANDER,BIA,TRANSFERENCIA,2022-01-18T12:47:06,293.88
2220,0004,SANTANDER,JULIA,TRANSFERENCIA,2022-02-07T00:56:09,4445.88
1520,0004,SANTANDER,MARIA,SAQUE,2022-02-16T01:37:13,393.95
1520,0002,SANTANDER,BIA,TRANSFERENCIA,2022-02-23T21:48:05,4037.71
3320,0007,SANTANDER,ANA,SAQUE,2022-02-09T21:12:32,4879.35
3320,0001,SANTANDER,RAFAEL,TRANSFERENCIA,2022-01-26T05:37:24,1638.94
9999,0001,SANTANDER,BRUNO,DEPOSITO,2022-01-01T17:53:30,246.71
9999,0004,SANTANDER,FELIPE,DEPOSITO,2022-02-21T11:48:42,4856.40
1044,0002,SANTANDER,JOAO,DEPOSITO,2022-02-06T12:55:31,4993.20
1044,0007,SANTANDER,BRUNO,DEPOSITO,2022-02-09T20:26:30,250.96
2220,0004,SANTANDER,FELIPE,SAQUE,2022-01-31T04:04:53,1574.42
1044,0007,SANTANDER,PAULA,DEPOSITO,2022-02-22T04:30:27,4462.43
9999,0007,SANTANDER,CARLOS,DEPOSITO,2022-01-22T10:20:39,962.25
9999,0001,SANTANDER,BRUNO,SAQUE,2022-01-24T13:06:16,4285.33
1044,0004,SANTANDER,BRUNO,DEPOSITO,2022-01-13T16:48:01,4271.59
3320,0007,SANTANDER,ANA,TRANSFERENCIA,2022-01-29T01:51:45,271.91
2220,0004,SANTANDER,BIA,TRANSFERENCIA,2022-02-03T16:37:23,1145.28
1520,0001,SANTANDER,BRUNO,SAQUE,2022-01-19T03:07:52,592.95
3320,0004,SANTANDER,FELIPE,DEPOSITO,2022-02-11T13:44:10,4821.71
2220,0007,SANTANDER,CARLOS,DEPOSITO,2022-01-14T01:01:36,3819.28
9999,0001,SANTANDER,BRUNO,SAQUE,2022-01-11T01:32:12,396.25
1044,0001,SANTANDER,MARIA,DEPOSITO,2022-02-18T20:54:53,4076.61
1044,0007,SANTANDER,JOAO,SAQUE,2022-02-22T02:57:07,76.06
2220,0007,SANTANDER,PAULA,TRANSFERENCIA,2022-02-18T00:20:53,4958.19
3320,0002,SANTANDER,MARIA,SAQUE,2022-02-26T02:27:49,2978.03
1044,0007,SANTANDER,JOAO,DEPOSITO,2022-02-13T07:31:26,675.42
2220,0004,SANTANDER,FELIPE,TRANSFERENCIA,2022-02-11T06:17:39,381.62
1520,0002,SANTANDER,JOAO,SAQUE,2022-02-21T08:06:16,1256.89
2220,0004,SANTANDER,JULIA,DEPOSITO,2022-02-03T13:35:03,3482.48
2220,0001,SANTANDER,PAULA,TRANSFERENCIA,2022-02-04T00:23:05,4868.54
3320,0004,SANTANDER,CARLOS,TRANSFERENCIA,2022-01-17T23:22:47,1549.50
1520,0002,SANTANDER,RAFAEL,DEPOSITO,2022-01-25T14:02:24,1810.78
1044,0001,SANTANDER,JOAO,TRANSFERENCIA,2022-02-11T16:11:43,1273.07
1044,0004,SANTANDER,PAULA,DEPOSITO,2022-01-15T03:22:13,4349.48
1520,0001,SANTANDER,FELIPE,SAQUE,2022-01-15T23:13:39,4673.34
2220,0004,SANTANDER,RAFAEL,TRANSFERENCIA,2022-02-17T16:42:12,3411.18
9999,0001,SANTANDER,PAULA,DEPOSITO,2022-02-08T15:44:33,3821.02
3320,0004,SANTANDER,FELIPE,DEPOSITO,2022-01-17T11:28:43,154.49
9999,0007,SANTANDER,FELIPE,SAQUE,2022-02-16T02:12:27,1768.80
1520,0001,SANTANDER,MARIA,TRANSFERENCIA,2022-02-07T13:49:59,4811.62
1520,0004,SANTANDER,ANA,TRANSFERENCIA,2022-01-19T20:53:45,166.97
9999,0002,SANTANDER,ANA,TRANSFERENCIA,2022-02-22T22:41:04,2515.70
3320,0004,SANTANDER,BIA,SAQUE,2022-02-02T03:20:31,4239.00
1044,0001,SANTANDER,JOAO,TRANSFERENCIA,2022-01-11T01:57:27,2574.00
2220,0007,SANTANDER,PAULA,TRANSFERENCIA,2022-01-28T19:50:23,2571.43
1520,0007,SANTANDER,ANA,SAQUE,2022-01-28T01:46:38,1271.26
1044,0004,SANTANDER,CARLOS,DEPOSITO,2022-01-06T04:38:03,4129.43
3320,0004,SANTANDER,MARIA,DEPOSITO,2022-02-28T12:32:59,3098.09
2220,0001,SANTANDER,JOAO,TRANSFERENCIA,2022-02-01T02:48:56,1205.38
9999,0001,SANTANDER,FELIPE,TRANSFERENCIA,2022-02-14T07:42:23,4801.76
9999,0004,SANTANDER,RAFAEL,TRANSFERENCIA,2022-02-07T11:26:13,4019.72
9999,0007,SANTANDER,BIA,TRANSFERENCIA,2022-02-19T22:51:15,3882.28
9999,0001,SANTANDER,CARLOS,DEPOSITO,2022-02-16T17:22:20,2894.30
3320,0007,SANTANDER,MARIA,DEPOSITO,2022-02-13T15:12:39,3405.44
1044,0007,SANTANDER,JULIA,SAQUE,2022-01-09T16:38:50,4309.38
9999,0007,SANTANDER,CARLOS,SAQUE,2022-01-27T00:01:06,661.87
3320,0002,SANTANDER,BIA,DEPOSITO,2022-01-16T19:11:52,2607.80
3320,0001,SANTANDER,FELIPE,SAQUE,2022-02-23T08:54:25,2500.35
2220,0002,SANTANDER,BIA,SAQUE,2022-01-17T17:43:36,2585.89
9999,0001,SANTANDER,BIA,TRANSFERENCIA,2022-01-21T14:12:29,839.75
1520,0001,SANTANDER,MARIA,SAQUE,2022-01-18T23:20:51,1150.87
1520,0001,SANTANDER,MARIA,TRANSFERENCIA,2022-02-20T16:23:54,1930.31
2220,0007,SANTANDER,MARIA,SAQUE,2022-01-03T21:26:24,2540.11
9999,0007,SANTANDER,BRUNO,SAQUE,2022-01-02T02:06:26,2739.16
1044,0002,SANTANDER,ANA,DEPOSITO,2022-01-10T00:34:01,1444.53
3320,0004,SANTANDER,ANA,TRANSFERENCIA,2022-01-24T16:29:17,3206.13
1520,0001,SANTANDER,PAULA,DEPOSITO,2022-02-10T21:19:39,3915.41
9999,0002,SANTANDER,JULIA,DEPOSITO,2022-01-31T00:47:28,2043.93
9999,0004,SANTANDER,MARIA,SAQUE,2022-01-01T08:30:17,993.58
1520,0007,SANTANDER,BRUNO,SAQUE,2022-01-01T08:10:29,1850.92
1044,0004,SANTANDER,BIA,DEPOSITO,2022-02-12T11:31:48,4170.62
1044,0001,SANTANDER,JOAO,DEPOSITO,2022-02-12T00:36:55,4862.25
2220,0007,SANTANDER,CARLOS,SAQUE,2022-01-08T04:01:35,66.20
2220,0004,SANTANDER,CARLOS,SAQUE,2022-01-09T18:24:20,3520.69
3320,0004,SANTANDER,JOAO,DEPOSITO,2022-02-22T14:08:41,1620.33
2220,0004,SANTANDER,BIA,DEPOSITO,2022-01-05T01:46:06,2614.44
1520,0004,SANTANDER,RAFAEL,SAQUE,2022-02-11T17:43:53,2099.03
3320,0004,SANTANDER,RAFAEL,SAQUE,2022-02-06T16:37:08,2671.94
9999,0007,SANTANDER,FELIPE,DEPOSITO,2022-02-28T22:15:25,2296.11
1520,0002,SANTANDER,RAFAEL,DEPOSITO,2022-02-24T04:18:15,2777.55
9999,0001,SANTANDER,PAULA,TRANSFERENCIA,2022-02-17T02:49:10,3908.16
1520,0004,SANTANDER,JOAO,DEPOSITO,2022-02-27T09:58:23,2144.34
1044,0007,SANTANDER,MARIA,TRANSFERENCIA,2022-02-14T02:59:36,4484.06
1520,0002,SANTANDER,FELIPE,SAQUE,2022-01-09T10:40:03,664.37
1044,0007,SANTANDER,RAFAEL,TRANSFERENCIA,2022-02-24T06:43:20,4155.35
3320,0007,SANTANDER,JOAO,DEPOSITO,2022-01-08T15:17:22,2766.93
1520,0004,SANTANDER,FELIPE,SAQUE,2022-02-14T18:10:26,1806.67
9999,0004,SANTANDER,MARIA,DEPOSITO,2022-02-17T05:59:42,2285.13
1520,0002,SANTANDER,PAULA,DEPOSITO,2022-02-07T09:20:24,3011.01
1520,0001,SANTANDER,RAFAEL,TRANSFERENCIA,2022-02-23T12:54:55,724.12
1520,0007,SANTANDER,FELIPE,DEPOSITO,2022-01-26T20:27:24,885.95
3320,0007,SANTANDER,ANA,TRANSFERENCIA,2022-02-27T01:17:18,373.17
1520,0004,SANTANDER,ANA,DEPOSITO,2022-01-13T19:19:36,527.07
9999,0004,SANTANDER,CARLOS,DEPOSITO,2022-02-17T04:42:37,4167.36
1520,0004,SANTANDER,BRUNO,TRANSFERENCIA,2022-01-13T06:34:39,15.43
9999,0002,SANTANDER,FELIPE,DEPOSITO,2022-02-18T05:57:56,4152.69
9999,0001,SANTANDER,JOAO,SAQUE,2022-02-08T18:25:58,1098.57
1044,0007,SANTANDER,CARLOS,SAQUE,2022-02-14T14:22:55,859.21
3320,0004,SANTANDER,PAULA,SAQUE,2022-02-18T20:18:17,815.61
9999,0004,SANTANDER,CARLOS,SAQUE,2022-01-06T16:06:25,445.71
9999,0002,SANTANDER,FELIPE,TRANSFERENCIA,2022-01-26T10:04:44,3585.67
3320,0001,SANTANDER,FELIPE,DEPOSITO,2022-01-08T00:54:33,1948.04
9999,0004,SANTANDER,JOAO,DEPOSITO,2022-01-07T09:35:02,295.53
1044,0001,SANTANDER,MARIA,SAQUE,2022-02-25T18:21:28,1859.64
1520,0002,SANTANDER,PAULA,SAQUE,2022-01-09T08:47:56,1575.60
2220,0001,SANTANDER,JOAO,TRANSFERENCIA,2022-02-05T05:12:57,1137.84
2220,0001,SANTANDER,BIA,SAQUE,2022-01-20T09:07:26,220.21
2220,0001,SANTANDER,BRUNO,TRANSFERENCIA,2022-01-31T11:27:48,3402.75
1520,0007,SANTANDER,CARLOS,TRANSFERENCIA,2022-01-09T09:50:52,4386.41
9999,0004,SANTANDER,RAFAEL,TRANSFERENCIA,2022-02-01T18:29:54,3495.94
3320,0002,SANTANDER,BIA,TRANSFERENCIA,2022-02-15T11:16:36,2066.61
9999,0002,SANTANDER,BRUNO,DEPOSITO,2022-01-13T18:25:44,2976.29
1044,0007,SANTANDER,MARIA,DEPOSITO,2022-01-09T13:15:58,4796.72
9999,0002,SANTANDER,PAULA,SAQUE,2022-01-31T04:20:37,4054.87
1520,0002,SANTANDER,MARIA,SAQUE,2022-01-26T00:45:25,1662.12
3320,0004,SANTANDER,RAFAEL,TRANSFERENCIA,2022-02-09T03:42:52,1109.67
3320,0001,SANTANDER,PAULA,DEPOSITO,2022-01-21T17:06:29,4854.13
1044,0007,SANTANDER,CARLOS,TRANSFERENCIA,2022-01-24T11:47:58,1687.64
3320,0007,SANTANDER,RAFAEL,SAQUE,2022-02-09T09:11:24,4310.36
9999,0007,SANTANDER,JOAO,TRANSFERENCIA,2022-02-11T16:15:51,2239.58
9999,0002,SANTANDER,CARLOS,DEPOSITO,2022-02-22T14:48:59,2517.40
9999,0004,SANTANDER,FELIPE,DEPOSITO,2022-01-23T02:55:56,1913.74
1044,0007,SANTANDER,FELIPE,TRANSFERENCIA,2022-01-05T14:31:35,1654.91
1520,0007,SANTANDER,PAULA,DEPOSITO,2022-01-05T20:47:25,1967.97
2220,0004,SANTANDER,ANA,SAQUE,2022-02-05T08:41:56,4804.64
3320,0002,SANTANDER,BIA,SAQUE,2022-01-01T22:40:47,2970.74
9999,0004,SANTANDER,ANA,SAQUE,2022-01-05T03:02:39,2467.43
1044,0001,SANTANDER,BIA,SAQUE,2022-01-23T16:15:35,499.55
1520,0001,SANTANDER,PAULA,TRANSFERENCIA,2022-02-07T15:52:23,474.68
1520,0002,SANTANDER,ANA,DEPOSITO,2022-02-13T05:21:24,3410.20
1520,0002,SANTANDER,FELIPE,TRANSFERENCIA,2022-01-03T07:26:30,2031.21
9999,0004,SANTANDER,JULIA,DEPOSITO,2022-01-27T00:36:00,3493.46
1520,0002,SANTANDER,JOAO,SAQUE,2022-01-14T03:06:58,912.02
1044,0004,SANTANDER,JOAO,SAQUE,2022-01-16T07:57:13,4299.80
1520,0001,SANTANDER,ANA,SAQUE,2022-02-02T17:52:26,1073.78
3320,0004,SANTANDER,BIA,DEPOSITO,2022-02-12T17:38:03,3168.95
9999,0004,SANTANDER,JOAO,DEPOSITO,2022-01-28T10:19:05,220.09
2220,0001,SANTANDER,PAULA,TRANSFERENCIA,2022-01-19T13:40:28,4222.78
2220,0001,SANTANDER,ANA,TRANSFERENCIA,2022-02-27T06:32:12,3370.68
1520,0002,SANTANDER,MARIA,SAQUE,2022-01-01T22:39:20,4912.85
1044,0002,SANTANDER,CARLOS,TRANSFERENCIA,2022-01-02T04:26:21,1017.11
9999,0001,SANTANDER,JOAO,DEPOSITO,2022-02-03T19:23:15,631.16
1520,0002,SANTANDER,BRUNO,SAQUE,2022-02-19T04:11:21,3058.26
1044,0001,SANTANDER,MARIA,TRANSFERENCIA,2022-01-30T02:47:55,3134.68
1520,0002,SANTANDER,ANA,TRANSFERENCIA,2022-01-17T22:03:39,4799.26
1044,0004,SANTANDER,JULIA,DEPOSITO,2022-02-25T01:23:50,1703.00
1520,0004,SANTANDER,BRUNO,SAQUE,2022-01-04T05:29:45,297.57
2220,0001,SANTANDER,JOAO,DEPOSITO,2022-02-25T10:58:33,2142.94
9999,0001,SANTANDER,MARIA,TRANSFERENCIA,2022-02-07T13:26:34,3585.93
2220,0004,SANTANDER,JOAO,TRANSFERENCIA,2022-01-24T11:03:08,4980.58
9999,0004,SANTANDER,FELIPE,TRANSFERENCIA,2022-01-22T03:31:12,3311.40
9999,0004,SANTANDER,CARLOS,TRANSFERENCIA,2022-02-06T09:44:24,4309.58
1520,0001,SANTANDER,BRUNO,DEPOSITO,2022-02-14T12:19:37,1885.51
3320,0004,SANTANDER,ANA,SAQUE,2022-01-22T03:53:53,804.24
1044,0001,SANTANDER,MARIA,DEPOSITO,2022-01-21T15:11:58,4926.86
1044,0004,SANTANDER,FELIPE,DEPOSITO,2022-01-18T19:55:25,1430.06
2220,0004,SANTANDER,FELIPE,TRANSFERENCIA,2022-01-06T22:29:09,3139.05
9999,0002,SANTANDER,JULIA,SAQUE,2022-01-30T21:01:42,1655.82
1520,0001,SANTANDER,JOAO,TRANSFERENCIA,2022-01-04T02:26:41,2857.02
2220,0001,SANTANDER,ANA,SAQUE,2022-01-01T13:05:32,3186.40
9999,0007,SANTANDER,RAFAEL,DEPOSITO,2022-01-24T14:10:28,70.71
1520,0001,SANTANDER,BRUNO,DEPOSITO,2022-02-13T02:45:44,1100.50
3320,0001,SANTANDER,CARLOS,TRANSFERENCIA,2022-02-02T11:28:07,4788.48
2220,0004,SANTANDER,BIA,TRANSFERENCIA,2022-02-22T17:21:08,2256.29
9999,0002,SANTANDER,MARIA,SAQUE,2022-02-27T14:46:00,3685.00
2220,0004,SANTANDER,FELIPE,DEPOSITO,2022-01-05T12:10:51,1155.49
3320,0007,SANTANDER,FELIPE,SAQUE,2022-01-14T17:38:16,2288.41
1044,0002,SANTANDER,MARIA,DEPOSITO,2022-02-14T20:24:24,4916.53
1520,0002,SANTANDER,JOAO,DEPOSITO,2022-01-12T02:53:04,455.08
1044,0002,SANTANDER,JULIA,TRANSFERENCIA,2022-02-23T11:17:44,31.59
3320,0007,SANTANDER,FELIPE,SAQUE,2022-01-17T14:15:53,338.56
9999,0001,SANTANDER,RAFAEL,TRANSFERENCIA,2022-02-17T11:03:48,3614.22
1044,0001,SANTANDER,BRUNO,SAQUE,2022-01-11T21:07:45,2516.16
3320,0004,SANTANDER,ANA,TRANSFERENCIA,2022-02-23T10:59:36,408.68
9999,0004,SANTANDER,BIA,TRANSFERENCIA,2022-02-15T00:36:56,3451.65
2220,0002,SANTANDER,MARIA,DEPOSITO,2022-02-23T23:36:14,2584.30
1520,0004,SANTANDER,JULIA,DEPOSITO,2022-02-21T22:35:20,3828.17
9999,0002,SANTANDER,MARIA,TRANSFERENCIA,2022-02-06T10:49:59,3043.67
3320,0007,SANTANDER,FELIPE,TRANSFERENCIA,2022-01-27T19:23:06,1659.16
1044,0001,SANTANDER,MARIA,TRANSFERENCIA,2022-01-14T09:48:04,841.44
2220,0002,SANTANDER,JOAO,SAQUE,2022-01-18T05:54:47,2756.45
9999,0004,SANTANDER,RAFAEL,SAQUE,2022-01-23T04:45:58,677.22
3320,0001,SANTANDER,CARLOS,SAQUE,2022-01-27T22:26:43,1394.44
1044,0002,SANTANDER,FELIPE,TRANSFERENCIA,2022-02-20T23:06:25,3739.12
1520,0007,SANTANDER,ANA,TRANSFERENCIA,2022-02-28T11:47:42,3552.99
1520,0002,SANTANDER,JOAO,SAQUE,2022-01-04T12:09:20,3170.59
1520,0004,SANTANDER,FELIPE,SAQUE,2022-01-13T17:43:09,653.79
2220,0007,SANTANDER,ANA,SAQUE,2022-01-11T00:33:21,1219.25
3320,0001,SANTANDER,FELIPE,TRANSFERENCIA,2022-01-10T01:57:25,2090.23
1520,0007,SANTANDER,CARLOS,DEPOSITO,2022-01-20T03:08:23,15.43
1520,0004,SANTANDER,BIA,SAQUE,2022-02-12T17:12:18,2285.13
1044,0007,SANTANDER,BIA,SAQUE,2022-02-22T03:55:39,1122.00
1520,0001,SANTANDER,FELIPE,TRANSFERENCIA,2022-01-09T16:55:12,2079.14
1520,0007,SANTANDER,CARLOS,DEPOSITO,2022-01-04T23:14:58,4303.14
3320,0002,SANTANDER,MARIA,SAQUE,2022-01-26T14:23:49,1240.46
9999,0004,SANTANDER,MARIA,TRANSFERENCIA,2022-02-07T14:00:24,1960.02
3320,0001,SANTANDER,JULIA,SAQUE,2022-02-10T18:12:13,2434.75
9999,0001,SANTANDER,ANA,DEPOSITO,2022-02-24T02:19:24,4424.11
2220,0007,SANTANDER,PAULA,SAQUE,2022-02-07T04:50:18,1170.11
2220,0002,SANTANDER,MARIA,TRANSFERENCIA,2022-02-19T17:23:03,4021.11
1044,0004,SANTANDER,JOAO,DEPOSITO,2022-02-26T10:19:32,1435.41
1044,0004,SANTANDER,JOAO,DEPOSITO,2022-02-11T21:26:00,1958.19
3320,0004,SANTANDER,BIA,SAQUE,2022-01-22T19:38:05,2838.20
1044,0001,SANTANDER,CARLOS,TRANSFERENCIA,2022-02-28T16:37:47,1885.27
2220,0002,SANTANDER,FELIPE,SAQUE,2022-02-07T09:54:29,674.31
1520,0001,SANTANDER,CARLOS,SAQUE,2022-01-25T19:53:08,1082.99
2220,0002,SANTANDER,ANA,TRANSFERENCIA,2022-02-23T20:47:23,3477.44
1044,0002,SANTANDER,MARIA,TRANSFERENCIA,2022-02-19T23:18:28,4250.90
1520,0007,SANTANDER,BIA,TRANSFERENCIA,2022-01-10T12:33:25,3699.79
2220,0002,SANTANDER,JULIA,TRANSFERENCIA,2022-01-31T04:59:48,4537.29
1520,0007,SANTANDER,CARLOS,SAQUE,2022-01-20T12:23:40,2798.97
3320,0002,SANTANDER,CARLOS,DEPOSITO,2022-01-19T02:56:49,4444.93
1520,0004,SANTANDER,RAFAEL,SAQUE,2022-01-22T20:05:05,1228.37
3320,0001,SANTANDER,JULIA,SAQUE,2022-01-08T15:21:02,3532.32
1044,0007,SANTANDER,BRUNO,SAQUE,2022-02-06T07:09:42,4900.71
1044,0004,SANTANDER,PAULA,TRANSFERENCIA,2022-02-07T21:42:28,4580.77
9999,0004,SANTANDER,PAULA,DEPOSITO,2022-02-14T00:48:17,2007.48
1044,0004,SANTANDER,JULIA,DEPOSITO,2022-01-24T07:04:31,2183.49
9999,0007,SANTANDER,CARLOS,DEPOSITO,2022-02-07T12:58:52,4656.04
9999,0007,SANTANDER,MARIA,DEPOSITO,2022-01-21T06:07:25,4529.82
3320,0001,SANTANDER,FELIPE,DEPOSITO,2022-01-28T17:22:52,1850.33
9999,0001,SANTANDER,BIA,DEPOSITO,2022-01-30T17:50:45,2540.72
1044,0002,SANTANDER,BRUNO,TRANSFERENCIA,2022-01-14T20:16:16,1616.16
1044,0007,SANTANDER,BRUNO,DEPOSITO,2022-02-13T08:50:59,909.44
3320,0001,SANTANDER,PAULA,DEPOSITO,2022-01-14T06:33:17,1198.75
9999,0001,SANTANDER,CARLOS,SAQUE,2022-02-07T08:39:46,613.58
1044,0001,SANTANDER,CARLOS,TRANSFERENCIA,2022-02-22T20:41:16,2918.02
3320,0002,SANTANDER,BRUNO,SAQUE,2022-01-30T05:22:29,3883.98
1044,0002,SANTANDER,JOAO,DEPOSITO,2022-02-25T00:12:24,2063.83
2220,0002,SANTANDER,MARIA,TRANSFERENCIA,2022-01-02T18:06:38,150.91
1520,0007,SANTANDER,RAFAEL,DEPOSITO,2022-01-17T05:09:59,711.30
1520,0001,SANTANDER,ANA,TRANSFERENCIA,2022-02-23T07:13:21,2233.72
9999,0004,SANTANDER,ANA,SAQUE,2022-01-21T07:16:25,1814.38
1044,0002,SANTANDER,BRUNO,TRANSFERENCIA,2022-02-14T17:24:11,1299.55
2220,0001,SANTANDER,MARIA,DEPOSITO,2022-01-19T20:02:32,3214.44
3320,0001,SANTANDER,RAFAEL,DEPOSITO,2022-02-03T03:36:22,4376.69
3320,0002,SANTANDER,PAULA,DEPOSITO,2022-02-13T23:29:17,661.15
2220,0007,SANTANDER,ANA,DEPOSITO,2022-01-19T06:46:17,975.70
1520,0001,SANTANDER,CARLOS,SAQUE,2022-01-05T12:40:55,4625.08
1044,0002,SANTANDER,PAULA,TRANSFERENCIA,2022-01-07T02:31:30,123.91
1044,0004,SANTANDER,RAFAEL,TRANSFERENCIA,2022-01-05T10:19:34,182.80
3320,0007,SANTANDER,FELIPE,TRANSFERENCIA,2022-01-13T10:18:59,329.50
3320,0004,SANTANDER,PAULA,TRANSFERENCIA,2022-01-19T22:04:27,600.46
1520,0004,SANTANDER,JULIA,TRANSFERENCIA,2022-01-12T23:35:04,3846.43
3320,0007,SANTANDER,RAFAEL,TRANSFERENCIA,2022-01-09T10:21:45,2472.39
3320,0001,SANTANDER,JULIA,SAQUE,2022-01-20T05:38:34,1891.04
1044,0004,SANTANDER,FELIPE,TRANSFERENCIA,2022-02-07T22:32:57,880.88
1520,0002,SANTANDER,BIA,TRANSFERENCIA,2022-02-17T01:17:32,3920.68
1044,0002,SANTANDER,ANA,TRANSFERENCIA,2022-02-04T04:47:57,4136.41
3320,0002,SANTANDER,FELIPE,SAQUE,2022-01-15T15:20:03,3200.04
2220,0002,SANTANDER,BIA,SAQUE,2022-02-20T16:50:35,3017.35
3320,0001,SANTANDER,CARLOS,DEPOSITO,2022-02-15T23:45:27,3456.26
3320,0004,SANTANDER,JULIA,SAQUE,2022-01-23T00:06:10,2116.71
1520,0004,SANTANDER,JOAO,DEPOSITO,2022-02-08T13:18:02,459.10
1520,0007,SANTANDER,JOAO,TRANSFERENCIA,2022-01-19T04:45:40,1946.06
2220,0001,SANTANDER,RAFAEL,SAQUE,2022-01-20T09:48:30,1906.28
1520,0001,SANTANDER,PAULA,SAQUE,2022-01-16T03:26:18,1982.73
1044,0002,SANTANDER,RAFAEL,TRANSFERENCIA,2022-02-24T09:24:31,3160.97
3320,0001,SANTANDER,PAULA,TRANSFERENCIA,2022-02-12T05:01:18,4615.29
1044,0004,SANTANDER,BRUNO,DEPOSITO,2022-01-20T10:44:32,1622.23
1044,0002,SANTANDER,FELIPE,SAQUE,2022-01-22T00:55:35,4910.78
3320,0002,SANTANDER,FELIPE,TRANSFERENCIA,2022-02-19T08:33:38,85.42
1520,0004,SANTANDER,CARLOS,SAQUE,2022-02-03T14:29:08,2801.51
9999,0002,SANTANDER,FELIPE,SAQUE,2022-02-04T08:16:17,2025.73
2220,0002,SANTANDER,BIA,DEPOSITO,2022-01-21T11:48:49,1858.58
1520,0007,SANTANDER,JULIA,TRANSFERENCIA,2022-02-16T11:39:28,4322.60
3320,0001,SANTANDER,MARIA,TRANSFERENCIA,2022-01-06T09:08:32,1358.51
2220,0004,SANTANDER,MARIA,SAQUE,2022-01-01T14:42:36,2428.35
1044,0002,SANTANDER,RAFAEL,DEPOSITO,2022-01-12T20:20:17,3266.35
1044,0002,SANTANDER,JOAO,TRANSFERENCIA,2022-01-07T23:09:34,1099.54
2220,0002,SANTANDER,BRUNO,TRANSFERENCIA,2022-01-06T13:35:35,2544.08
1044,0007,SANTANDER,JULIA,TRANSFERENCIA,2022-02-15T23:23:48,3284.60
2220,0001,SANTANDER,ANA,TRANSFERENCIA,2022-01-27T21:06:16,3953.98
1520,0004,SANTANDER,ANA,DEPOSITO,2022-02-25T05:06:48,364.53
3320,0001,SANTANDER,ANA,SAQUE,2022-02-11T13:35:22,4886.79
1044,0001,SANTANDER,MARIA,TRANSFERENCIA,2022-02-03T05:25:57,1650.41
1044,0001,SANTANDER,BIA,TRANSFERENCIA,2022-01-09T20:48:01,2881.58
2220,0002,SANTANDER,BIA,DEPOSITO,2022-02-13T18:34:41,2736.06
1044,0002,SANTANDER,JOAO,DEPOSITO,2022-01-01T01:13:48,4056.21
1520,0004,SANTANDER,FELIPE,DEPOSITO,2022-01-16T08:51:20,3333.65
1520,0007,SANTANDER,MARIA,SAQUE,2022-01-09T17:15:42,749.21
1520,0002,SANTANDER,BIA,SAQUE,2022-02-11T17:57:51,4529.78
9999,0007,SANTANDER,PAULA,TRANSFERENCIA,2022-02-25T00:06:33,3236.68
2220,0001,SANTANDER,BIA,TRANSFERENCIA,2022-02-16T01:49:12,1078.88
3320,0007,SANTANDER,PAULA,DEPOSITO,2022-01-23T11:01:28,400.43
9999,0002,SANTANDER,FELIPE,DEPOSITO,2022-02-07T19:22:32,3375.08
1520,0007,SANTANDER,ANA,TRANSFERENCIA,2022-02-25T23:59:04,4819.21
9999,0007,SANTANDER,RAFAEL,DEPOSITO,2022-02-04T05:11:27,1186.92
3320,0004,SANTANDER,JULIA,SAQUE,2022-02-28T12:12:05,459.39
2220,0004,SANTANDER,CARLOS,SAQUE,2022-01-03T23:56:56,4769.11
9999,0004,SANTANDER,FELIPE,SAQUE,2022-01-13T02:32:48,724.51
3320,0001,SANTANDER,BIA,SAQUE,2022-02-04T04:09:22,4210.98
1044,0007,SANTANDER,BRUNO,DEPOSITO,2022-01-28T10:56:40,2815.64
2220,0004,SANTANDER,PAULA,SAQUE,2022-01-05T20:22:21,6.95
2220,0007,SANTANDER,BRUNO,DEPOSITO,2022-01-31T00:27:27,2724.23
2220,0007,SANTANDER,BRUNO,DEPOSITO,2022-02-25T13:46:44,2239.68
2220,0004,SANTANDER,MARIA,DEPOSITO,2022-01-20T13:04:39,1928.90
1044,0007,SANTANDER,JOAO,DEPOSITO,2022-02-02T02:24:50,166.10
2220,0002,SANTANDER,ANA,DEPOSITO,2022-01-22T10:00:49,2351.83
1520,0007,SANTANDER,CARLOS,TRANSFERENCIA,2022-02-11T10:06:26,3082.68
2220,0007,SANTANDER,MARIA,SAQUE,2022-02-24T21:33:12,3250.72
3320,0007,SANTANDER,JULIA,DEPOSITO,2022-01-20T23:45:19,248.68
1044,0007,SANTANDER,JOAO,SAQUE,2022-02-05T17:31:05,1749.47
3320,0002,SANTANDER,PAULA,DEPOSITO,2022-01-21T00:52:37,2133.41
3320,0001,SANTANDER,ANA,TRANSFERENCIA,2022-01-29T03:42:15,4580.91
9999,0004,SANTANDER,BIA,DEPOSITO,2022-02-03T20:29:07,4613.09
2220,0007,SANTANDER,JULIA,DEPOSITO,2022-02-02T01:54:19,3768.84
1044,0002,SANTANDER,CARLOS,TRANSFERENCIA,2022-01-25T23:46:49,3928.04
1044,0001,SANTANDER,BRUNO,TRANSFERENCIA,2022-02-28T14:12:42,2945.85
9999,0002,SANTANDER,CARLOS,DEPOSITO,2022-02-26T03:34:54,2255.00
3320,0004,SANTANDER,BRUNO,DEPOSITO,2022-01-02T16:01:24,2629.60
9999,0002,SANTANDER,FELIPE,SAQUE,2022-01-05T15:15:07,2967.01
9999,0007,SANTANDER,FELIPE,TRANSFERENCIA,2022-02-16T07:33:21,3618.01
3320,0004,SANTANDER,MARIA,SAQUE,2022-01-16T07:27:07,518.95
1520,0007,SANTANDER,FELIPE,SAQUE,2022-01-17T19:54:16,576.60
2220,0001,SANTANDER,PAULA,DEPOSITO,2022-01-30T06:12:59,4496.29
9999,0004,SANTANDER,JULIA,DEPOSITO,2022-02-10T01:53:25,1853.35
2220,0002,SANTANDER,FELIPE,SAQUE,2022-01-24T17:34:19,51.79
1044,0004,SANTANDER,BIA,DEPOSITO,2022-01-30T13:16:20,1908.13
1520,0002,SANTANDER,BIA,SAQUE,2022-02-25T00:12:43,273.98
1520,0002,SANTANDER,ANA,SAQUE,2022-01-14T05:44:34,3894.15
3320,0007,SANTANDER,ANA,DEPOSITO,2022-02-04T14:05:49,2644.30
9999,0007,SANTANDER,JULIA,DEPOSITO,2022-02-26T12:58:28,1687.57
2220,0001,SANTANDER,RAFAEL,DEPOSITO,2022-01-08T15:48:24,4613.57
9999,0002,SANTANDER,MARIA,DEPOSITO,2022-02-05T00:01:01,2763.20
3320,0004,SANTANDER,ANA,DEPOSITO,2022-02-07T15:50:26,1107.22
1520,0002,SANTANDER,RAFAEL,TRANSFERENCIA,2022-02-06T00:27:41,241.24
3320,0004,SANTANDER,FELIPE,SAQUE,2022-02-09T13:18:02,788.70
3320,0001,SANTANDER,JULIA,SAQUE,2022-01-31T02:24:58,2288.14
3320,0004,SANTANDER,BRUNO,SAQUE,2022-01-11T11:08:56,94.56
3320,0007,SANTANDER,BIA,DEPOSITO,2022-02-18T23:25:04,3707.52
2220,0001,SANTANDER,JOAO,TRANSFERENCIA,2022-01-31T11:11:22,3554.07
3320,0004,SANTANDER,BRUNO,TRANSFERENCIA,2022-01-05T20:47:42,765.80
1520,0007,SANTANDER,PAULA,DEPOSITO,2022-01-07T06:05:21,2329.62
3320,0001,SANTANDER,CARLOS,SAQUE,2022-01-31T22:14:41,293.17
3320,0004,SANTANDER,JOAO,SAQUE,2022-01-16T17:27:25,4075.52
9999,0004,SANTANDER,BRUNO,DEPOSITO,2022-02-02T20:23:25,906.69
1044,0002,SANTANDER,JULIA,SAQUE,2022-01-13T23:01:22,2602.05
3320,0002,SANTANDER,JOAO,SAQUE,2022-01-02T13:50:45,673.08
2220,0001,SANTANDER,JULIA,SAQUE,2022-01-01T23:12:37,1149.38
3320,0002,SANTANDER,CARLOS,DEPOSITO,2022-02-15T11:33:30,2205.43
1520,0007,SANTANDER,PAULA,DEPOSITO,2022-01-02T00:56:49,2188.26
2220,0002,SANTANDER,PAULA,TRANSFERENCIA,2022-02-03T17:26:19,3754.77
1044,0002,SANTANDER,JOAO,SAQUE,2022-01-27T23:46:22,3209.13
3320,0001,SANTANDER,MARIA,SAQUE,2022-01-23T09:52:25,3673.85
9999,0004,SANTANDER,PAULA,SAQUE,2022-01-23T19:33:40,146.19
1044,0002,SANTANDER,JOAO,SAQUE,2022-02-22T10:43:09,1480.73
1520,0001,SANTANDER,MARIA,DEPOSITO,2022-01-16T19:55:14,4788.10
3320,0004,SANTANDER,JOAO,DEPOSITO,2022-01-06T16:17:27,2197.29
2220,0004,SANTANDER,RAFAEL,DEPOSITO,2022-01-10T20:43:21,4158.65
2220,0007,SANTANDER,ANA,DEPOSITO,2022-02-10T04:30:12,530.25
9999,0002,SANTANDER,CARLOS,SAQUE,2022-02-07T12:11:04,1799.44
9999,0002,SANTANDER,RAFAEL,DEPOSITO,2022-01-15T23:02:48,3943.31
2220,0002,SANTANDER,ANA,TRANSFERENCIA,2022-01-07T05:20:17,900.21
1044,0001,SANTANDER,BIA,TRANSFERENCIA,2022-02-03T07:48:43,1927.00
9999,0004,SANTANDER,CARLOS,TRANSFERENCIA,2022-01-15T07:32:36,4735.82
2220,0002,SANTANDER,JULIA,DEPOSITO,2022-02-25T16:07:36,3847.34
1520,0002,SANTANDER,MARIA,SAQUE,2022-01-09T04:59:02,430.68
1520,0001,SANTANDER,RAFAEL,DEPOSITO,2022-02-19T20:34:17,210.78
1044,0007,SANTANDER,BIA,SAQUE,2022-01-08T04:16:42,2272.62
1520,0007,SANTANDER,CARLOS,TRANSFERENCIA,2022-01-04T12:00:40,3989.89
3320,0002,SANTANDER,ANA,SAQUE,2022-02-27T01:34:22,4858.15
9999,0004,SANTANDER,ANA,SAQUE,2022-02-28T01:51:17,1592.38
1520,0007,SANTANDER,MARIA,SAQUE,2022-01-18T00:57:04,711.38
2220,0007,SANTANDER,CARLOS,SAQUE,2022-01-22T09:21:51,2788.22
3320,0002,SANTANDER,JOAO,DEPOSITO,2022-01-29T02:01:40,749.12
1520,0007,SANTANDER,FELIPE,DEPOSITO,2022-02-01T02:49:31,3425.81
1044,0007,SANTANDER,JULIA,SAQUE,2022-01-01T03:30:47,3462.09
3320,0002,SANTANDER,CARLOS,DEPOSITO,2022-01-30T07:48:31,2214.65
1520,0004,SANTANDER,RAFAEL,TRANSFERENCIA,2022-02-18T10:58:38,2543.36
9999,0004,SANTANDER,JOAO,DEPOSITO,2022-02-15T02:39:16,105.03
3320,0001,SANTANDER,ANA,TRANSFERENCIA,2022-02-06T15:41:33,3830.01
1044,0001,SANTANDER,BIA,DEPOSITO,2022-01-19T09:29:20,3940.33
2220,0007,SANTANDER,CARLOS,TRANSFERENCIA,2022-01-18T15:17:48,1986.91
3320,0002,SANTANDER,BIA,TRANSFERENCIA,2022-01-31T17:34:26,2071.16
1044,0002,SANTANDER,PAULA,DEPOSITO,2022-02-16T00:53:06,1595.22
3320,0002,SANTANDER,ANA,TRANSFERENCIA,2022-01-15T21:56:22,88.67
1520,0007,SANTANDER,ANA,TRANSFERENCIA,2022-01-09T03:04:11,709.66
9999,0002,SANTANDER,JOAO,TRANSFERENCIA,2022-02-05T19:33:55,2863.95
3320,0002,SANTANDER,BIA,DEPOSITO,2022-01-12T08:41:22,357.61
2220,0002,SANTANDER,JOAO,SAQUE,2022-02-27T10:05:26,1589.41
9999,0007,SANTANDER,JULIA,DEPOSITO,2022-01-24T17:24:31,2316.90
3320,0007,SANTANDER,FELIPE,TRANSFERENCIA,2022-01-29T19:15:55,3320.74
3320,0001,SANTANDER,BRUNO,DEPOSITO,2022-01-08T09:05:15,1676.79
1044,0001,SANTANDER,RAFAEL,DEPOSITO,2022-01-10T10:15:00,973.46
1520,0002,SANTANDER,RAFAEL,SAQUE,2022-01-05T05:37:02,1363.78
9999,0002,SANTANDER,FELIPE,SAQUE,2022-01-09T03:03:13,884.72
3320,0001,SANTANDER,FELIPE,SAQUE,2022-02-06T03:05:11,3746.17
9999,0001,SANTANDER,ANA,TRANSFERENCIA,2022-01-15T22:02:20,4348.78
9999,0007,SANTANDER,RAFAEL,DEPOSITO,2022-02-08T23:28:39,1490.47
1520,0001,SANTANDER,BIA,SAQUE,2022-02-21T12:56:34,1634.26
9999,0001,SANTANDER,BRUNO,DEPOSITO,2022-01-30T16:05:14,3750.63
1520,0001,SANTANDER,BRUNO,SAQUE,2022-02-25T08:14:11,4640.42
2220,0007,SANTANDER,RAFAEL,DEPOSITO,2022-01-24T17:50:50,4159.71
9999,0004,SANTANDER,BRUNO,TRANSFERENCIA,2022-02-09T00:05:27,1409.56
2220,0004,SANTANDER,MARIA,TRANSFERENCIA,2022-02-12T06:25:33,3621.38
3320,0004,SANTANDER,FELIPE,SAQUE,2022-01-14T16:20:33,3574.58
2220,0002,SANTANDER,FELIPE,SAQUE,2022-01-19T18:26:24,915.93
1044,0001,SANTANDER,JOAO,DEPOSITO,2022-01-16T20:02:21,3059.06
9999,0002,SANTANDER,MARIA,DEPOSITO,2022-02-17T03:31:27,4688.37
9999,0001,SANTANDER,MARIA,DEPOSITO,2022-02-13T08:27:06,767.97
2220,0004,SANTANDER,BIA,TRANSFERENCIA,2022-02-21T03:38:24,483.58
3320,0002,SANTANDER,MARIA,TRANSFERENCIA,2022-02-23T08:33:02,100.49
3320,0007,SANTANDER,BRUNO,DEPOSITO,2022-01-03T00:47:10,3687.76
3320,0001,SANTANDER,JOAO,SAQUE,2022-02-03T18:30:55,4681.29
3320,0004,SANTANDER,JULIA,TRANSFERENCIA,2022-02-08T10:48:57,943.57
1520,0001,SANTANDER,ANA,TRANSFERENCIA,2022-01-05T12:09:02,1633.86
3320,0004,SANTANDER,JULIA,TRANSFERENCIA,2022-01-23T19:27:27,2749.62
1520,0004,SANTANDER,RAFAEL,TRANSFERENCIA,2022-01-16T17:06:42,4624.60
9999,0002,SANTANDER,BIA,TRANSFERENCIA,2022-01-07T01:30:49,299.15
2220,0007,SANTANDER,FELIPE,DEPOSITO,2022-02-12T08:17:52,4667.88
3320,0002,SANTANDER,RAFAEL,SAQUE,2022-02-18T16:48:59,3047.46
2220,0002,SANTANDER,JULIA,DEPOSITO,2022-02-09T13:33:53,4500.74
1520,0004,SANTANDER,MARIA,TRANSFERENCIA,2022-02-22T15:43:22,4565.34
2220,0002,SANTANDER,BRUNO,DEPOSITO,2022-01-11T04:05:47,1239.91
9999,0004,SANTANDER,MARIA,SAQUE,2022-01-08T05:19:51,950.17
9999,0002,SANTANDER,JULIA,SAQUE,2022-01-15T19:00:42,496.65
9999,0002,SANTANDER,ANA,SAQUE,2022-02-14T18:24:34,3686.13
1520,0007,SANTANDER,ANA,TRANSFERENCIA,2022-01-02T22:06:07,2030.90
2220,0007,SANTANDER,BRUNO,SAQUE,2022-01-05T05:14:34,2113.04
1044,0002,SANTANDER,JOAO,TRANSFERENCIA,2022-02-22T06:09:29,2613.71
1044,0002,SANTANDER,MARIA,TRANSFERENCIA,2022-01-13T08:56:47,2335.98
2220,0007,SANTANDER,MARIA,DEPOSITO,2022-02-18T20:27:58,3474.27
1044,0007,SANTANDER,BIA,TRANSFERENCIA,2022-01-24T23:26:05,2705.55
1044,0004,SANTANDER,PAULA,SAQUE,2022-01-02T14:45:55,4953.39
3320,0007,SANTANDER,BRUNO,DEPOSITO,2022-02-08T18:19:43,2669.80
3320,0004,SANTANDER,BIA,SAQUE,2022-01-14T10:24:56,1619.04
3320,0004,SANTANDER,BIA,TRANSFERENCIA,2022-02-27T14:12:06,2827.96
3320,0004,SANTANDER,ANA,SAQUE,2022-02-28T11:33:47,1364.87
2220,0001,SANTANDER,PAULA,TRANSFERENCIA,2022-01-29T22:04:03,4433.09
9999,0001,SANTANDER,PAULA,DEPOSITO,2022-02-16T03:14:54,714.45
9999,0007,SANTANDER,BRUNO,TRANSFERENCIA,2022-01-30T13:33:58,315.58
2220,0007,SANTANDER,PAULA,SAQUE,2022-02-24T14:34:14,20.23
9999,0007,SANTANDER,CARLOS,TRANSFERENCIA,2022-02-18T08:29:42,1275.30
1044,0004,SANTANDER,BRUNO,DEPOSITO,2022-01-08T07:23:13,4768.09
3320,0004,SANTANDER,MARIA,DEPOSITO,2022-02-14T20:38:20,1213.42
2220,0004,SANTANDER,JULIA,DEPOSITO,2022-02-26T11:03:05,2682.64
9999,0001,SANTANDER,BRUNO,DEPOSITO,2022-02-26T17:28:14,2668.99
1044,0004,SANTANDER,ANA,SAQUE,2022-02-28T17:35:03,834.16
9999,0007,SANTANDER,JOAO,DEPOSITO,2022-01-17T14:13:44,592.22
1520,0002,SANTANDER,BRUNO,SAQUE,2022-02-14T12:48:14,196.38
2220,0004,SANTANDER,RAFAEL,TRANSFERENCIA,2022-01-06T22:37:17,91.37
9999,0002,SANTANDER,CARLOS,TRANSFERENCIA,2022-01-25T12:44:48,1793.49
1520,0002,SANTANDER,JOAO,TRANSFERENCIA,2022-02-22T09:24:53,2866.10
3320,0001,SANTANDER,ANA,DEPOSITO,2022-01-30T14:59:02,3334.12
9999,0002,SANTANDER,BIA,TRANSFERENCIA,2022-02-15T23:51:48,1310.30
1520,0004,SANTANDER,BRUNO,SAQUE,2022-01-02T09:56:52,747.74
2220,0004,SANTANDER,JOAO,SAQUE,2022-01-01T01:28:20,1065.06
1044,0007,SANTANDER,BRUNO,SAQUE,2022-02-27T11:51:54,4443.13
9999,0004,SANTANDER,JULIA,SAQUE,2022-02-04T16:53:13,1937.63
1520,0004,SANTANDER,BIA,SAQUE,2022-02-12T13:15:16,4893.76
1044,0007,SANTANDER,PAULA,TRANSFERENCIA,2022-01-06T00:40:15,2513.77
2220,0001,SANTANDER,MARIA,TRANSFERENCIA,2022-02-15T20:04:56,810.82
1520,0001,SANTANDER,MARIA,TRANSFERENCIA,2022-01-20T19:27:32,2139.21
1520,0001,SANTANDER,JULIA,DEPOSITO,2022-01-29T16:51:34,1515.78
1044,0002,SANTANDER,BIA,TRANSFERENCIA,2022-01-05T04:49:00,1967.58
1044,0004,SANTANDER,BRUNO,TRANSFERENCIA,2022-02-08T22:05:35,4092.68
1044,0002,SANTANDER,CARLOS,SAQUE,2022-02-06T16:24:26,709.68
3320,0001,SANTANDER,ANA,DEPOSITO,2022-02-27T23:56:29,2181.50
2220,0002,SANTANDER,ANA,DEPOSITO,2022-01-18T07:22:36,922.00
3320,0001,SANTANDER,BIA,SAQUE,2022-02-02T05:06:56,1180.32
1044,0007,SANTANDER,JOAO,DEPOSITO,2022-02-18T10:31:49,1537.21
2220,0004,SANTANDER,RAFAEL,DEPOSITO,2022-02-01T14:53:24,1862.45
3320,0007,SANTANDER,ANA,SAQUE,2022-01-10T08:36:08,4240.67
3320,0002,SANTANDER,ANA,SAQUE,2022-02-17T11:40:59,4152.35
3320,0004,SANTANDER,ANA,TRANSFERENCIA,2022-02-03T18:11:43,1091.59
3320,0001,SANTANDER,JOAO,TRANSFERENCIA,2022-01-25T04:31:51,1972.54
3320,0001,SANTANDER,MARIA,TRANSFERENCIA,2022-02-15T20:32:31,1184.91
3320,0007,SANTANDER,PAULA,SAQUE,2022-02-11T07:43:00,3862.23
9999,0002,SANTANDER,BIA,DEPOSITO,2022-02-23T22:50:24,1605.60
1044,0004,SANTANDER,FELIPE,SAQUE,2022-02-26T17:52:51,3343.30
3320,0004,SANTANDER,FELIPE,TRANSFERENCIA,2022-01-31T08:28:32,507.91
1520,0004,SANTANDER,PAULA,DEPOSITO,2022-01-09T03:48:43,2243.68
1520,0004,SANTANDER,JOAO,TRANSFERENCIA,2022-01-05T13:53:57,1817.00
9999,0001,SANTANDER,CARLOS,DEPOSITO,2022-02-14T02:08:54,1536.97
2220,0002,SANTANDER,ANA,TRANSFERENCIA,2022-01-21T20:34:33,1783.75
3320,0004,SANTANDER,PAULA,TRANSFERENCIA,2022-01-29T17:15:21,561.56
2220,0001,SANTANDER,ANA,TRANSFERENCIA,2022-01-30T03:42:13,3511.94
9999,0007,SANTANDER,JULIA,DEPOSITO,2022-01-29T02:18:56,4237.18
9999,0002,SANTANDER,JOAO,DEPOSITO,2022-01-23T11:07:35,2442.16
9999,0001,SANTANDER,JULIA,SAQUE,2022-01-13T02:49:56,2649.73
2220,0001,SANTANDER,MARIA,TRANSFERENCIA,2022-01-20T12:27:19,1198.99
9999,0002,SANTANDER,BRUNO,SAQUE,2022-02-19T19:19:46,2372.70
9999,0002,SANTANDER,RAFAEL,SAQUE,2022-02-04T05:40:44,3972.23
2220,0007,SANTANDER,JULIA,SAQUE,2022-01-28T16:39:35,4136.22
2220,0002,SANTANDER,ANA,TRANSFERENCIA,2022-01-07T01:51:23,1567.99
1520,0007,SANTANDER,CARLOS,DEPOSITO,2022-02-01T17:18:01,4158.83
3320,0004,SANTANDER,JULIA,DEPOSITO,2022-02-19T16:42:55,250.96
9999,0001,SANTANDER,ANA,DEPOSITO,2022-02-16T10:40:26,940.77
1044,0007,SANTANDER,PAULA,SAQUE,2022-02-16T12:35:43,2214.02
2220,0002,SANTANDER,BIA,DEPOSITO,2022-02-27T04:07:14,4660.78
1044,0002,SANTANDER,JULIA,DEPOSITO,2022-01-14T06:11:18,2938.72
9999,0004,SANTANDER,BRUNO,TRANSFERENCIA,2022-02-11T17:59:58,1310.70
1044,0001,SANTANDER,BIA,TRANSFERENCIA,2022-02-25T20:06:59,2929.60
1520,0001,SANTANDER,MARIA,SAQUE,2022-02-21T16:16:10,2978.29
1044,0007,SANTANDER,JULIA,TRANSFERENCIA,2022-01-02T15:31:26,2656.93
3320,0004,SANTANDER,FELIPE,SAQUE,2022-01-09T06:01:40,2701.97
2220,0004,SANTANDER,CARLOS,SAQUE,2022-01-29T14:57:17,1949.92
9999,0004,SANTANDER,BIA,TRANSFERENCIA,2022-02-14T10:48:02,2914.61
2220,0002,SANTANDER,RAFAEL,DEPOSITO,2022-02-17T14:25:52,1643.64
9999,0004,SANTANDER,RAFAEL,SAQUE,2022-02-20T07:45:22,3709.74
9999,0001,SANTANDER,FELIPE,SAQUE,2022-01-07T22:30:25,2206.10
9999,0007,SANTANDER,RAFAEL,TRANSFERENCIA,2022-01-08T04:22:58,4100.19
1044,0002,SANTANDER,BIA,DEPOSITO,2022-01-08T22:57:20,2311.15
1044,0004,SANTANDER,CARLOS,DEPOSITO,2022-01-10T14:24:38,3949.75
3320,0007,SANTANDER,PAULA,SAQUE,2022-02-20T18:50:48,4974.57
9999,0001,SANTANDER,MARIA,SAQUE,2022-01-22T03:07:58,3191.34
3320,0004,SANTANDER,BRUNO,TRANSFERENCIA,2022-01-12T01:49:06,3877.03
9999,0002,SANTANDER,BIA,DEPOSITO,2022-02-22T07:25:35,399.85
1044,0001,SANTANDER,JOAO,TRANSFERENCIA,2022-02-25T14:51:26,3151.74
3320,0001,SANTANDER,PAULA,DEPOSITO,2022-02-26T00:43:20,235.92
1044,0002,SANTANDER,RAFAEL,DEPOSITO,2022-02-11T01:33:52,2926.42
3320,0004,SANTANDER,MARIA,TRANSFERENCIA,2022-01-31T09:31:53,3722.82
9999,0001,SANTANDER,PAULA,TRANSFERENCIA,2022-01-02T03:42:09,3844.24
1044,0002,SANTANDER,FELIPE,TRANSFERENCIA,2022-02-08T07:24:01,100.86
1520,0001,SANTANDER,BIA,SAQUE,2022-02-26T17:58:02,400.02
3320,0002,SANTANDER,BIA,DEPOSITO,2022-01-30T20:13:58,672.87
1044,0004,SANTANDER,MARIA,SAQUE,2022-02-11T10:01:52,212.27
1520,0004,SANTANDER,RAFAEL,SAQUE,2022-02-18T18:25:01,3586.18
1520,0004,SANTANDER,ANA,SAQUE,2022-01-14T04:02:18,1497.38
2220,0002,SANTANDER,BRUNO,SAQUE,2022-02-03T07:49:58,4663.40
9999,0007,SANTANDER,JULIA,DEPOSITO,2022-02-09T00:51:38,700.16
2220,0001,SANTANDER,JULIA,TRANSFERENCIA,2022-02-03T20:28:51,2548.78
9999,0007,SANTANDER,BIA,SAQUE,2022-01-21T06:58:19,1766.80
9999,0001,SANTANDER,JOAO,TRANSFERENCIA,2022-02-02T09:57:29,2723.22
2220,0001,SANTANDER,ANA,TRANSFERENCIA,2022-01-29T08:10:24,2252.36
3320,0001,SANTANDER,ANA,DEPOSITO,2022-02-06T11:08:59,1197.80
2220,0002,SANTANDER,ANA,DEPOSITO,2022-01-12T05:34:39,507.21
1044,0002,SANTANDER,BRUNO,TRANSFERENCIA,2022-01-05T03:14:08,3300.46
9999,0002,SANTANDER,PAULA,DEPOSITO,2022-01-18T15:25:00,2285.22
3320,0007,SANTANDER,BRUNO,DEPOSITO,2022-01-01T10:55:08,1716.23
3320,0004,SANTANDER,FELIPE,TRANSFERENCIA,2022-01-08T23:33:20,1889.18
1044,0004,SANTANDER,MARIA,TRANSFERENCIA,2022-02-10T00:30:56,383.64
1520,0007,SANTANDER,ANA,TRANSFERENCIA,2022-01-20T21:04:24,1674.48
1044,0007,SANTANDER,CARLOS,SAQUE,2022-02-06T05:51:49,4816.71
1520,0002,SANTANDER,RAFAEL,TRANSFERENCIA,2022-01-01T02:50:54,677.71
3320,0001,SANTANDER,CARLOS,SAQUE,2022-02-17T05:52:30,2099.07
2220,0002,SANTANDER,RAFAEL,SAQUE,2022-01-26T13:31:36,3169.17
1044,0007,SANTANDER,MARIA,TRANSFERENCIA,2022-02-26T05:11:41,1150.35
1044,0002,SANTANDER,JOAO,TRANSFERENCIA,2022-02-09T23:28:25,2876.09
1520,0007,SANTANDER,PAULA,DEPOSITO,2022-01-26T06:08:29,3476.17
9999,0001,SANTANDER,BIA,SAQUE,2022-01-17T19:25:46,2528.78
1044,0007,SANTANDER,CARLOS,DEPOSITO,2022-02-04T00:58:07,560.32
3320,0004,SANTANDER,RAFAEL,TRANSFERENCIA,2022-02-14T01:08:17,679.79
2220,0001,SANTANDER,PAULA,DEPOSITO,2022-01-20T01:59:07,107.34
2220,0001,SANTANDER,MARIA,DEPOSITO,2022-01-27T07:27:01,3878.52
1520,0002,SANTANDER,CARLOS,SAQUE,2022-02-27T08:18:31,2519.88
9999,0001,SANTANDER,RAFAEL,DEPOSITO,2022-01-20T22:57:28,2742.34
2220,0004,SANTANDER,RAFAEL,SAQUE,2022-01-23T17:20:39,1073.03
1044,0007,SANTANDER,PAULA,SAQUE,2022-01-25T09:01:58,472.37
1520,0001,SANTANDER,BIA,SAQUE,2022-02-03T21:28:38,965.81
2220,0001,SANTANDER,FELIPE,TRANSFERENCIA,2022-01-13T09:36:01,1980.09
1044,0004,SANTANDER,FELIPE,SAQUE,2022-01-26T10:25:30,340.03
3320,0002,SANTANDER,MARIA,TRANSFERENCIA,2022-01-04T09:12:24,3621.08
1044,0007,SANTANDER,PAULA,SAQUE,2022-01-01T17:03:48,1343.39
1044,0001,SANTANDER,JOAO,SAQUE,2022-02-18T00:50:46,3447.65
1044,0001,SANTANDER,BIA,SAQUE,2022-01-16T11:48:14,1354.34
3320,0001,SANTANDER,JOAO,TRANSFERENCIA,2022-02-16T20:49:18,3573.22
1044,0001,SANTANDER,FELIPE,SAQUE,2022-01-27T21:34:05,2720.39
2220,0001,SANTANDER,BIA,TRANSFERENCIA,2022-02-24T04:16:58,2373.87
2220,0004,SANTANDER,BIA,DEPOSITO,2022-01-20T20:57:11,917.48
1044,0001,SANTANDER,PAULA,DEPOSITO,2022-01-14T23:54:03,928.43
1520,0004,SANTANDER,JULIA,SAQUE,2022-02-10T16:50:38,499.29
9999,0001,SANTANDER,JOAO,SAQUE,2022-01-30T15:49:01,1913.48
2220,0001,SANTANDER,BRUNO,SAQUE,2022-01-05T21:06:55,2374.98
3320,0007,SANTANDER,PAULA,TRANSFERENCIA,2022-01-17T11:44:41,281.40
3320,0001,SANTANDER,JOAO,TRANSFERENCIA,2022-02-02T13:07:18,3897.38
3320,0007,SANTANDER,BRUNO,TRANSFERENCIA,2022-01-14T03:50:08,351.32
1044,0002,SANTANDER,BRUNO,TRANSFERENCIA,2022-02-26T15:24:10,156.86
1044,0007,SANTANDER,PAULA,TRANSFERENCIA,2022-01-31T09:18:57,151.10
1520,0007,SANTANDER,JULIA,SAQUE,2022-02-02T09:12:02,4776.62
9999,0001,SANTANDER,JOAO,DEPOSITO,2022-01-21T23:45:15,3077.06
1520,0002,SANTANDER,JOAO,TRANSFERENCIA,2022-02-13T20:00:13,859.15
1520,0001,SANTANDER,JULIA,TRANSFERENCIA,2022-02-06T23:02:11,2832.29
9999,0007,SANTANDER,MARIA,TRANSFERENCIA,2022-02-07T20:24:38,2478.58
3320,0001,SANTANDER,JOAO,DEPOSITO,2022-01-31T16:49:49,4350.82
1044,0007,SANTANDER,MARIA,DEPOSITO,2022-01-11T18:33:14,2847.83
9999,0001,SANTANDER,PAULA,SAQUE,2022-02-14T03:43:59,1284.92
3320,0007,SANTANDER,JOAO,SAQUE,2022-01-22T21:38:46,3798.12
1044,0002,SANTANDER,FELIPE,DEPOSITO,2022-01-15T00:04:04,465.12
2220,0001,SANTANDER,FELIPE,DEPOSITO,2022-01-18T13:57:20,1074.15
9999,0004,SANTANDER,MARIA,SAQUE,2022-01-02T15:39:14,2917.12
1044,0007,SANTANDER,PAULA,SAQUE,2022-02-06T11:44:30,3085.50
3320,0002,SANTANDER,BRUNO,TRANSFERENCIA,2022-02-04T06:50:04,1579.72
3320,0002,SANTANDER,PAULA,DEPOSITO,2022-01-08T15:51:24,3258.08
9999,0004,SANTANDER,RAFAEL,SAQUE,2022-01-14T00:05:41,1352.47
1044,0004,SANTANDER,BIA,TRANSFERENCIA,2022-02-04T01:19:11,560.62
1520,0002,SANTANDER,MARIA,SAQUE,2022-02-25T19:46:58,3337.41
1044,0001,SANTANDER,FELIPE,DEPOSITO,2022-02-22T11:26:20,4404.33
1044,0007,SANTANDER,CARLOS,DEPOSITO,2022-02-23T23:34:47,2140.37
9999,0007,SANTANDER,FELIPE,SAQUE,2022-02-15T00:17:13,1897.47
1520,0001,SANTANDER,RAFAEL,TRANSFERENCIA,2022-01-27T03:21:40,1560.50
1044,0001,SANTANDER,RAFAEL,TRANSFERENCIA,2022-01-23T09:37:10,2192.17
9999,0001,SANTANDER,BIA,SAQUE,2022-02-25T12:35:36,163.61
1044,0002,SANTANDER,MARIA,DEPOSITO,2022-01-30T04:51:28,219.02
2220,0002,SANTANDER,BRUNO,TRANSFERENCIA,2022-01-13T09:55:46,4168.20
1044,0002,SANTANDER,CARLOS,TRANSFERENCIA,2022-01-27T02:51:05,2549.80
1044,0007,SANTANDER,JOAO,TRANSFERENCIA,2022-01-16T07:30:54,587.22
9999,0007,SANTANDER,ANA,DEPOSITO,2022-02-11T21:55:07,938.27
1520,0002,SANTANDER,MARIA,SAQUE,2022-01-20T08:24:25,3717.66
2220,0002,SANTANDER,JOAO,DEPOSITO,2022-02-01T22:17:02,8.45
3320,0002,SANTANDER,JOAO,SAQUE,2022-01-03T00:03:03,91.85
9999,0007,SANTANDER,JULIA,DEPOSITO,2022-02-09T03:46:16,2267.73
9999,0001,SANTANDER,BIA,SAQUE,2022-01-01T07:49:34,2581.27
9999,0001,SANTANDER,MARIA,DEPOSITO,2022-01-12T13:32:55,2031.56
1520,0001,SANTANDER,BIA,SAQUE,2022-02-07T07:54:37,2839.02
3320,0002,SANTANDER,FELIPE,TRANSFERENCIA,2022-02-18T00:12:12,1008.51
2220,0007,SANTANDER,BIA,SAQUE,2022-02-07T16:34:56,45.52
1044,0004,SANTANDER,RAFAEL,SAQUE,2022-02-23T04:01:52,2126.86
1044,0007,SANTANDER,JULIA,SAQUE,2022-01-05T22:03:05,116.27
9999,0004,SANTANDER,JULIA,SAQUE,2022-02-12T04:36:10,594.58
1520,0002,SANTANDER,PAULA,SAQUE,2022-01-10T07:58:43,2617.43
1520,0004,SANTANDER,MARIA,TRANSFERENCIA,2022-02-28T15:43:21,2776.92
1044,0004,SANTANDER,ANA,TRANSFERENCIA,2022-01-14T17:46:09,3796.39
1044,0002,SANTANDER,JOAO,SAQUE,2022-01-26T05:19:04,4024.79
1520,0001,SANTANDER,ANA,SAQUE,2022-02-01T10:50:21,3813.43
1044,0007,SANTANDER,BRUNO,SAQUE,2022-02-13T08:22:06,1608.94
9999,0004,SANTANDER,CARLOS,TRANSFERENCIA,2022-01-27T12:55:27,4316.29
2220,0007,SANTANDER,FELIPE,TRANSFERENCIA,2022-01-06T05:03:24,478.36
9999,0002,SANTANDER,CARLOS,TRANSFERENCIA,2022-01-02T13:21:25,4050.76
9999,0001,SANTANDER,RAFAEL,SAQUE,2022-01-14T09:02:01,3263.44
9999,0007,SANTANDER,BIA,DEPOSITO,2022-01-01T02:37:47,747.31
2220,0002,SANTANDER,JOAO,TRANSFERENCIA,2022-02-03T15:45:16,2504.48
1520,0007,SANTANDER,CARLOS,TRANSFERENCIA,2022-02-01T12:44:58,4524.27
2220,0002,SANTANDER,ANA,TRANSFERENCIA,2022-01-19T16:54:53,2058.52
3320,0002,SANTANDER,ANA,DEPOSITO,2022-01-02T16:32:15,43.10
1520,0002,SANTANDER,BIA,SAQUE,2022-02-24T08:55:35,4752.14
9999,0004,SANTANDER,MARIA,TRANSFERENCIA,2022-01-12T06:45:17,3433.41
1520,0002,SANTANDER,ANA,DEPOSITO,2022-02-24T19:17:20,90.48
2220,0001,SANTANDER,JOAO,SAQUE,2022-02-15T02:42:32,3008.47
3320,0001,SANTANDER,CARLOS,DEPOSITO,2022-02-09T15:38:15,118.63
1520,0002,SANTANDER,RAFAEL,SAQUE,2022-02-20T17:12:50,717.48
1520,0001,SANTANDER,MARIA,TRANSFERENCIA,2022-01-18T01:35:58,1003.32
3320,0007,SANTANDER,MARIA,DEPOSITO,2022-01-09T16:42:58,626.34
1044,0004,SANTANDER,JOAO,DEPOSITO,2022-02-11T16:32:07,2176.70
1044,0002,SANTANDER,CARLOS,DEPOSITO,2022-02-07T01:44:29,3627.31
1044,0002,SANTANDER,FELIPE,DEPOSITO,2022-02-10T16:15:07,4937.89
1044,0007,SANTANDER,JOAO,SAQUE,2022-01-09T13:19:01,1665.15
1520,0004,SANTANDER,PAULA,TRANSFERENCIA,2022-01-20T21:35:10,4820.23
1044,0007,SANTANDER,FELIPE,DEPOSITO,2022-01-23T19:18:23,1749.26
2220,0001,SANTANDER,PAULA,DEPOSITO,2022-02-21T22:04:35,846.22
1044,0001,SANTANDER,FELIPE,DEPOSITO,2022-01-18T19:03:24,1971.81
1520,0007,SANTANDER,BRUNO,TRANSFERENCIA,2022-02-07T14:46:11,4674.80
2220,0002,SANTANDER,FELIPE,DEPOSITO,2022-01-08T10:27:50,4782.01
9999,0007,SANTANDER,BRUNO,TRANSFERENCIA,2022-02-12T21:55:46,2553.67
1044,0004,SANTANDER,PAULA,DEPOSITO,2022-01-08T19:37:27,3312.29
9999,0001,SANTANDER,JULIA,DEPOSITO,2022-01-02T11:03:24,183.46
1520,0004,SANTANDER,RAFAEL,TRANSFERENCIA,2022-02-16T22:20:23,4967.12
3320,0002,SANTANDER,JULIA,DEPOSITO,2022-01-27T09:30:54,4058.66
1044,0001,SANTANDER,CARLOS,TRANSFERENCIA,2022-02-10T16:59:03,4393.65
2220,0002,SANTANDER,MARIA,SAQUE,2022-01-09T10:26:47,1682.06
2220,0004,SANTANDER,BIA,TRANSFERENCIA,2022-02-04T14:11:36,818.97
1044,0002,SANTANDER,JOAO,DEPOSITO,2022-01-27T20:05:14,4005.35
1520,0001,SANTANDER,MARIA,TRANSFERENCIA,2022-02-17T20:54:27,3870.78
9999,0001,SANTANDER,RAFAEL,SAQUE,2022-02-15T00:15:52,1246.14
2220,0002,SANTANDER,CARLOS,SAQUE,2022-02-02T18:06:47,3386.16
1044,0002,SANTANDER,MARIA,TRANSFERENCIA,2022-02-20T04:16:16,1386.86
2220,0001,SANTANDER,BRUNO,DEPOSITO,2022-01-26T05:04:32,4330.99
1520,0004,SANTANDER,MARIA,SAQUE,2022-01-05T05:55:37,909.54
3320,0004,SANTANDER,CARLOS,SAQUE,2022-01-28T02:02:15,412.23
3320,0002,SANTANDER,JOAO,SAQUE,2022-02-08T23:26:34,255.74
9999,0007,SANTANDER,JOAO,SAQUE,2022-02-18T05:19:40,712.25
9999,0007,SANTANDER,JOAO,SAQUE,2022-01-20T16:10:31,816.62
3320,0001,SANTANDER,BIA,DEPOSITO,2022-02-23T11:21:39,4140.53
9999,0001,SANTANDER,MARIA,SAQUE,2022-01-27T19:10:44,163.14
1520,0002,SANTANDER,CARLOS,DEPOSITO,2022-01-12T08:06:31,1204.27
2220,0001,SANTANDER,BIA,DEPOSITO,2022-02-23T20:43:17,2075.29
1520,0007,SANTANDER,FELIPE,DEPOSITO,2022-01-05T22:40:19,3609.07
1044,0001,SANTANDER,BIA,TRANSFERENCIA,2022-01-28T15:51:15,4227.16
2220,0004,SANTANDER,ANA,SAQUE,2022-01-12T16:44:22,386.13
2220,0004,SANTANDER,JULIA,DEPOSITO,2022-02-21T11:14:37,829.08
1520,0001,SANTANDER,PAULA,SAQUE,2022-02-24T04:29:40,2642.89
2220,0001,SANTANDER,PAULA,SAQUE,2022-02-15T10:28:37,2994.12
1520,0002,SANTANDER,PAULA,SAQUE,2022-02-10T08:11:21,529.81
1520,0001,SANTANDER,BIA,DEPOSITO,2022-01-16T00:18:39,649.76
3320,0007,SANTANDER,CARLOS,DEPOSITO,2022-02-17T14:44:17,3874.69
9999,0002,SANTANDER,PAULA,DEPOSITO,2022-01-23T00:12:51,202.55
2220,0001,SANTANDER,JOAO,SAQUE,2022-01-28T20:16:58,2735.60
9999,0004,SANTANDER,ANA,DEPOSITO,2022-02-18T14:15:09,158.36
3320,0004,SANTANDER,CARLOS,SAQUE,2022-01-14T02:27:51,1067.22
2220,0002,SANTANDER,FELIPE,SAQUE,2022-02-07T22:24:14,2925.82
2220,0007,SANTANDER,RAFAEL,DEPOSITO,2022-02-14T06:18:26,1298.65
2220,0001,SANTANDER,BRUNO,DEPOSITO,2022-02-04T14:43:20,332.40
9999,0001,SANTANDER,JULIA,TRANSFERENCIA,2022-02-05T09:45:33,3485.21
3320,0001,SANTANDER,ANA,SAQUE,2022-01-12T04:59:41,4193.81
1044,0002,SANTANDER,BRUNO,SAQUE,2022-01-01T10:16:49,2402.23
1520,0002,SANTANDER,JULIA,DEPOSITO,2022-01-05T12:10:04,4896.15
9999,0004,SANTANDER,FELIPE,DEPOSITO,2022-01-21T13:43:09,3514.38
1520,0002,SANTANDER,BIA,SAQUE,2022-01-29T00:23:23,2709.60
1044,0001,SANTANDER,JULIA,SAQUE,2022-01-01T23:48:42,1507.84
1520,0007,SANTANDER,BIA,SAQUE,2022-01-02T12:02:54,1582.65
3320,0001,SANTANDER,FELIPE,SAQUE,2022-02-05T18:12:12,4558.05
2220,0007,SANTANDER,ANA,TRANSFERENCIA,2022-02-23T09:42:29,4945.82
1044,0007,SANTANDER,JULIA,SAQUE,2022-02-02T00:56:37,1164.13
9999,0001,SANTANDER,MARIA,SAQUE,2022-02-01T15:17:21,86.36
1520,0004,SANTANDER,PAULA,DEPOSITO,2022-01-26T04:51:26,3843.77
3320,0007,SANTANDER,RAFAEL,TRANSFERENCIA,2022-02-11T05:07:29,4277.76
1520,0004,SANTANDER,PAULA,SAQUE,2022-02-23T13:48:33,1685.46
1520,0002,SANTANDER,RAFAEL,SAQUE,2022-02-13T14:20:21,4538.13
1044,0001,SANTANDER,FELIPE,SAQUE,2022-02-27T12:06:05,1861.21
9999,0007,SANTANDER,RAFAEL,SAQUE,2022-02-03T03:26:26,1812.04
3320,0007,SANTANDER,JOAO,TRANSFERENCIA,2022-02-28T02:44:27,2309.84
3320,0007,SANTANDER,JOAO,SAQUE,2022-01-29T16:52:52,3934.05
2220,0004,SANTANDER,CARLOS,DEPOSITO,2022-02-14T21:52:48,2343.35
1520,0004,SANTANDER,MARIA,DEPOSITO,2022-01-10T21:05:04,137.56
3320,0001,SANTANDER,RAFAEL,DEPOSITO,2022-01-12T21:27:10,1808.91
1044,0007,SANTANDER,RAFAEL,TRANSFERENCIA,2022-01-23T07:39:34,2406.29
1520,0002,SANTANDER,MARIA,DEPOSITO,2022-01-31T21:06:38,1535.17
3320,0001,SANTANDER,FELIPE,DEPOSITO,2022-01-29T18:54:39,4106.87
1044,0004,SANTANDER,PAULA,TRANSFERENCIA,2022-01-18T13:55:07,1917.23
3320,0002,SANTANDER,ANA,DEPOSITO,2022-02-08T07:04:55,3426.57
2220,0002,SANTANDER,PAULA,SAQUE,2022-02-23T21:14:41,2581.46
1044,0001,SANTANDER,PAULA,DEPOSITO,2022-02-11T14:44:07,1254.11
1520,0007,SANTANDER,BRUNO,TRANSFERENCIA,2022-01-21T02:03:08,719.94
1520,0002,SANTANDER,ANA,SAQUE,2022-02-23T06:04:26,4834.51
2220,0007,SANTANDER,BRUNO,TRANSFERENCIA,2022-01-14T10:24:34,1791.31
3320,0002,SANTANDER,RAFAEL,DEPOSITO,2022-02-18T22:17:16,4179.64
9999,0001,SANTANDER,BRUNO,TRANSFERENCIA,2022-01-03T22:23:36,3986.86
9999,0007,SANTANDER,BIA,TRANSFERENCIA,2022-01-23T16:41:27,882.65
1044,0004,SANTANDER,JULIA,DEPOSITO,2022-01-01T14:02:33,1734.92
1520,0002,SANTANDER,PAULA,SAQUE,2022-02-26T02:09:46,2091.18
1520,0004,SANTANDER,BIA,DEPOSITO,2022-02-11T15:47:32,4757.77
1520,0004,SANTANDER,JULIA,TRANSFERENCIA,2022-02-01T05:32:35,2058.06
1520,0007,SANTANDER,RAFAEL,TRANSFERENCIA,2022-02-14T23:44:17,2499.56
1044,0004,SANTANDER,CARLOS,SAQUE,2022-02-12T08:43:56,4252.84
9999,0001,SANTANDER,JULIA,TRANSFERENCIA,2022-01-26T05:04:46,736.67
3320,0007,SANTANDER,JULIA,DEPOSITO,2022-01-13T15:28:34,2277.75
3320,0002,SANTANDER,JOAO,TRANSFERENCIA,2022-01-18T02:15:29,878.03
3320,0007,SANTANDER,MARIA,SAQUE,2022-01-08T06:47:20,4179.75
1044,0007,SANTANDER,BRUNO,TRANSFERENCIA,2022-01-12T17:13:57,4843.59
1520,0007,SANTANDER,FELIPE,SAQUE,2022-01-29T14:17:59,788.92
9999,0004,SANTANDER,MARIA,DEPOSITO,2022-01-27T00:57:45,4185.91
2220,0002,SANTANDER,JOAO,DEPOSITO,2022-01-18T01:27:38,4700.04
2220,0001,SANTANDER,JULIA,TRANSFERENCIA,2022-01-18T09:29:56,936.72
3320,0007,SANTANDER,BIA,TRANSFERENCIA,2022-01-02T08:25:20,479.18
1044,0002,SANTANDER,BRUNO,DEPOSITO,2022-02-18T02:29:43,4144.30
1520,0007,SANTANDER,RAFAEL,SAQUE,2022-01-07T22:29:50,2253.43
1520,0002,SANTANDER,MARIA,DEPOSITO,2022-01-19T20:05:42,2228.80
1520,0004,SANTANDER,JOAO,SAQUE,2022-01-29T06:33:27,2916.93
3320,0002,SANTANDER,BRUNO,DEPOSITO,2022-01-18T19:40:43,1269.77
1044,0007,SANTANDER,BIA,SAQUE,2022-01-11T23:37:03,4315.26
2220,0002,SANTANDER,BIA,DEPOSITO,2022-02-13T01:39:57,2166.72
3320,0001,SANTANDER,RAFAEL,SAQUE,2022-02-24T15:28:10,163.52
2220,0004,SANTANDER,CARLOS,SAQUE,2022-01-16T04:08:39,4405.00
9999,0004,SANTANDER,MARIA,TRANSFERENCIA,2022-02-28T14:32:37,1095.70
9999,0002,SANTANDER,FELIPE,DEPOSITO,2022-01-16T08:10:30,4956.54
2220,0002,SANTANDER,RAFAEL,SAQUE,2022-01-16T12:58:45,4474.14
1520,0007,SANTANDER,JULIA,DEPOSITO,2022-01-05T15:17:03,1493.03
9999,0007,SANTANDER,JOAO,SAQUE,2022-02-11T19:00:51,3592.91
2220,0007,SANTANDER,ANA,SAQUE,2022-02-14T01:00:17,4315.20
9999,0004,SANTANDER,ANA,SAQUE,2022-02-27T02:24:01,2446.77
9999,0004,SANTANDER,JOAO,DEPOSITO,2022-01-01T01:19:46,2528.82
9999,0007,SANTANDER,CARLOS,SAQUE,2022-02-10T15:37:55,3741.17
1044,0007,SANTANDER,JOAO,SAQUE,2022-01-05T07:54:48,2728.66
1520,0002,SANTANDER,BIA,SAQUE,2022-01-17T02:35:03,931.67
1520,0004,SANTANDER,CARLOS,SAQUE,2022-01-04T03:54:14,1398.18
9999,0001,SANTANDER,BIA,SAQUE,2022-01-17T19:56:28,4493.86
1044,0002,SANTANDER,JULIA,SAQUE,2022-01-17T19:50:56,33.80
3320,0002,SANTANDER,ANA,SAQUE,2022-01-04T22:55:26,770.67
1044,0004,SANTANDER,ANA,SAQUE,2022-01-12T00:31:32,3091.34
3320,0004,SANTANDER,CARLOS,DEPOSITO,2022-01-04T05:48:17,1130.96
2220,0004,SANTANDER,JULIA,TRANSFERENCIA,2022-01-19T19:12:58,3775.51
3320,0002,SANTANDER,FELIPE,DEPOSITO,2022-01-24T21:53:48,1971.18
3320,0007,SANTANDER,FELIPE,SAQUE,2022-02-22T04:14:28,134.23
9999,0002,SANTANDER,MARIA,SAQUE,2022-01-27T03:54:02,3763.54
1520,0002,SANTANDER,BIA,SAQUE,2022-02-13T03:21:58,3900.60
9999,0007,SANTANDER,ANA,TRANSFERENCIA,2022-02-28T08:45:57,3074.33
1520,0001,SANTANDER,FELIPE,SAQUE,2022-02-18T04:43:33,2008.04
1520,0007,SANTANDER,PAULA,DEPOSITO,2022-02-27T02:08:05,1859.10
3320,0001,SANTANDER,JOAO,DEPOSITO,2022-01-18T16:40:43,2976.89
1044,0001,SANTANDER,BIA,SAQUE,2022-02-13T12:14:03,1710.15
1520,0002,SANTANDER,FELIPE,DEPOSITO,2022-02-13T08:02:39,380.99
3320,0001,SANTANDER,PAULA,DEPOSITO,2022-01-23T12:52:36,3613.01
3320,0007,SANTANDER,CARLOS,DEPOSITO,2022-01-31T22:09:47,756.57
9999,0007,SANTANDER,CARLOS,DEPOSITO,2022-01-10T23:44:27,4486.60
3320,0001,SANTANDER,BIA,DEPOSITO,2022-01-12T16:42:18,2243.40
3320,0001,SANTANDER,JOAO,TRANSFERENCIA,2022-02-27T14:00:12,792.54
9999,0004,SANTANDER,ANA,SAQUE,2022-01-27T06:16:08,306.36
3320,0001,SANTANDER,MARIA,DEPOSITO,2022-01-23T08:34:19,4300.44
1044,0001,SANTANDER,ANA,SAQUE,2022-01-27T07:15:22,1050.21
3320,0001,SANTANDER,BIA,TRANSFERENCIA,2022-01-11T04:49:29,1498.26
1520,0007,SANTANDER,PAULA,TRANSFERENCIA,2022-02-14T18:11:50,3188.92
1044,0007,SANTANDER,BIA,SAQUE,2022-02-06T08:19:33,3462.43
1044,0002,SANTANDER,FELIPE,SAQUE,2022-02-18T17:05:18,2726.74
1044,0004,SANTANDER,RAFAEL,SAQUE,2022-02-27T08:25:57,902.48
1520,0004,SANTANDER,RAFAEL,DEPOSITO,2022-02-17T19:55:48,208.20
2220,0007,SANTANDER,BIA,SAQUE,2022-01-21T06:56:04,4403.26
3320,0007,SANTANDER,ANA,SAQUE,2022-02-04T18:07:36,4363.16
1520,0002,SANTANDER,ANA,DEPOSITO,2022-02-22T17:03:09,3327.90
2220,0004,SANTANDER,JOAO,TRANSFERENCIA,2022-02-02T09:12:45,3183.06
1044,0002,SANTANDER,RAFAEL,SAQUE,2022-02-01T03:08:34,3497.65
2220,0002,SANTANDER,BRUNO,SAQUE,2022-01-02T17:55:06,3698.54
1044,0007,SANTANDER,PAULA,SAQUE,2022-02-26T17:59:10,3894.81
1044,0004,SANTANDER,JULIA,TRANSFERENCIA,2022-01-31T23:02:57,3685.83
1520,0007,SANTANDER,FELIPE,TRANSFERENCIA,2022-01-16T10:33:09,863.89
1044,0001,SANTANDER,MARIA,TRANSFERENCIA,2022-01-18T19:14:19,1763.99
2220,0002,SANTANDER,CARLOS,DEPOSITO,2022-01-17T17:01:47,2762.80
3320,0004,SANTANDER,FELIPE,TRANSFERENCIA,2022-01-02T05:37:19,454.11
3320,0002,SANTANDER,JULIA,DEPOSITO,2022-01-09T11:09:58,1438.08
9999,0002,SANTANDER,BIA,SAQUE,2022-01-02T07:19:42,3027.82
2220,0007,SANTANDER,FELIPE,TRANSFERENCIA,2022-02-13T01:09:34,199.75
2220,0007,SANTANDER,JOAO,DEPOSITO,2022-02-03T06:31:41,4140.33
1520,0004,SANTANDER,BRUNO,SAQUE,2022-01-18T23:20:28,334.70
1044,0001,SANTANDER,JOAO,TRANSFERENCIA,2022-01-23T11:39:55,3073.00
1520,0001,SANTANDER,BIA,SAQUE,2022-01-24T20:18:48,1854.31
3320,0002,SANTANDER,FELIPE,SAQUE,2022-01-29T22:06:27,4181.93
1520,0001,SANTANDER,BIA,SAQUE,2022-02-07T02:52:25,4261.04
1520,0007,SANTANDER,JOAO,TRANSFERENCIA,2022-01-14T22:32:00,2307.56
1520,0004,SANTANDER,BRUNO,DEPOSITO,2022-02-08T20:36:40,555.38
2220,0001,SANTANDER,PAULA,DEPOSITO,2022-01-13T14:27:13,1955.22
3320,0004,SANTANDER,JOAO,SAQUE,2022-02-25T13:53:19,1628.50
2220,0002,SANTANDER,JULIA,DEPOSITO,2022-02-11T03:11:51,451.57
2220,0002,SANTANDER,JULIA,TRANSFERENCIA,2022-01-11T19:24:14,1028.72
3320,0007,SANTANDER,MARIA,SAQUE,2022-01-26T03:27:21,1416.29
1520,0007,SANTANDER,CARLOS,SAQUE,2022-01-20T10:08:57,3577.37
2220,0004,SANTANDER,CARLOS,DEPOSITO,2022-01-12T07:00:30,4577.05
3320,0007,SANTANDER,FELIPE,DEPOSITO,2022-02-15T14:52:21,3292.80
2220,0004,SANTANDER,PAULA,DEPOSITO,2022-01-04T01:44:26,2110.53
3320,0004,SANTANDER,BIA,DEPOSITO,2022-01-18T11:34:19,3118.75
1520,0004,SANTANDER,BRUNO,SAQUE,2022-02-15T23:03:31,1639.64
1044,0001,SANTANDER,RAFAEL,TRANSFERENCIA,2022-02-12T20:29:26,99.84
1520,0007,SANTANDER,BIA,TRANSFERENCIA,2022-02-24T19:41:15,944.74
1044,0002,SANTANDER,JOAO,SAQUE,2022-01-28T20:49:51,2802.25
2220,0004,SANTANDER,CARLOS,DEPOSITO,2022-01-08T13:12:57,3843.14
3320,0002,SANTANDER,CARLOS,DEPOSITO,2022-02-11T14:14:45,3904.74
3320,0007,SANTANDER,BIA,DEPOSITO,2022-02-13T13:23:45,2851.79
1520,0002,SANTANDER,ANA,DEPOSITO,2022-02-22T01:07:29,1849.25
3320,0007,SANTANDER,FELIPE,DEPOSITO,2022-02-24T07:31:27,2839.53
1044,0007,SANTANDER,FELIPE,SAQUE,2022-02-20T01:42:33,2169.93
1044,0001,SANTANDER,JOAO,SAQUE,2022-02-27T19:53:43,1695.18
9999,0004,SANTANDER,ANA,DEPOSITO,2022-01-27T00:17:29,872.73
2220,0004,SANTANDER,JULIA,DEPOSITO,2022-02-27T06:43:16,3017.43
1520,0002,SANTANDER,PAULA,TRANSFERENCIA,2022-01-08T12:56:37,1309.99
2220,0001,SANTANDER,CARLOS,DEPOSITO,2022-02-09T20:41:10,3685.46
1044,0002,SANTANDER,PAULA,TRANSFERENCIA,2022-02-20T17:37:49,1310.36
3320,0007,SANTANDER,JOAO,DEPOSITO,2022-02-06T10:13:28,412.69
2220,0004,SANTANDER,BRUNO,DEPOSITO,2022-02-10T04:54:30,4245.55
3320,0007,SANTANDER,JULIA,DEPOSITO,2022-02-23T17:38:17,4623.16
1520,0004,SANTANDER,CARLOS,TRANSFERENCIA,2022-01-09T11:01:21,2597.82
9999,0001,SANTANDER,JOAO,SAQUE,2022-02-13T23:07:37,2377.41
3320,0001,SANTANDER,JOAO,TRANSFERENCIA,2022-01-30T21:50:40,1673.27
2220,0007,SANTANDER,JOAO,DEPOSITO,2022-01-23T22:21:27,1817.34
2220,0001,SANTANDER,ANA,SAQUE,2022-01-23T03:01:50,3529.73
2220,0004,SANTANDER,BRUNO,TRANSFERENCIA,2022-02-19T10:30:46,1228.99
1520,0007,SANTANDER,PAULA,TRANSFERENCIA,2022-02-12T17:20:52,3329.69
1520,0007,SANTANDER,PAULA,TRANSFERENCIA,2022-01-12T16:11:09,2740.42
3320,0002,SANTANDER,FELIPE,DEPOSITO,2022-02-09T20:05:51,4439.37
2220,0004,SANTANDER,MARIA,TRANSFERENCIA,2022-01-02T13:37:11,3855.72
2220,0007,SANTANDER,ANA,SAQUE,2022-02-18T18:38:00,3799.88
9999,0001,SANTANDER,BRUNO,DEPOSITO,2022-01-20T22:15:29,2863.63
3320,0004,SANTANDER,FELIPE,TRANSFERENCIA,2022-02-20T00:07:25,3468.30
9999,0007,SANTANDER,BRUNO,SAQUE,2022-01-31T13:47:58,3994.30
1044,0001,SANTANDER,CARLOS,TRANSFERENCIA,2022-01-14T09:40:50,695.86
1520,0007,SANTANDER,JOAO,DEPOSITO,2022-02-24T11:18:17,2113.51
1520,0007,SANTANDER,PAULA,SAQUE,2022-02-09T12:41:35,1954.38
3320,0001,SANTANDER,MARIA,DEPOSITO,2022-01-16T19:29:22,2889.82
1520,0007,SANTANDER,JULIA,TRANSFERENCIA,2022-02-26T10:39:13,887.38
9999,0001,SANTANDER,BIA,TRANSFERENCIA,2022-01-16T12:13:01,2453.20
9999,0002,SANTANDER,BRUNO,TRANSFERENCIA,2022-02-01T08:18:50,4828.91
3320,0002,SANTANDER,PAULA,SAQUE,2022-02-14T10:08:53,3687.95
1520,0007,SANTANDER,CARLOS,TRANSFERENCIA,2022-01-26T11:28:12,858.91
9999,0004,SANTANDER,FELIPE,SAQUE,2022-01-21T00:35:23,3590.10
9999,0002,SANTANDER,MARIA,TRANSFERENCIA,2022-01-24T01:11:40,4788.25
1044,0001,SANTANDER,MARIA,DEPOSITO,2022-02-04T20:02:49,3875.66
9999,0007,SANTANDER,PAULA,SAQUE,2022-02-06T22:21:10,2994.47
1520,0004,SANTANDER,RAFAEL,DEPOSITO,2022-01-19T10:23:04,10.96
1044,0002,SANTANDER,CARLOS,SAQUE,2022-02-24T12:10:58,4562.40
1044,0002,SANTANDER,JOAO,TRANSFERENCIA,2022-01-15T05:49:52,3914.27
1520,0007,SANTANDER,RAFAEL,SAQUE,2022-02-10T05:21:16,2357.91
1520,0007,SANTANDER,BRUNO,TRANSFERENCIA,2022-01-27T07:39:38,3316.96
1520,0004,SANTANDER,RAFAEL,TRANSFERENCIA,2022-01-06T00:42:52,515.68
1044,0002,SANTANDER,RAFAEL,SAQUE,2022-02-01T21:37:04,8.36
2220,0001,SANTANDER,MARIA,DEPOSITO,2022-01-06T06:45:33,4684.64
3320,0007,SANTANDER,CARLOS,SAQUE,2022-02-13T07:52:35,4399.30
3320,0001,SANTANDER,RAFAEL,TRANSFERENCIA,2022-02-22T08:56:33,158.20
1520,0007,SANTANDER,FELIPE,DEPOSITO,2022-01-15T14:02:38,2643.93
9999,0007,SANTANDER,RAFAEL,SAQUE,2022-01-29T17:41:20,4164.78
9999,0004,SANTANDER,JOAO,TRANSFERENCIA,2022-01-02T20:50:01,2288.76
9999,0004,SANTANDER,BIA,SAQUE,2022-02-15T08:01:04,3157.10
1520,0001,SANTANDER,BRUNO,TRANSFERENCIA,2022-01-01T05:05:05,2115.49
9999,0001,SANTANDER,BIA,DEPOSITO,2022-01-11T16:44:05,858.28
2220,0007,SANTANDER,BRUNO,SAQUE,2022-01-02T12:14:53,2787.79
9999,0002,SANTANDER,JOAO,SAQUE,2022-01-12T15:43:46,2281.99
3320,0007,SANTANDER,JULIA,TRANSFERENCIA,2022-01-26T16:28:31,1403.77
3320,0004,SANTANDER,BIA,DEPOSITO,2022-01-18T20:28:20,3209.98
1044,0007,SANTANDER,JOAO,SAQUE,2022-01-18T08:16:03,55.75
1044,0002,SANTANDER,CARLOS,SAQUE,2022-02-06T07:19:54,1075.53
9999,0001,SANTANDER,BIA,SAQUE,2022-01-16T03:59:45,4784.17
2220,0004,SANTANDER,JULIA,SAQUE,2022-01-18T17:34:52,2757.05
1044,0007,SANTANDER,BRUNO,TRANSFERENCIA,2022-01-06T17:00:39,1250.38
2220,0007,SANTANDER,JOAO,SAQUE,2022-01-29T12:14:24,1212.17
1044,0002,SANTANDER,CARLOS,SAQUE,2022-02-04T04:03:27,1774.94
2220,0004,SANTANDER,RAFAEL,SAQUE,2022-02-21T17:29:13,4075.95
1044,0004,SANTANDER,JOAO,SAQUE,2022-02-08T20:19:07,4135.52
1044,0002,SANTANDER,MARIA,DEPOSITO,2022-02-25T08:05:33,2259.40
2220,0002,SANTANDER,RAFAEL,DEPOSITO,2022-01-27T20:09:50,4695.41
2220,0007,SANTANDER,FELIPE,SAQUE,2022-01-13T08:20:05,1154.87
1520,0007,SANTANDER,BRUNO,DEPOSITO,2022-02-28T16:09:55,3877.54
9999,0007,SANTANDER,CARLOS,TRANSFERENCIA,2022-01-08T03:42:37,647.61
9999,0004,SANTANDER,BIA,DEPOSITO,2022-01-17T21:52:04,675.31
1520,0004,SANTANDER,FELIPE,TRANSFERENCIA,2022-02-20T22:01:18,1935.37
3320,0007,SANTANDER,BIA,TRANSFERENCIA,2022-01-13T12:09:03,56.39
2220,0007,SANTANDER,MARIA,DEPOSITO,2022-02-25T06:19:21,2917.45
3320,0002,SANTANDER,ANA,DEPOSITO,2022-02-27T06:49:10,4543.50
9999,0002,SANTANDER,BIA,TRANSFERENCIA,2022-02-28T13:33:49,3955.84
9999,0002,SANTANDER,JULIA,DEPOSITO,2022-02-23T16:13:28,3674.28
2220,0007,SANTANDER,PAULA,DEPOSITO,2022-01-19T04:25:11,1861.47
2220,0001,SANTANDER,CARLOS,SAQUE,2022-01-24T23:41:21,1274.78
3320,0001,SANTANDER,RAFAEL,DEPOSITO,2022-01-24T23:35:48,479.13
3320,0002,SANTANDER,BIA,SAQUE,2022-01-16T00:36:43,4955.22
2220,0001,SANTANDER,JOAO,SAQUE,2022-01-07T10:57:10,1448.67
1520,0007,SANTANDER,BRUNO,SAQUE,2022-01-07T12:54:38,4782.96
1044,0002,SANTANDER,JOAO,DEPOSITO,2022-02-24T18:16:07,354.51
1044,0001,SANTANDER,JOAO,SAQUE,2022-02-20T03:43:59,4057.83
2220,0004,SANTANDER,FELIPE,TRANSFERENCIA,2022-02-22T18:35:45,2350.92
1520,0007,SANTANDER,ANA,TRANSFERENCIA,2022-02-07T06:11:21,1486.32
3320,0004,SANTANDER,JOAO,DEPOSITO,2022-01-15T16:37:42,279.00
3320,0002,SANTANDER,ANA,SAQUE,2022-01-04T00:11:21,2851.57
2220,0007,SANTANDER,BRUNO,TRANSFERENCIA,2022-01-10T22:23:15,3112.30
1044,0007,SANTANDER,FELIPE,TRANSFERENCIA,2022-02-22T22:24:20,4606.16
1520,0004,SANTANDER,BRUNO,TRANSFERENCIA,2022-01-13T18:54:11,4396.85
1520,0007,SANTANDER,ANA,SAQUE,2022-01-01T06:28:24,2243.40
2220,0007,SANTANDER,MARIA,TRANSFERENCIA,2022-02-11T19:24:07,2859.78
2220,0002,SANTANDER,CARLOS,SAQUE,2022-01-31T01:28:01,1240.30
1044,0007,SANTANDER,CARLOS,SAQUE,2022-01-16T20:40:20,1590.62
1520,0002,SANTANDER,PAULA,TRANSFERENCIA,2022-01-31T15:44:50,4252.25
1520,0001,SANTANDER,JOAO,DEPOSITO,2022-02-17T14:13:48,2479.84
3320,0001,SANTANDER,PAULA,DEPOSITO,2022-01-07T00:43:35,1129.55
1520,0002,SANTANDER,JOAO,SAQUE,2022-02-02T09:10:18,4166.80
9999,0001,SANTANDER,BIA,SAQUE,2022-02-20T01:31:11,2421.91
3320,0007,SANTANDER,JOAO,SAQUE,2022-01-29T23:01:09,3659.08
1044,0004,SANTANDER,CARLOS,DEPOSITO,2022-01-28T19:51:08,2750.20
1520,0004,SANTANDER,PAULA,DEPOSITO,2022-01-03T11:49:18,2220.21
9999,0007,SANTANDER,FELIPE,SAQUE,2022-01-31T14:30:00,4932.24
1520,0007,SANTANDER,BRUNO,DEPOSITO,2022-01-08T09:35:48,3887.18
9999,0001,SANTANDER,PAULA,TRANSFERENCIA,2022-01-04T07:29:45,4887.31
9999,0004,SANTANDER,MARIA,DEPOSITO,2022-01-24T04:39:33,4805.11
3320,0004,SANTANDER,MARIA,DEPOSITO,2022-02-04T03:27:45,1918.25
1044,0001,SANTANDER,BIA,SAQUE,2022-02-24T05:02:12,3974.13
9999,0001,SANTANDER,ANA,DEPOSITO,2022-02-22T21:01:51,3710.20
1520,0004,SANTANDER,PAULA,DEPOSITO,2022-01-27T08:03:17,3591.85
9999,0007,SANTANDER,ANA,SAQUE,2022-02-28T11:24:28,3332.36
2220,0001,SANTANDER,PAULA,DEPOSITO,2022-01-01T06:16:29,253.84
1520,0002,SANTANDER,JOAO,TRANSFERENCIA,2022-01-31T05:48:23,1595.35
1044,0001,SANTANDER,RAFAEL,DEPOSITO,2022-01-02T18:49:00,4972.31
3320,0002,SANTANDER,FELIPE,SAQUE,2022-02-22T09:25:24,121.64
3320,0007,SANTANDER,BRUNO,SAQUE,2022-01-04T20:59:12,1193.50
1044,0007,SANTANDER,CARLOS,TRANSFERENCIA,2022-01-03T01:01:51,3300.70
9999,0001,SANTANDER,FELIPE,DEPOSITO,2022-02-01T05:36:21,788.08
1044,0001,SANTANDER,BRUNO,DEPOSITO,2022-02-12T11:03:04,3546.76
3320,0002,SANTANDER,JULIA,DEPOSITO,2022-02-10T12:54:02,661.62
1520,0002,SANTANDER,BIA,DEPOSITO,2022-01-30T03:00:23,1318.97
1520,0001,SANTANDER,BRUNO,DEPOSITO,2022-01-05T03:11:55,2528.44
9999,0007,SANTANDER,JOAO,TRANSFERENCIA,2022-01-17T07:54:19,206.09
1520,0001,SANTANDER,RAFAEL,TRANSFERENCIA,2022-01-28T09:27:04,4328.40
1520,0001,SANTANDER,JULIA,TRANSFERENCIA,2022-01-15T02:28:44,4053.97
2220,0001,SANTANDER,MARIA,DEPOSITO,2022-02-22T03:33:57,1379.11
1044,0001,SANTANDER,ANA,SAQUE,2022-02-08T18:31:52,1205.60
1520,0001,SANTANDER,BIA,TRANSFERENCIA,2022-02-09T03:42:20,162.71
2220,0002,SANTANDER,FELIPE,SAQUE,2022-01-31T10:35:59,1130.23
2220,0001,SANTANDER,PAULA,DEPOSITO,2022-01-27T11:17:23,1817.43
1044,0004,SANTANDER,PAULA,TRANSFERENCIA,2022-01-06T12:07:57,4317.85
3320,0002,SANTANDER,MARIA,DEPOSITO,2022-01-07T04:01:13,1447.09
1520,0004,SANTANDER,JULIA,TRANSFERENCIA,2022-01-27T10:30:12,2106.70
2220,0007,SANTANDER,BRUNO,SAQUE,2022-02-09T13:24:57,899.83
1044,0007,SANTANDER,JOAO,DEPOSITO,2022-01-23T12:48:24,4881.14
3320,0007,SANTANDER,MARIA,TRANSFERENCIA,2022-02-21T21:45:22,1506.73
3320,0004,SANTANDER,PAULA,TRANSFERENCIA,2022-02-13T12:54:16,30.68
2220,0007,SANTANDER,JOAO,DEPOSITO,2022-01-06T00:46:53,1967.46
1520,0007,SANTANDER,BRUNO,SAQUE,2022-02-12T03:13:46,4146.35
1044,0001,SANTANDER,FELIPE,TRANSFERENCIA,2022-02-21T13:05:27,4435.61
1520,0007,SANTANDER,CARLOS,SAQUE,2022-02-22T21:59:07,2939.25
1520,0002,SANTANDER,BIA,SAQUE,2022-02-27T12:18:39,592.21
3320,0001,SANTANDER,JULIA,TRANSFERENCIA,2022-01-03T19:08:16,716.67
3320,0001,SANTANDER,BIA,DEPOSITO,2022-02-02T21:50:56,791.24
3320,0007,SANTANDER,ANA,TRANSFERENCIA,2022-02-15T09:19:57,3480.87
1044,0002,SANTANDER,MARIA,TRANSFERENCIA,2022-01-19T02:58:46,4845.91
1520,0001,SANTANDER,BIA,TRANSFERENCIA,2022-02-21T19:01:10,2152.48
3320,0007,SANTANDER,ANA,DEPOSITO,2022-01-29T16:02:32,3308.27
1044,0004,SANTANDER,BIA,SAQUE,2022-01-05T06:09:56,1595.79
9999,0004,SANTANDER,CARLOS,DEPOSITO,2022-01-22T20:35:19,2569.46
1520,0001,SANTANDER,RAFAEL,SAQUE,2022-02-23T04:59:18,2976.62
1044,0004,SANTANDER,RAFAEL,SAQUE,2022-01-28T12:21:17,4431.69
1044,0004,SANTANDER,BRUNO,DEPOSITO,2022-01-16T05:36:14,4334.91
9999,0004,SANTANDER,FELIPE,SAQUE,2022-02-17T21:31:37,3083.04
1520,0004,SANTANDER,BRUNO,DEPOSITO,2022-01-02T04:07:44,1174.43
2220,0001,SANTANDER,BRUNO,SAQUE,2022-01-31T01:24:47,2709.26
1520,0007,SANTANDER,JOAO,DEPOSITO,2022-02-13T14:02:07,4318.60
3320,0007,SANTANDER,BRUNO,SAQUE,2022-01-13T17:26:34,984.50
1520,0004,SANTANDER,RAFAEL,DEPOSITO,2022-01-03T15:19:04,355.96
3320,0001,SANTANDER,MARIA,DEPOSITO,2022-01-23T08:52:10,3397.27
1520,0007,SANTANDER,PAULA,SAQUE,2022-01-31T16:24:40,2116.81
1044,0007,SANTANDER,BIA,SAQUE,2022-02-06T06:07:51,645.61
1044,0004,SANTANDER,MARIA,SAQUE,2022-01-24T19:34:43,2954.06
1044,0007,SANTANDER,BIA,DEPOSITO,2022-01-06T11:55:16,3548.57
1044,0004,SANTANDER,JULIA,SAQUE,2022-02-01T01:21:37,3472.29
2220,0001,SANTANDER,ANA,TRANSFERENCIA,2022-02-14T16:25:31,616.42
1520,0007,SANTANDER,BRUNO,TRANSFERENCIA,2022-01-30T03:51:10,4238.21
2220,0002,SANTANDER,BRUNO,DEPOSITO,2022-02-07T16:54:19,4425.99
9999,0002,SANTANDER,JULIA,DEPOSITO,2022-02-28T23:02:56,2474.99
9999,0007,SANTANDER,BRUNO,TRANSFERENCIA,2022-01-01T16:06:52,1871.90
2220,0001,SANTANDER,FELIPE,SAQUE,2022-02-16T10:26:48,4237.98
1520,0004,SANTANDER,JULIA,SAQUE,2022-01-10T17:37:35,2818.75
3320,0001,SANTANDER,BIA,DEPOSITO,2022-02-11T23:46:00,2444.86
3320,0002,SANTANDER,FELIPE,TRANSFERENCIA,2022-02-28T14:43:59,3493.32
3320,0002,SANTANDER,JULIA,TRANSFERENCIA,2022-02-09T07:25:16,1446.19
1520,0002,SANTANDER,RAFAEL,SAQUE,2022-02-01T06:41:14,1201.13
3320,0007,SANTANDER,PAULA,DEPOSITO,2022-02-27T15:30:46,3264.05
1044,0002,SANTANDER,PAULA,DEPOSITO,2022-01-23T23:41:02,3110.13
3320,0002,SANTANDER,RAFAEL,DEPOSITO,2022-01-14T15:50:04,234.62
3320,0002,SANTANDER,JOAO,TRANSFERENCIA,2022-01-10T02:51:04,1257.56
1520,0001,SANTANDER,BRUNO,TRANSFERENCIA,2022-01-19T08:09:58,1140.54
3320,0004,SANTANDER,CARLOS,SAQUE,2022-01-21T14:58:09,4807.68
2220,0001,SANTANDER,BIA,TRANSFERENCIA,2022-02-20T23:58:14,747.60
9999,0001,SANTANDER,PAULA,DEPOSITO,2022-02-01T04:10:32,4310.23
1044,0004,SANTANDER,ANA,SAQUE,2022-02-07T18:26:42,288.84
2220,0004,SANTANDER,BRUNO,TRANSFERENCIA,2022-01-07T17:48:25,1009.50
3320,0001,SANTANDER,JOAO,SAQUE,2022-02-08T04:33:59,3943.22
3320,0002,SANTANDER,FELIPE,SAQUE,2022-02-11T23:47:19,4964.48
3320,0002,SANTANDER,PAULA,DEPOSITO,2022-02-15T09:12:46,2334.84
3320,0001,SANTANDER,BRUNO,TRANSFERENCIA,2022-02-19T03:36:22,3499.52
1520,0007,SANTANDER,BRUNO,DEPOSITO,2022-02-16T10:09:09,142.36
2220,0001,SANTANDER,JULIA,TRANSFERENCIA,2022-02-05T02:22:14,262.75
2220,0001,SANTANDER,ANA,TRANSFERENCIA,2022-01-31T09:47:24,848.16
9999,0004,SANTANDER,FELIPE,TRANSFERENCIA,2022-01-28T22:18:20,424.99
1520,0007,SANTANDER,CARLOS,TRANSFERENCIA,2022-01-06T05:00:13,662.25
2220,0004,SANTANDER,JOAO,TRANSFERENCIA,2022-02-12T04:03:34,2366.74
1044,0002,SANTANDER,BRUNO,DEPOSITO,2022-02-10T19:14:55,689.46
9999,0001,SANTANDER,BRUNO,SAQUE,2022-01-02T08:08:27,4214.01
3320,0007,SANTANDER,JULIA,TRANSFERENCIA,2022-02-04T15:28:28,3171.83
2220,0004,SANTANDER,BRUNO,TRANSFERENCIA,2022-01-07T21:22:51,1414.34
2220,0004,SANTANDER,ANA,TRANSFERENCIA,2022-02-17T03:45:57,3228.80
3320,0001,SANTANDER,RAFAEL,SAQUE,2022-02-26T23:58:58,3495.22
9999,0007,SANTANDER,BIA,TRANSFERENCIA,2022-01-27T23:18:44,4210.73
9999,0001,SANTANDER,CARLOS,TRANSFERENCIA,2022-02-19T03:15:57,2136.82
9999,0004,SANTANDER,ANA,SAQUE,2022-01-28T09:19:49,2986.48
3320,0002,SANTANDER,BRUNO,DEPOSITO,2022-01-29T19:07:31,1083.17
3320,0002,SANTANDER,BIA,DEPOSITO,2022-02-06T23:48:30,508.04
1520,0002,SANTANDER,RAFAEL,TRANSFERENCIA,2022-02-21T19:32:07,4028.10
1520,0001,SANTANDER,ANA,TRANSFERENCIA,2022-01-28T23:49:35,2812.36
1044,0002,SANTANDER,CARLOS,SAQUE,2022-01-01T09:30:57,3499.32
3320,0007,SANTANDER,BRUNO,TRANSFERENCIA,2022-01-16T20:37:51,688.22
3320,0004,SANTANDER,PAULA,DEPOSITO,2022-01-17T18:14:43,4133.73
3320,0004,SANTANDER,BRUNO,TRANSFERENCIA,2022-02-14T18:25:46,3732.87
2220,0001,SANTANDER,RAFAEL,TRANSFERENCIA,2022-02-21T02:29:49,707.58
3320,0002,SANTANDER,PAULA,TRANSFERENCIA,2022-02-23T00:21:23,3245.01
1520,0004,SANTANDER,RAFAEL,DEPOSITO,2022-01-07T13:02:09,1940.28
1520,0007,SANTANDER,MARIA,TRANSFERENCIA,2022-01-20T09:52:01,3489.84
1044,0004,SANTANDER,BRUNO,DEPOSITO,2022-02-15T09:26:38,3738.22
9999,0004,SANTANDER,BRUNO,SAQUE,2022-02-01T12:17:47,2577.05
2220,0004,SANTANDER,BIA,DEPOSITO,2022-01-19T17:15:04,4418.09
9999,0002,SANTANDER,JOAO,TRANSFERENCIA,2022-02-13T04:23:54,771.67
2220,0001,SANTANDER,JOAO,TRANSFERENCIA,2022-01-06T18:18:17,2870.08
3320,0007,SANTANDER,MARIA,DEPOSITO,2022-02-08T21:52:33,662.91
1520,0007,SANTANDER,ANA,DEPOSITO,2022-01-31T22:31:19,3662.54
9999,0007,SANTANDER,CARLOS,DEPOSITO,2022-02-18T11:21:55,3327.88
9999,0007,SANTANDER,ANA,DEPOSITO,2022-02-04T19:18:17,4442.45
1044,0001,SANTANDER,FELIPE,DEPOSITO,2022-02-15T15:47:09,2155.34
1520,0001,SANTANDER,JOAO,DEPOSITO,2022-02-20T20:29:02,2232.61
9999,0007,SANTANDER,RAFAEL,SAQUE,2022-01-29T06:28:32,3416.78
1044,0001,SANTANDER,BRUNO,DEPOSITO,2022-02-04T06:19:01,1277.51
1520,0002,SANTANDER,FELIPE,DEPOSITO,2022-01-30T08:57:40,1300.80
9999,0007,SANTANDER,CARLOS,SAQUE,2022-01-14T22:53:33,4008.58
3320,0002,SANTANDER,RAFAEL,DEPOSITO,2022-02-21T21:16:01,4990.56
1520,0002,SANTANDER,ANA,DEPOSITO,2022-01-05T01:37:33,3651.22
2220,0001,SANTANDER,JULIA,DEPOSITO,2022-01-19T20:01:11,228.86
9999,0004,SANTANDER,CARLOS,SAQUE,2022-01-21T14:22:13,2563.96
2220,0001,SANTANDER,FELIPE,SAQUE,2022-02-02T07:26:39,3656.88
9999,0002,SANTANDER,JOAO,TRANSFERENCIA,2022-01-27T23:44:00,3733.79
3320,0004,SANTANDER,BIA,SAQUE,2022-02-26T16:32:35,3851.02
1520,0007,SANTANDER,BIA,DEPOSITO,2022-02-25T21:50:33,4388.32
3320,0004,SANTANDER,ANA,SAQUE,2022-02-23T21:47:59,1344.36
3320,0004,SANTANDER,BRUNO,TRANSFERENCIA,2022-01-27T05:50:55,2633.61
1044,0004,SANTANDER,JOAO,DEPOSITO,2022-01-20T20:51:17,1770.33
2220,0007,SANTANDER,CARLOS,TRANSFERENCIA,2022-01-02T08:59:48,2865.61
2220,0002,SANTANDER,BIA,DEPOSITO,2022-01-02T19:53:48,4441.47
9999,0001,SANTANDER,FELIPE,TRANSFERENCIA,2022-02-11T23:05:26,6.45
9999,0004,SANTANDER,CARLOS,SAQUE,2022-01-05T07:12:54,4007.35
1520,0004,SANTANDER,RAFAEL,TRANSFERENCIA,2022-01-14T14:01:07,1661.29
1044,0001,SANTANDER,PAULA,SAQUE,2022-01-31T07:25:46,768.67
3320,0001,SANTANDER,BIA,TRANSFERENCIA,2022-02-12T17:19:02,3325.27
2220,0004,SANTANDER,RAFAEL,DEPOSITO,2022-02-14T16:31:13,1813.51
1044,0001,SANTANDER,CARLOS,SAQUE,2022-02-19T20:30:26,4496.87
1044,0002,SANTANDER,JULIA,SAQUE,2022-02-18T15:05:20,2610.39
3320,0004,SANTANDER,RAFAEL,DEPOSITO,2022-02-19T22:24:45,4030.10
1044,0001,SANTANDER,BIA,DEPOSITO,2022-01-16T10:54:04,1224.22
3320,0002,SANTANDER,BRUNO,SAQUE,2022-02-05T00:14:45,3613.14
2220,0004,SANTANDER,FELIPE,DEPOSITO,2022-02-10T18:38:51,4193.38
1044,0002,SANTANDER,MARIA,DEPOSITO,2022-01-19T16:29:13,3499.27
2220,0007,SANTANDER,FELIPE,TRANSFERENCIA,2022-01-21T17:48:32,3286.36
1520,0004,SANTANDER,MARIA,TRANSFERENCIA,2022-01-09T18:28:46,2344.23
9999,0002,SANTANDER,CARLOS,SAQUE,2022-02-07T00:55:26,4116.82
1044,0004,SANTANDER,BRUNO,TRANSFERENCIA,2022-02-23T06:42:07,2969.01
1520,0007,SANTANDER,FELIPE,SAQUE,2022-01-13T23:07:06,2301.38
3320,0002,SANTANDER,PAULA,SAQUE,2022-02-13T17:17:53,3123.74
9999,0001,SANTANDER,FELIPE,SAQUE,2022-01-23T03:16:34,2358.16
9999,0001,SANTANDER,JOAO,TRANSFERENCIA,2022-02-11T14:16:31,1582.48
1044,0007,SANTANDER,JOAO,TRANSFERENCIA,2022-02-23T14:41:38,1403.56
2220,0007,SANTANDER,BIA,DEPOSITO,2022-01-26T04:39:20,353.94
2220,0007,SANTANDER,PAULA,DEPOSITO,2022-01-31T11:22:50,1013.42
9999,0001,SANTANDER,RAFAEL,TRANSFERENCIA,2022-01-04T20:43:15,4215.12
3320,0007,SANTANDER,RAFAEL,SAQUE,2022-02-04T05:56:57,2916.34
1044,0007,SANTANDER,BIA,SAQUE,2022-02-24T03:49:46,2905.57
1044,0007,SANTANDER,FELIPE,DEPOSITO,2022-02-23T09:25:31,1051.28
1044,0007,SANTANDER,BRUNO,SAQUE,2022-02-20T23:37:36,115.25
3320,0001,SANTANDER,PAULA,DEPOSITO,2022-01-08T16:43:14,755.54
9999,0007,SANTANDER,MARIA,SAQUE,2022-01-12T02:50:32,4678.34
9999,0001,SANTANDER,ANA,TRANSFERENCIA,2022-01-09T13:33:27,2736.36
9999,0001,SANTANDER,FELIPE,TRANSFERENCIA,2022-02-22T10:20:19,2615.45
2220,0001,SANTANDER,RAFAEL,SAQUE,2022-01-03T13:52:21,3244.63
2220,0001,SANTANDER,BRUNO,DEPOSITO,2022-02-27T20:45:31,184.20
1520,0001,SANTANDER,PAULA,TRANSFERENCIA,2022-01-13T19:28:40,1098.01
3320,0002,SANTANDER,BRUNO,TRANSFERENCIA,2022-02-28T21:42:09,4467.43
3320,0004,SANTANDER,RAFAEL,TRANSFERENCIA,2022-02-12T09:29:20,3307.10
9999,0007,SANTANDER,JOAO,SAQUE,2022-01-31T16:45:33,222.15
2220,0004,SANTANDER,PAULA,TRANSFERENCIA,2022-02-10T04:08:38,4311.40
3320,0002,SANTANDER,ANA,DEPOSITO,2022-02-13T07:28:03,67.34
2220,0007,SANTANDER,JULIA,TRANSFERENCIA,2022-01-10T20:39:18,3829.94
3320,0001,SANTANDER,ANA,DEPOSITO,2022-02-03T00:52:18,3161.00
1044,0007,SANTANDER,JOAO,DEPOSITO,2022-01-13T07:52:51,3218.89
9999,0007,SANTANDER,BIA,TRANSFERENCIA,2022-01-22T14:47:50,2583.37
1044,0004,SANTANDER,JOAO,DEPOSITO,2022-02-05T16:40:25,4909.30
9999,0002,SANTANDER,MARIA,SAQUE,2022-01-31T05:31:44,320.39
2220,0001,SANTANDER,MARIA,SAQUE,2022-01-23T00:31:58,4888.91
1044,0001,SANTANDER,JULIA,DEPOSITO,2022-02-22T00:23:51,4952.41
1520,0004,SANTANDER,BRUNO,TRANSFERENCIA,2022-02-28T10:09:25,374.16
1520,0007,SANTANDER,PAULA,TRANSFERENCIA,2022-02-13T08:12:27,2689.10
3320,0002,SANTANDER,CARLOS,TRANSFERENCIA,2022-01-26T22:10:38,1786.45
9999,0004,SANTANDER,CARLOS,DEPOSITO,2022-02-15T22:14:12,2872.95
1044,0001,SANTANDER,JULIA,DEPOSITO,2022-02-11T11:37:05,4768.94
1520,0001,SANTANDER,BRUNO,SAQUE,2022-01-14T01:54:10,3066.17
2220,0002,SANTANDER,PAULA,TRANSFERENCIA,2022-01-21T05:24:12,4343.15
1044,0007,SANTANDER,ANA,DEPOSITO,2022-01-16T13:12:57,3007.50
3320,0007,SANTANDER,JULIA,SAQUE,2022-02-19T10:09:30,1968.12
9999,0002,SANTANDER,JOAO,SAQUE,2022-02-24T20:23:37,4149.50
1044,0004,SANTANDER,CARLOS,TRANSFERENCIA,2022-01-16T21:23:45,4979.65
3320,0002,SANTANDER,FELIPE,DEPOSITO,2022-01-09T18:48:39,1880.20
1044,0001,SANTANDER,RAFAEL,DEPOSITO,2022-01-25T16:32:14,2688.18
9999,0007,SANTANDER,BRUNO,SAQUE,2022-02-15T07:10:20,4552.00
1044,0004,SANTANDER,BRUNO,DEPOSITO,2022-01-25T17:16:47,1944.49
1520,0004,SANTANDER,BIA,DEPOSITO,2022-02-22T21:24:16,1417.89
1520,0007,SANTANDER,CARLOS,TRANSFERENCIA,2022-01-12T03:44:49,2124.05
2220,0001,SANTANDER,ANA,SAQUE,2022-01-16T16:27:59,4487.90
1520,0001,SANTANDER,BRUNO,TRANSFERENCIA,2022-02-23T13:48:49,359.95
1044,0001,SANTANDER,JULIA,DEPOSITO,2022-01-27T13:12:07,3338.56
2220,0001,SANTANDER,BIA,DEPOSITO,2022-02-24T14:36:35,1017.77
2220,0007,SANTANDER,CARLOS,SAQUE,2022-01-13T11:20:13,2957.87
3320,0007,SANTANDER,CARLOS,TRANSFERENCIA,2022-01-24T10:25:08,4855.50
1520,0002,SANTANDER,BRUNO,TRANSFERENCIA,2022-02-03T18:37:16,4846.25
1520,0007,SANTANDER,FELIPE,SAQUE,2022-02-24T03:50:19,4453.57
2220,0007,SANTANDER,PAULA,DEPOSITO,2022-01-12T22:52:37,2999.32
2220,0007,SANTANDER,BRUNO,DEPOSITO,2022-01-08T13:39:31,8.48
1044,0007,SANTANDER,JULIA,DEPOSITO,2022-01-17T21:12:26,4056.73
1520,0002,SANTANDER,FELIPE,SAQUE,2022-01-22T09:03:25,1344.06
9999,0001,SANTANDER,MARIA,SAQUE,2022-02-12T11:57:25,4859.77
9999,0002,SANTANDER,BRUNO,DEPOSITO,2022-02-04T18:23:41,3086.37
1520,0001,SANTANDER,PAULA,DEPOSITO,2022-01-08T00:09:39,1637.66
1044,0004,SANTANDER,BRUNO,SAQUE,2022-01-27T15:16:36,1469.53
9999,0002,SANTANDER,JULIA,SAQUE,2022-02-04T00:38:07,314.27
1044,0007,SANTANDER,ANA,DEPOSITO,2022-01-30T19:45:27,701.42
2220,0001,SANTANDER,MARIA,TRANSFERENCIA,2022-02-07T06:09:21,1232.42
3320,0007,SANTANDER,JULIA,SAQUE,2022-02-25T02:37:51,2923.20
1044,0007,SANTANDER,BIA,TRANSFERENCIA,2022-02-02T12:16:08,1780.72
3320,0002,SANTANDER,PAULA,TRANSFERENCIA,2022-02-12T14:10:44,1878.77
1044,0001,SANTANDER,CARLOS,TRANSFERENCIA,2022-01-05T08:48:49,132.60
9999,0004,SANTANDER,JOAO,SAQUE,2022-02-02T11:29:38,1717.03
3320,0004,SANTANDER,CARLOS,TRANSFERENCIA,2022-01-25T20:05:56,4375.15
2220,0007,SANTANDER,FELIPE,SAQUE,2022-02-21T19:01:01,4553.11
3320,0001,SANTANDER,CARLOS,DEPOSITO,2022-01-24T10:02:15,4783.55
1520,0004,SANTANDER,ANA,DEPOSITO,2022-02-06T16:44:06,3656.34
1520,0004,SANTANDER,PAULA,DEPOSITO,2022-02-26T08:06:10,4147.46
3320,0004,SANTANDER,MARIA,SAQUE,2022-01-26T07:30:30,3483.71
9999,0007,SANTANDER,RAFAEL,TRANSFERENCIA,2022-02-15T07:09:21,2948.64
1044,0002,SANTANDER,MARIA,SAQUE,2022-01-01T18:49:16,1448.28
9999,0004,SANTANDER,CARLOS,SAQUE,2022-02-12T19:10:01,2478.24
2220,0007,SANTANDER,MARIA,TRANSFERENCIA,2022-01-19T20:47:47,259.79
9999,0004,SANTANDER,RAFAEL,SAQUE,2022-01-06T19:17:05,500.43
9999,0007,SANTANDER,JULIA,SAQUE,2022-01-31T07:03:32,1031.45
1520,0004,SANTANDER,MARIA,SAQUE,2022-01-25T06:56:23,1144.97
2220,0007,SANTANDER,FELIPE,TRANSFERENCIA,2022-01-11T02:04:08,4726.50
1520,0007,SANTANDER,RAFAEL,SAQUE,2022-02-23T06:46:46,2281.08
1520,0007,SANTANDER,RAFAEL,DEPOSITO,2022-02-11T02:13:53,1506.66
1044,0007,SANTANDER,JOAO,DEPOSITO,2022-02-23T04:44:11,3258.84
1520,0002,SANTANDER,BRUNO,TRANSFERENCIA,2022-01-20T05:11:35,1222.71
1520,0004,SANTANDER,CARLOS,SAQUE,2022-01-20T01:07:23,62.17
1520,0001,SANTANDER,FELIPE,SAQUE,2022-01-06T06:21:52,925.91
9999,0007,SANTANDER,ANA,TRANSFERENCIA,2022-02-02T12:55:34,4549.86
1520,0004,SANTANDER,FELIPE,SAQUE,2022-01-28T23:48:11,3704.76
1520,0004,SANTANDER,FELIPE,SAQUE,2022-02-09T04:43:33,2044.88
1520,0001,SANTANDER,ANA,SAQUE,2022-01-25T20:44:36,1599.47
9999,0002,SANTANDER,JOAO,SAQUE,2022-02-09T00:15:03,2122.65
3320,0002,SANTANDER,RAFAEL,SAQUE,2022-01-13T11:57:03,679.28
3320,0004,SANTANDER,JOAO,SAQUE,2022-02-01T00:31:35,1161.30
9999,0002,SANTANDER,FELIPE,TRANSFERENCIA,2022-01-18T02:20:40,236.91
2220,0002,SANTANDER,JOAO,SAQUE,2022-01-05T12:01:11,4251.83
1520,0002,SANTANDER,CARLOS,TRANSFERENCIA,2022-01-30T18:46:22,1046.17
9999,0001,SANTANDER,JULIA,SAQUE,2022-01-17T22:10:12,1818.72
9999,0007,SANTANDER,MARIA,SAQUE,2022-01-16T08:55:16,1217.04
9999,0004,SANTANDER,ANA,DEPOSITO,2022-01-28T12:09:21,1666.95
3320,0004,SANTANDER,FELIPE,TRANSFERENCIA,2022-02-08T19:25:59,1492.71
1044,0007,SANTANDER,BRUNO,SAQUE,2022-01-17T19:43:52,1319.28
9999,0007,SANTANDER,BRUNO,SAQUE,2022-01-26T23:36:21,870.16
1520,0004,SANTANDER,JULIA,DEPOSITO,2022-02-14T01:28:13,3183.65
2220,0002,SANTANDER,CARLOS,TRANSFERENCIA,2022-02-25T14:50:00,2751.18
1044,0002,SANTANDER,BIA,DEPOSITO,2022-01-23T12:43:24,1781.70
1520,0004,SANTANDER,FELIPE,DEPOSITO,2022-02-09T06:03:01,1855.26
1044,0001,SANTANDER,CARLOS,DEPOSITO,2022-02-07T20:58:04,4802.25
1044,0002,SANTANDER,RAFAEL,SAQUE,2022-02-10T10:38:42,2083.03
1520,0004,SANTANDER,PAULA,DEPOSITO,2022-01-22T06:42:57,1246.82
9999,0004,SANTANDER,FELIPE,DEPOSITO,2022-02-12T20:50:34,3887.50
1044,0007,SANTANDER,BRUNO,TRANSFERENCIA,2022-01-31T20:28:58,3334.95
1044,0002,SANTANDER,RAFAEL,TRANSFERENCIA,2022-02-09T14:03:41,637.28
9999,0004,SANTANDER,JULIA,SAQUE,2022-01-29T02:54:03,1013.54
2220,0007,SANTANDER,BIA,SAQUE,2022-01-29T21:56:53,517.19
2220,0001,SANTANDER,FELIPE,TRANSFERENCIA,2022-02-14T10:26:25,4317.19
2220,0002,SANTANDER,RAFAEL,SAQUE,2022-02-01T10:55:54,1358.00
1044,0007,SANTANDER,RAFAEL,DEPOSITO,2022-02-18T13:34:36,3745.67
3320,0001,SANTANDER,BRUNO,SAQUE,2022-02-08T04:26:49,3653.91
3320,0004,SANTANDER,BIA,DEPOSITO,2022-02-27T07:21:12,3194.94
9999,0001,SANTANDER,BRUNO,SAQUE,2022-02-04T10:00:32,4302.36
9999,0001,SANTANDER,MARIA,DEPOSITO,2022-02-20T00:39:50,3279.24
2220,0001,SANTANDER,JOAO,SAQUE,2022-01-03T05:52:36,2486.02
3320,0007,SANTANDER,FELIPE,DEPOSITO,2022-01-06T17:19:06,2358.18
3320,0001,SANTANDER,MARIA,DEPOSITO,2022-02-22T01:40:56,3068.11
2220,0001,SANTANDER,RAFAEL,SAQUE,2022-02-07T12:50:14,3659.85
9999,0002,SANTANDER,MARIA,SAQUE,2022-01-12T21:24:47,4895.25
2220,0002,SANTANDER,BIA,DEPOSITO,2022-02-12T21:59:05,1984.91
1044,0004,SANTANDER,FELIPE,TRANSFERENCIA,2022-02-26T03:11:35,4957.48
3320,0007,SANTANDER,CARLOS,DEPOSITO,2022-02-09T08:47:20,1026.37
3320,0001,SANTANDER,PAULA,SAQUE,2022-02-26T19:20:01,4303.01
9999,0004,SANTANDER,JOAO,SAQUE,2022-02-08T09:22:32,4103.48
1044,0001,SANTANDER,MARIA,SAQUE,2022-02-10T03:47:04,3512.88
2220,0004,SANTANDER,BIA,DEPOSITO,2022-01-09T14:03:34,3102.49
2220,0001,SANTANDER,BRUNO,TRANSFERENCIA,2022-02-23T11:13:59,1121.76
1044,0002,SANTANDER,BIA,SAQUE,2022-01-04T04:34:22,525.29
2220,0001,SANTANDER,FELIPE,DEPOSITO,2022-02-25T11:02:14,138.67
2220,0002,SANTANDER,BIA,TRANSFERENCIA,2022-01-27T10:03:32,3657.18
1520,0001,SANTANDER,JULIA,SAQUE,2022-01-23T11:43:21,1361.60
1044,0002,SANTANDER,PAULA,TRANSFERENCIA,2022-02-10T16:57:05,4166.32
3320,0004,SANTANDER,RAFAEL,SAQUE,2022-01-28T07:49:07,228.91
9999,0004,SANTANDER,MARIA,TRANSFERENCIA,2022-01-07T00:38:54,4775.11
2220,0007,SANTANDER,BIA,SAQUE,2022-01-04T15:50:27,370.49
1044,0001,SANTANDER,MARIA,DEPOSITO,2022-01-02T00:17:05,4876.62
9999,0001,SANTANDER,JOAO,SAQUE,2022-01-31T05:57:55,3281.13
3320,0001,SANTANDER,FELIPE,TRANSFERENCIA,2022-02-24T13:08:18,4154.14
2220,0007,SANTANDER,MARIA,DEPOSITO,2022-02-22T20:17:25,4996.26
1520,0001,SANTANDER,JULIA,DEPOSITO,2022-01-15T00:25:42,610.85
3320,0004,SANTANDER,RAFAEL,TRANSFERENCIA,2022-02-01T22:55:14,1512.51
1044,0002,SANTANDER,JOAO,SAQUE,2022-01-31T23:54:35,988.21
2220,0001,SANTANDER,PAULA,TRANSFERENCIA,2022-01-10T08:05:18,2428.83
9999,0001,SANTANDER,JULIA,TRANSFERENCIA,2022-02-07T02:29:30,294.74
1044,0007,SANTANDER,MARIA,TRANSFERENCIA,2022-01-09T09:21:02,3953.79
1520,0002,SANTANDER,FELIPE,TRANSFERENCIA,2022-01-10T11:47:59,2915.25
1044,0001,SANTANDER,FELIPE,DEPOSITO,2022-02-15T01:02:10,3345.37
1520,0002,SANTANDER,RAFAEL,TRANSFERENCIA,2022-01-09T13:40:19,1447.35
1520,0002,SANTANDER,RAFAEL,DEPOSITO,2022-01-30T00:53:34,1586.25
2220,0001,SANTANDER,BIA,SAQUE,2022-02-12T08:16:45,2382.71
9999,0004,SANTANDER,PAULA,DEPOSITO,2022-01-29T14:23:02,4301.07
3320,0001,SANTANDER,JULIA,TRANSFERENCIA,2022-01-08T17:41:37,188.51
2220,0004,SANTANDER,BIA,SAQUE,2022-02-06T19:01:09,611.45
9999,0004,SANTANDER,FELIPE,SAQUE,2022-01-15T17:36:26,595.73
1044,0001,SANTANDER,MARIA,TRANSFERENCIA,2022-01-24T01:20:30,412.92
1044,0002,SANTANDER,ANA,SAQUE,2022-02-09T21:37:01,2984.46
2220,0002,SANTANDER,BRUNO,SAQUE,2022-02-09T11:15:36,2739.79
1044,0004,SANTANDER,FELIPE,DEPOSITO,2022-01-18T00:56:43,3788.54
2220,0004,SANTANDER,MARIA,SAQUE,2022-01-14T11:43:55,3165.35
1044,0007,SANTANDER,MARIA,TRANSFERENCIA,2022-02-15T07:07:40,2919.16
9999,0004,SANTANDER,RAFAEL,TRANSFERENCIA,2022-02-04T20:16:11,2130.17
9999,0004,SANTANDER,RAFAEL,TRANSFERENCIA,2022-02-28T01:10:16,1105.31
1520,0001,SANTANDER,ANA,SAQUE,2022-02-27T08:46:24,4952.05
1044,0007,SANTANDER,PAULA,DEPOSITO,2022-02-09T00:28:21,1041.83
1044,0004,SANTANDER,FELIPE,SAQUE,2022-02-13T12:30:34,3191.12
1520,0007,SANTANDER,FELIPE,DEPOSITO,2022-02-09T05:52:16,667.21
1044,0007,SANTANDER,ANA,SAQUE,2022-01-26T03:29:30,1914.53
1520,0007,SANTANDER,JOAO,TRANSFERENCIA,2022-01-05T03:48:32,415.93
1044,0001,SANTANDER,JULIA,SAQUE,2022-02-06T16:58:26,2546.71
2220,0002,SANTANDER,CARLOS,SAQUE,2022-02-19T16:55:58,2225.95
1520,0001,SANTANDER,JOAO,TRANSFERENCIA,2022-02-09T23:40:48,2046.48
9999,0001,SANTANDER,CARLOS,SAQUE,2022-02-17T04:08:21,678.74
3320,0001,SANTANDER,PAULA,DEPOSITO,2022-01-17T08:38:04,961.68
1520,0001,SANTANDER,ANA,TRANSFERENCIA,2022-01-16T15:56:39,700.89
3320,0002,SANTANDER,FELIPE,SAQUE,2022-02-23T23:43:43,775.96
1520,0004,SANTANDER,PAULA,DEPOSITO,2022-01-16T02:26:43,2630.52
1044,0004,SANTANDER,JOAO,SAQUE,2022-01-27T11:56:55,462.25
9999,0004,SANTANDER,PAULA,TRANSFERENCIA,2022-01-12T05:53:05,1141.64
1520,0001,SANTANDER,JULIA,DEPOSITO,2022-01-03T21:12:32,4130.39
1044,0002,SANTANDER,ANA,DEPOSITO,2022-01-15T03:18:59,824.50
9999,0002,SANTANDER,JOAO,DEPOSITO,2022-01-29T02:02:38,589.18
1044,0007,SANTANDER,RAFAEL,SAQUE,2022-02-28T03:17:36,3796.10
9999,0002,SANTANDER,JOAO,SAQUE,2022-02-22T11:20:18,86.95
1520,0001,SANTANDER,CARLOS,SAQUE,2022-01-28T22:23:09,4550.26
1044,0002,SANTANDER,CARLOS,SAQUE,2022-02-02T07:45:04,4358.06
3320,0001,SANTANDER,CARLOS,DEPOSITO,2022-02-15T14:05:11,2778.80
2220,0004,SANTANDER,FELIPE,TRANSFERENCIA,2022-01-04T12:50:51,877.26
9999,0002,SANTANDER,JOAO,DEPOSITO,2022-01-22T13:19:40,3780.29
2220,0001,SANTANDER,JULIA,DEPOSITO,2022-02-24T04:57:33,2926.33
1520,0002,SANTANDER,MARIA,SAQUE,2022-02-13T04:04:10,1253.65
3320,0007,SANTANDER,BIA,TRANSFERENCIA,2022-01-02T08:01:06,1595.36
1044,0004,SANTANDER,ANA,DEPOSITO,2022-02-06T03:00:45,2962.19
1044,0001,SANTANDER,RAFAEL,DEPOSITO,2022-01-19T02:44:43,2879.99
1520,0007,SANTANDER,BIA,DEPOSITO,2022-02-24T23:53:52,3188.53
1044,0004,SANTANDER,FELIPE,TRANSFERENCIA,2022-02-22T17:47:55,2146.32
2220,0001,SANTANDER,JOAO,DEPOSITO,2022-02-02T04:35:22,2102.47
3320,0002,SANTANDER,PAULA,DEPOSITO,2022-02-06T01:05:09,2220.82
1520,0001,SANTANDER,BRUNO,DEPOSITO,2022-01-14T23:18:54,2221.35
1520,0002,SANTANDER,BRUNO,TRANSFERENCIA,2022-02-24T09:13:04,346.49
9999,0001,SANTANDER,FELIPE,DEPOSITO,2022-01-22T08:31:31,3175.46
9999,0004,SANTANDER,JULIA,DEPOSITO,2022-02-08T16:29:54,3080.21
3320,0007,SANTANDER,CARLOS,DEPOSITO,2022-01-30T06:03:57,2299.70
2220,0002,SANTANDER,ANA,SAQUE,2022-02-21T14:29:36,1410.64
3320,0002,SANTANDER,FELIPE,DEPOSITO,2022-01-17T21:42:11,1063.75
9999,0001,SANTANDER,JOAO,DEPOSITO,2022-01-08T18:27:07,2272.39
3320,0004,SANTANDER,MARIA,TRANSFERENCIA,2022-02-02T03:16:19,1710.70
2220,0001,SANTANDER,ANA,TRANSFERENCIA,2022-02-02T19:40:56,1577.31
1044,0001,SANTANDER,BRUNO,SAQUE,2022-02-18T10:43:30,2815.93
2220,0001,SANTANDER,FELIPE,DEPOSITO,2022-01-16T23:24:40,1845.24
1520,0002,SANTANDER,JULIA,SAQUE,2022-01-15T00:28:25,3103.29
1044,0004,SANTANDER,ANA,SAQUE,2022-01-22T13:51:33,4241.77
1044,0002,SANTANDER,RAFAEL,DEPOSITO,2022-01-22T23:27:23,231.40
1520,0002,SANTANDER,BIA,DEPOSITO,2022-02-08T02:08:54,919.92
9999,0001,SANTANDER,PAULA,SAQUE,2022-01-10T15:10:23,2427.38
3320,0002,SANTANDER,FELIPE,SAQUE,2022-01-30T07:47:37,435.98
2220,0002,SANTANDER,MARIA,DEPOSITO,2022-01-24T08:57:36,2952.11
2220,0007,SANTANDER,BIA,SAQUE,2022-02-16T02:27:18,4292.33
1520,0007,SANTANDER,JULIA,SAQUE,2022-02-04T11:05:46,3757.87
3320,0001,SANTANDER,JULIA,TRANSFERENCIA,2022-01-16T05:35:00,2501.06
1044,0004,SANTANDER,JOAO,SAQUE,2022-01-15T16:22:36,226.37
1520,0001,SANTANDER,MARIA,TRANSFERENCIA,2022-01-24T05:44:53,3215.29
3320,0004,SANTANDER,BIA,SAQUE,2022-02-17T12:24:20,3021.37
1520,0001,SANTANDER,JOAO,SAQUE,2022-01-03T02:30:55,919.85
9999,0004,SANTANDER,BRUNO,SAQUE,2022-02-06T13:58:03,731.98
1044,0007,SANTANDER,CARLOS,TRANSFERENCIA,2022-02-17T18:58:39,320.89
1044,0004,SANTANDER,BIA,DEPOSITO,2022-01-01T05:43:33,3635.74
9999,0002,SANTANDER,JULIA,SAQUE,2022-01-28T17:37:25,3969.82
1044,0002,SANTANDER,FELIPE,TRANSFERENCIA,2022-01-23T18:02:06,415.14
2220,0007,SANTANDER,PAULA,TRANSFERENCIA,2022-01-08T07:51:17,1425.03
2220,0004,SANTANDER,PAULA,TRANSFERENCIA,2022-01-28T22:56:54,4189.50
2220,0001,SANTANDER,MARIA,TRANSFERENCIA,2022-01-29T17:03:01,4724.96
1044,0002,SANTANDER,BIA,TRANSFERENCIA,2022-01-11T03:17:35,4600.06
2220,0007,SANTANDER,BRUNO,DEPOSITO,2022-02-11T13:20:17,1700.57
1044,0002,SANTANDER,PAULA,TRANSFERENCIA,2022-02-10T14:13:17,335.42
1520,0002,SANTANDER,RAFAEL,SAQUE,2022-02-01T04:20:19,2384.47
1520,0007,SANTANDER,MARIA,TRANSFERENCIA,2022-01-06T19:31:00,780.24
3320,0001,SANTANDER,MARIA,DEPOSITO,2022-02-16T10:53:36,3130.69
2220,0001,SANTANDER,BRUNO,TRANSFERENCIA,2022-02-16T09:24:32,3163.42
3320,0004,SANTANDER,JULIA,SAQUE,2022-01-15T16:14:54,992.91
2220,0001,SANTANDER,RAFAEL,DEPOSITO,2022-02-26T20:57:06,777.41
3320,0007,SANTANDER,RAFAEL,TRANSFERENCIA,2022-01-28T14:53:43,3235.96
1044,0007,SANTANDER,JULIA,DEPOSITO,2022-01-09T03:14:25,416.55
3320,0004,SANTANDER,JULIA,SAQUE,2022-01-04T21:18:19,145.56
3320,0007,SANTANDER,ANA,SAQUE,2022-02-25T07:43:28,3761.96
9999,0002,SANTANDER,JULIA,TRANSFERENCIA,2022-01-08T02:27:03,1036.69
1044,0007,SANTANDER,ANA,TRANSFERENCIA,2022-02-18T18:13:19,4257.43
2220,0002,SANTANDER,FELIPE,DEPOSITO,2022-02-21T23:30:31,3568.31
1520,0007,SANTANDER,RAFAEL,SAQUE,2022-02-18T05:56:10,2064.26
9999,0001,SANTANDER,ANA,SAQUE,2022-02-20T20:31:33,698.17
1520,0001,SANTANDER,CARLOS,TRANSFERENCIA,2022-01-03T22:40:58,4072.81
1044,0002,SANTANDER,BRUNO,DEPOSITO,2022-01-29T10:21:35,920.76
2220,0002,SANTANDER,ANA,SAQUE,2022-01-15T00:42:33,2439.77
1044,0004,SANTANDER,ANA,SAQUE,2022-01-25T03:59:44,2445.56
1044,0007,SANTANDER,ANA,DEPOSITO,2022-02-15T13:27:32,4887.16
1044,0007,SANTANDER,RAFAEL,DEPOSITO,2022-02-27T03:43:30,2129.88
3320,0004,SANTANDER,BIA,DEPOSITO,2022-02-05T16:35:20,4152.47
1520,0004,SANTANDER,BRUNO,TRANSFERENCIA,2022-01-14T09:46:21,1575.19
2220,0002,SANTANDER,BIA,DEPOSITO,2022-02-01T17:56:39,1916.00
1044,0001,SANTANDER,FELIPE,TRANSFERENCIA,2022-01-06T06:22:49,4331.97
3320,0007,SANTANDER,BRUNO,TRANSFERENCIA,2022-02-17T18:53:09,897.44
3320,0004,SANTANDER,JOAO,TRANSFERENCIA,2022-02-12T19:15:14,2921.95
3320,0004,SANTANDER,CARLOS,SAQUE,2022-01-08T01:59:02,655.82
1520,0004,SANTANDER,BRUNO,TRANSFERENCIA,2022-02-06T01:04:14,4505.27
3320,0002,SANTANDER,JULIA,DEPOSITO,2022-02-17T21:46:11,2307.88
1520,0004,SANTANDER,ANA,DEPOSITO,2022-02-25T01:45:34,2318.74
3320,0004,SANTANDER,MARIA,TRANSFERENCIA,2022-01-29T06:47:37,3490.87
1520,0007,SANTANDER,JOAO,SAQUE,2022-01-23T08:21:15,3249.00
9999,0002,SANTANDER,MARIA,DEPOSITO,2022-02-13T23:03:43,2777.95
3320,0002,SANTANDER,JULIA,DEPOSITO,2022-01-16T03:38:46,3467.38
9999,0004,SANTANDER,ANA,SAQUE,2022-02-08T07:44:06,2441.70
2220,0001,SANTANDER,BRUNO,SAQUE,2022-02-09T12:22:11,3151.07
3320,0007,SANTANDER,JULIA,SAQUE,2022-01-11T22:53:54,337.75
3320,0002,SANTANDER,JOAO,SAQUE,2022-02-20T07:00:34,1461.60
1044,0002,SANTANDER,BRUNO,DEPOSITO,2022-02-22T17:36:03,1018.50
3320,0007,SANTANDER,PAULA,TRANSFERENCIA,2022-02-25T22:46:35,1905.75
9999,0002,SANTANDER,RAFAEL,TRANSFERENCIA,2022-02-09T08:49:02,2494.33
1520,0002,SANTANDER,BRUNO,SAQUE,2022-02-02T13:55:49,3200.93
1044,0004,SANTANDER,BRUNO,TRANSFERENCIA,2022-01-13T22:06:02,121.11
1044,0007,SANTANDER,CARLOS,TRANSFERENCIA,2022-01-06T01:09:55,569.51
3320,0002,SANTANDER,CARLOS,TRANSFERENCIA,2022-02-05T21:12:35,3818.23
1520,0002,SANTANDER,ANA,SAQUE,2022-01-01T02:07:50,388.15
1044,0004,SANTANDER,BRUNO,SAQUE,2022-02-16T03:16:51,1725.56
9999,0001,SANTANDER,RAFAEL,SAQUE,2022-01-22T01:02:02,4758.34
9999,0001,SANTANDER,CARLOS,DEPOSITO,2022-01-07T14:46:20,307.19
1520,0004,SANTANDER,JULIA,SAQUE,2022-02-03T20:13:45,2028.93
9999,0004,SANTANDER,MARIA,TRANSFERENCIA,2022-01-21T17:40:12,4168.36
3320,0001,SANTANDER,CARLOS,TRANSFERENCIA,2022-01-22T02:12:33,2387.08
2220,0004,SANTANDER,ANA,TRANSFERENCIA,2022-01-05T20:21:56,986.23
9999,0001,SANTANDER,MARIA,DEPOSITO,2022-02-20T03:06:42,4657.05
2220,0004,SANTANDER,PAULA,SAQUE,2022-02-17T06:55:40,4204.13
2220,0004,SANTANDER,JOAO,SAQUE,2022-01-04T14:41:11,774.68
2220,0001,SANTANDER,BRUNO,TRANSFERENCIA,2022-02-21T04:16:03,3469.88
3320,0007,SANTANDER,MARIA,DEPOSITO,2022-01-10T01:39:30,534.41
9999,0007,SANTANDER,BRUNO,TRANSFERENCIA,2022-02-11T00:15:07,565.00
9999,0007,SANTANDER,BRUNO,DEPOSITO,2022-02-04T14:07:03,2896.13
9999,0002,SANTANDER,JULIA,SAQUE,2022-02-10T04:16:40,329.30
1520,0004,SANTANDER,JOAO,DEPOSITO,2022-02-22T01:41:32,1037.69
3320,0004,SANTANDER,ANA,TRANSFERENCIA,2022-02-22T08:14:13,335.80
1044,0007,SANTANDER,ANA,DEPOSITO,2022-01-15T13:24:41,2727.62
3320,0004,SANTANDER,JULIA,SAQUE,2022-02-26T04:00:30,3281.01
9999,0002,SANTANDER,CARLOS,SAQUE,2022-02-07T15:51:50,2001.50
3320,0001,SANTANDER,PAULA,TRANSFERENCIA,2022-02-16T19:05:23,1676.42
1520,0001,SANTANDER,ANA,TRANSFERENCIA,2022-01-26T23:45:01,4645.22
2220,0007,SANTANDER,BIA,SAQUE,2022-01-01T10:01:14,4074.12
3320,0001,SANTANDER,FELIPE,TRANSFERENCIA,2022-02-03T02:31:23,1023.34
2220,0002,SANTANDER,PAULA,DEPOSITO,2022-02-11T17:58:00,2963.04
3320,0004,SANTANDER,ANA,SAQUE,2022-02-06T00:26:06,4055.22
1520,0002,SANTANDER,ANA,SAQUE,2022-02-20T06:41:55,1853.71
1044,0007,SANTANDER,MARIA,SAQUE,2022-01-01T10:17:42,4019.16
2220,0002,SANTANDER,JOAO,TRANSFERENCIA,2022-02-24T18:55:15,4619.36
3320,0001,SANTANDER,PAULA,SAQUE,2022-02-23T22:34:17,4325.28
3320,0007,SANTANDER,PAULA,DEPOSITO,2022-02-14T06:16:43,4599.35
1520,0001,SANTANDER,RAFAEL,DEPOSITO,2022-01-14T14:42:34,1595.88
2220,0007,SANTANDER,JULIA,SAQUE,2022-02-28T12:01:04,308.33
2220,0001,SANTANDER,FELIPE,SAQUE,2022-01-05T15:57:52,4136.57
1044,0002,SANTANDER,JULIA,DEPOSITO,2022-01-29T04:22:19,2444.81
1520,0004,SANTANDER,PAULA,TRANSFERENCIA,2022-02-13T09:40:03,4927.29
1520,0007,SANTANDER,MARIA,TRANSFERENCIA,2022-02-26T06:37:16,2913.24
2220,0001,SANTANDER,BRUNO,DEPOSITO,2022-02-12T04:27:51,1749.99
2220,0007,SANTANDER,PAULA,DEPOSITO,2022-01-29T17:43:11,204.42
9999,0007,SANTANDER,RAFAEL,SAQUE,2022-01-19T21:51:00,1438.57
1044,0001,SANTANDER,JOAO,TRANSFERENCIA,2022-02-05T14:20:45,762.54
1044,0002,SANTANDER,BRUNO,TRANSFERENCIA,2022-02-05T09:24:53,982.19
2220,0002,SANTANDER,FELIPE,SAQUE,2022-01-09T13:37:20,2897.70
1044,0002,SANTANDER,BIA,TRANSFERENCIA,2022-01-02T06:57:24,2293.81
1044,0004,SANTANDER,PAULA,TRANSFERENCIA,2022-01-24T14:48:20,2107.25
1520,0004,SANTANDER,PAULA,TRANSFERENCIA,2022-02-26T23:12:44,572.33
1044,0001,SANTANDER,MARIA,SAQUE,2022-01-07T17:20:50,1985.43
3320,0007,SANTANDER,JOAO,SAQUE,2022-02-18T22:13:02,164.45
2220,0004,SANTANDER,RAFAEL,TRANSFERENCIA,2022-01-21T06:51:13,3347.45
2220,0004,SANTANDER,BIA,DEPOSITO,2022-02-24T00:17:09,4592.65
3320,0002,SANTANDER,ANA,DEPOSITO,2022-02-19T06:47:38,2502.47
3320,0004,SANTANDER,PAULA,SAQUE,2022-02-28T06:23:16,935.27
1044,0007,SANTANDER,PAULA,TRANSFERENCIA,2022-01-09T20:43:13,4091.19
2220,0002,SANTANDER,RAFAEL,DEPOSITO,2022-02-07T14:33:51,4265.47
3320,0002,SANTANDER,JOAO,SAQUE,2022-01-09T21:29:17,4712.11
2220,0002,SANTANDER,BRUNO,DEPOSITO,2022-02-05T10:12:07,732.12
9999,0002,SANTANDER,CARLOS,DEPOSITO,2022-02-22T07:19:21,1666.03
9999,0002,SANTANDER,PAULA,TRANSFERENCIA,2022-01-13T11:30:35,1451.20
1520,0001,SANTANDER,FELIPE,SAQUE,2022-02-23T00:30:55,1956.22
1520,0001,SANTANDER,CARLOS,TRANSFERENCIA,2022-02-06T14:27:03,3949.76
1044,0001,SANTANDER,BIA,SAQUE,2022-02-24T07:40:44,3828.69
1044,0002,SANTANDER,FELIPE,DEPOSITO,2022-01-12T02:54:04,2003.82
3320,0001,SANTANDER,JULIA,SAQUE,2022-02-01T02:16:44,4493.10
3320,0007,SANTANDER,BIA,TRANSFERENCIA,2022-01-20T11:50:01,4059.31
1520,0001,SANTANDER,JOAO,TRANSFERENCIA,2022-01-04T15:53:06,2947.08
9999,0002,SANTANDER,MARIA,TRANSFERENCIA,2022-02-13T01:07:14,2605.68
1520,0004,SANTANDER,RAFAEL,SAQUE,2022-01-17T20:15:41,2634.11
3320,0004,SANTANDER,CARLOS,SAQUE,2022-02-02T12:50:46,2719.23
9999,0002,SANTANDER,BIA,TRANSFERENCIA,2022-01-05T21:50:31,3108.57
3320,0001,SANTANDER,CARLOS,TRANSFERENCIA,2022-01-22T10:05:37,3167.15
2220,0007,SANTANDER,MARIA,SAQUE,2022-02-10T12:48:31,1970.15
9999,0001,SANTANDER,RAFAEL,SAQUE,2022-01-14T14:59:37,4925.24
2220,0001,SANTANDER,ANA,TRANSFERENCIA,2022-01-30T10:16:25,3899.27
1044,0007,SANTANDER,JOAO,DEPOSITO,2022-01-22T09:18:29,369.18
1520,0001,SANTANDER,ANA,TRANSFERENCIA,2022-02-23T06:03:04,4734.44
3320,0001,SANTANDER,BIA,DEPOSITO,2022-02-18T06:32:51,4649.41
9999,0007,SANTANDER,BIA,TRANSFERENCIA,2022-01-29T04:15:07,4893.68
1520,0001,SANTANDER,CARLOS,SAQUE,2022-02-10T23:46:32,3032.41
2220,0007,SANTANDER,ANA,TRANSFERENCIA,2022-01-03T19:03:57,3787.58
1520,0007,SANTANDER,PAULA,DEPOSITO,2022-02-16T12:00:08,3450.71
1520,0007,SANTANDER,PAULA,DEPOSITO,2022-01-13T03:53:21,3291.35
9999,0002,SANTANDER,BRUNO,SAQUE,2022-02-11T23:39:48,2724.19
1044,0001,SANTANDER,MARIA,TRANSFERENCIA,2022-02-08T11:56:25,4395.61
3320,0007,SANTANDER,BRUNO,SAQUE,2022-02-27T11:45:00,795.42
2220,0007,SANTANDER,BRUNO,DEPOSITO,2022-02-19T23:23:31,4154.18
9999,0001,SANTANDER,BIA,TRANSFERENCIA,2022-01-19T21:43:18,2238.28
2220,0001,SANTANDER,BRUNO,DEPOSITO,2022-01-17T09:49:02,937.12
9999,0001,SANTANDER,PAULA,DEPOSITO,2022-02-26T09:18:57,2919.08
1044,0001,SANTANDER,FELIPE,DEPOSITO,2022-02-03T03:30:57,3112.81
2220,0007,SANTANDER,FELIPE,DEPOSITO,2022-02-01T07:58:58,4872.68
2220,0007,SANTANDER,CARLOS,SAQUE,2022-02-23T07:22:00,4193.18
9999,0004,SANTANDER,RAFAEL,SAQUE,2022-01-31T18:52:05,147.60
1520,0004,SANTANDER,MARIA,DEPOSITO,2022-01-11T14:49:41,4459.82
2220,0004,SANTANDER,PAULA,TRANSFERENCIA,2022-02-26T13:49:05,943.17
1520,0002,SANTANDER,BIA,DEPOSITO,2022-02-08T11:52:09,1755.24
1520,0007,SANTANDER,MARIA,TRANSFERENCIA,2022-01-12T01:59:25,4207.73
1044,0007,SANTANDER,JOAO,SAQUE,2022-02-05T01:19:59,3869.57
1520,0002,SANTANDER,CARLOS,DEPOSITO,2022-02-27T16:58:22,3520.33
3320,0007,SANTANDER,RAFAEL,DEPOSITO,2022-02-03T22:34:56,3197.62
1520,0002,SANTANDER,JOAO,SAQUE,2022-02-27T05:59:07,981.69
1520,0001,SANTANDER,FELIPE,DEPOSITO,2022-01-02T06:44:28,319.98
9999,0007,SANTANDER,JOAO,DEPOSITO,2022-01-27T17:20:55,855.41
1520,0007,SANTANDER,BIA,DEPOSITO,2022-01-15T11:44:32,4977.32
3320,0002,SANTANDER,JULIA,DEPOSITO,2022-02-28T17:07:07,1054.89
1520,0001,SANTANDER,BRUNO,SAQUE,2022-01-05T01:30:44,69.19
2220,0002,SANTANDER,JOAO,SAQUE,2022-01-26T09:45:24,3927.70
2220,0007,SANTANDER,FELIPE,DEPOSITO,2022-02-25T18:01:27,2256.71
3320,0007,SANTANDER,CARLOS,SAQUE,2022-02-01T17:06:24,2474.60
1520,0004,SANTANDER,CARLOS,DEPOSITO,2022-02-28T00:25:09,1838.03
2220,0007,SANTANDER,CARLOS,SAQUE,2022-02-06T22:27:53,2714.21
2220,0002,SANTANDER,ANA,TRANSFERENCIA,2022-01-30T12:12:20,1266.51
1044,0002,SANTANDER,CARLOS,DEPOSITO,2022-01-07T08:49:14,1404.16
2220,0007,SANTANDER,ANA,TRANSFERENCIA,2022-01-20T06:50:01,3331.62
1044,0002,SANTANDER,CARLOS,TRANSFERENCIA,2022-01-23T04:46:18,3307.09
1044,0007,SANTANDER,FELIPE,DEPOSITO,2022-02-18T00:19:23,1079.96
2220,0004,SANTANDER,RAFAEL,DEPOSITO,2022-01-24T08:01:37,772.13
2220,0007,SANTANDER,ANA,TRANSFERENCIA,2022-02-15T17:30:30,23.87
9999,0004,SANTANDER,JULIA,SAQUE,2022-02-09T15:54:17,3857.50
9999,0002,SANTANDER,CARLOS,DEPOSITO,2022-01-24T16:13:24,4356.47
2220,0004,SANTANDER,RAFAEL,SAQUE,2022-02-04T13:36:45,119.87
1044,0004,SANTANDER,JOAO,DEPOSITO,2022-01-04T02:17:17,2979.81
9999,0004,SANTANDER,BRUNO,DEPOSITO,2022-01-17T00:54:31,3664.35
1520,0001,SANTANDER,PAULA,SAQUE,2022-01-28T05:17:44,861.90
9999,0002,SANTANDER,BIA,SAQUE,2022-02-15T09:12:55,2234.74
2220,0002,SANTANDER,BIA,DEPOSITO,2022-01-27T04:18:33,3175.05
1044,0001,SANTANDER,JULIA,TRANSFERENCIA,2022-01-03T18:35:24,318.11
3320,0004,SANTANDER,RAFAEL,DEPOSITO,2022-01-11T16:10:32,1772.38
3320,0001,SANTANDER,CARLOS,DEPOSITO,2022-01-03T05:57:57,3290.01
9999,0001,SANTANDER,CARLOS,SAQUE,2022-02-03T08:13:16,1135.65
1520,0002,SANTANDER,PAULA,TRANSFERENCIA,2022-01-26T17:04:58,3859.12
3320,0002,SANTANDER,PAULA,TRANSFERENCIA,2022-02-02T02:22:52,941.27
1520,0001,SANTANDER,FELIPE,SAQUE,2022-02-04T05:36:03,2880.95
1044,0002,SANTANDER,BRUNO,DEPOSITO,2022-01-18T22:16:01,4424.71
1044,0002,SANTANDER,RAFAEL,DEPOSITO,2022-02-06T22:10:22,4530.65
1044,0001,SANTANDER,JOAO,TRANSFERENCIA,2022-02-05T06:57:49,2480.06
9999,0002,SANTANDER,RAFAEL,TRANSFERENCIA,2022-02-03T23:47:09,1743.46
1044,0001,SANTANDER,CARLOS,TRANSFERENCIA,2022-02-11T21:12:32,4884.02
9999,0001,SANTANDER,BIA,SAQUE,2022-02-01T11:23:30,469.74
2220,0004,SANTANDER,ANA,DEPOSITO,2022-01-31T08:33:39,3779.24
3320,0007,SANTANDER,JOAO,DEPOSITO,2022-01-14T04:13:58,2370.06
9999,0001,SANTANDER,BRUNO,DEPOSITO,2022-01-20T09:33:33,1238.01
1044,0007,SANTANDER,MARIA,SAQUE,2022-01-09T10:25:09,3339.34
2220,0004,SANTANDER,BRUNO,TRANSFERENCIA,2022-01-17T04:38:23,3805.49
1044,0001,SANTANDER,FELIPE,DEPOSITO,2022-01-03T18:59:10,2568.96
9999,0001,SANTANDER,RAFAEL,TRANSFERENCIA,2022-02-12T22:06:37,1961.88
1520,0001,SANTANDER,BRUNO,TRANSFERENCIA,2022-01-23T17:21:21,420.10
2220,0002,SANTANDER,JOAO,SAQUE,2022-02-28T00:46:19,1680.80
1520,0007,SANTANDER,PAULA,SAQUE,2022-01-31T04:08:02,1678.60
1044,0002,SANTANDER,FELIPE,TRANSFERENCIA,2022-02-10T15:48:42,2204.13
1520,0002,SANTANDER,JULIA,DEPOSITO,2022-01-23T05:57:44,4139.10
9999,0001,SANTANDER,CARLOS,TRANSFERENCIA,2022-02-03T09:56:32,4251.20
1520,0004,SANTANDER,FELIPE,SAQUE,2022-01-15T02:27:22,1847.12
3320,0007,SANTANDER,CARLOS,DEPOSITO,2022-01-05T11:38:56,4295.25
3320,0002,SANTANDER,JULIA,SAQUE,2022-01-24T21:57:32,1277.50
2220,0004,SANTANDER,ANA,DEPOSITO,2022-02-06T18:11:39,2333.32
9999,0001,SANTANDER,MARIA,TRANSFERENCIA,2022-02-02T03:50:04,1464.73
1520,0004,SANTANDER,CARLOS,SAQUE,2022-01-09T06:15:10,2607.17
3320,0004,SANTANDER,JULIA,DEPOSITO,2022-02-06T04:00:58,1125.89
1520,0001,SANTANDER,FELIPE,TRANSFERENCIA,2022-02-26T19:44:41,2419.56
1520,0001,SANTANDER,ANA,SAQUE,2022-02-09T14:42:34,736.24
9999,0001,SANTANDER,PAULA,TRANSFERENCIA,2022-01-13T06:46:58,1949.74
1044,0001,SANTANDER,PAULA,SAQUE,2022-01-16T16:50:36,2546.66
2220,0002,SANTANDER,BIA,SAQUE,2022-01-06T04:50:21,3656.04
2220,0002,SANTANDER,BIA,SAQUE,2022-01-16T05:12:34,490.65
9999,0002,SANTANDER,BRUNO,TRANSFERENCIA,2022-01-08T07:57:54,3934.44
2220,0002,SANTANDER,PAULA,DEPOSITO,2022-02-16T23:54:35,570.43
1520,0004,SANTANDER,FELIPE,TRANSFERENCIA,2022-02-19T21:20:42,3412.54
2220,0001,SANTANDER,PAULA,TRANSFERENCIA,2022-01-29T08:27:00,1731.94
9999,0001,SANTANDER,ANA,SAQUE,2022-01-06T11:36:26,1272.22
1044,0001,SANTANDER,JOAO,SAQUE,2022-01-01T13:41:51,655.53
2220,0002,SANTANDER,RAFAEL,DEPOSITO,2022-02-23T21:07:51,3064.98
3320,0004,SANTANDER,ANA,SAQUE,2022-01-17T12:21:50,2972.63
9999,0007,SANTANDER,PAULA,DEPOSITO,2022-01-05T14:03:21,1189.46
1520,0004,SANTANDER,JOAO,TRANSFERENCIA,2022-01-20T23:21:06,1366.44
2220,0004,SANTANDER,CARLOS,TRANSFERENCIA,2022-01-07T16:19:58,2682.81
3320,0002,SANTANDER,BRUNO,TRANSFERENCIA,2022-02-19T00:42:31,482.20
1520,0002,SANTANDER,RAFAEL,TRANSFERENCIA,2022-01-13T19:57:39,2232.59
1520,0001,SANTANDER,ANA,SAQUE,2022-01-24T15:49:32,1223.59
2220,0001,SANTANDER,MARIA,TRANSFERENCIA,2022-01-31T03:31:39,799.26
1520,0001,SANTANDER,JULIA,TRANSFERENCIA,2022-02-23T02:22:50,846.13
3320,0002,SANTANDER,JOAO,TRANSFERENCIA,2022-01-20T03:00:45,3426.02
1520,0007,SANTANDER,RAFAEL,SAQUE,2022-02-09T21:52:24,1112.10
1520,0002,SANTANDER,RAFAEL,TRANSFERENCIA,2022-01-09T08:17:11,3242.92
2220,0002,SANTANDER,BRUNO,TRANSFERENCIA,2022-01-02T05:25:51,2329.82
9999,0004,SANTANDER,PAULA,DEPOSITO,2022-02-16T19:28:26,921.75
1520,0001,SANTANDER,ANA,SAQUE,2022-01-08T20:15:36,1285.64
1520,0001,SANTANDER,PAULA,SAQUE,2022-02-14T08:18:33,571.59
3320,0004,SANTANDER,RAFAEL,DEPOSITO,2022-01-03T16:16:35,3972.48
9999,0004,SANTANDER,MARIA,SAQUE,2022-01-22T00:55:40,2294.43
9999,0004,SANTANDER,MARIA,SAQUE,2022-02-26T17:08:48,3767.62
9999,0004,SANTANDER,CARLOS,DEPOSITO,2022-01-26T04:46:33,4673.77
2220,0007,SANTANDER,FELIPE,TRANSFERENCIA,2022-02-08T09:24:49,1721.24
2220,0001,SANTANDER,BIA,SAQUE,2022-02-14T00:46:37,2139.50
1520,0002,SANTANDER,PAULA,DEPOSITO,2022-01-12T07:03:58,3440.80
9999,0007,SANTANDER,FELIPE,DEPOSITO,2022-01-24T08:26:48,2923.69
2220,0001,SANTANDER,FELIPE,TRANSFERENCIA,2022-02-09T00:05:13,3824.80
2220,0007,SANTANDER,RAFAEL,SAQUE,2022-01-03T10:51:31,1861.90
2220,0002,SANTANDER,PAULA,SAQUE,2022-01-19T23:46:28,2722.81
9999,0007,SANTANDER,CARLOS,SAQUE,2022-01-17T02:30:45,3647.46
3320,0004,SANTANDER,BRUNO,SAQUE,2022-01-30T07:32:18,1486.30
2220,0007,SANTANDER,FELIPE,DEPOSITO,2022-02-11T04:36:15,1024.76
3320,0001,SANTANDER,CARLOS,TRANSFERENCIA,2022-01-11T17:22:01,359.02
2220,0007,SANTANDER,MARIA,TRANSFERENCIA,2022-01-29T22:50:01,871.40
1520,0004,SANTANDER,FELIPE,DEPOSITO,2022-02-19T15:33:07,1134.59
9999,0007,SANTANDER,RAFAEL,TRANSFERENCIA,2022-02-10T22:09:43,1036.84
2220,0004,SANTANDER,PAULA,SAQUE,2022-01-25T07:07:45,1942.10
2220,0007,SANTANDER,BIA,TRANSFERENCIA,2022-02-16T21:33:21,4634.94
3320,0007,SANTANDER,RAFAEL,TRANSFERENCIA,2022-01-23T11:01:48,15.95
1044,0002,SANTANDER,PAULA,TRANSFERENCIA,2022-02-28T13:54:38,4602.75
3320,0007,SANTANDER,JULIA,TRANSFERENCIA,2022-01-08T15:31:09,3827.77
9999,0002,SANTANDER,FELIPE,TRANSFERENCIA,2022-02-27T15:47:31,568.96
3320,0007,SANTANDER,JOAO,DEPOSITO,2022-02-02T00:33:39,2991.95
1044,0001,SANTANDER,JOAO,DEPOSITO,2022-01-05T20:13:40,1886.22
3320,0001,SANTANDER,MARIA,TRANSFERENCIA,2022-02-13T20:27:00,852.52
9999,0002,SANTANDER,CARLOS,DEPOSITO,2022-01-13T01:07:15,2593.45
1520,0001,SANTANDER,RAFAEL,SAQUE,2022-02-13T08:04:15,3482.92
2220,0001,SANTANDER,PAULA,DEPOSITO,2022-02-13T12:22:50,2629.58
9999,0004,SANTANDER,BIA,DEPOSITO,2022-01-28T15:46:14,2908.59
2220,0001,SANTANDER,ANA,SAQUE,2022-01-14T02:09:27,533.17
1520,0001,SANTANDER,CARLOS,TRANSFERENCIA,2022-02-09T17:32:57,3952.85
2220,0004,SANTANDER,RAFAEL,TRANSFERENCIA,2022-01-10T05:10:53,2764.91
9999,0001,SANTANDER,JOAO,DEPOSITO,2022-01-08T11:21:06,2463.09
1044,0007,SANTANDER,JULIA,SAQUE,2022-02-09T14:33:23,1001.38
1520,0002,SANTANDER,BIA,DEPOSITO,2022-02-05T14:03:40,4164.18
2220,0002,SANTANDER,BRUNO,SAQUE,2022-02-10T15:17:52,2983.82
9999,0007,SANTANDER,JULIA,DEPOSITO,2022-02-24T10:11:05,2536.08
1520,0002,SANTANDER,RAFAEL,TRANSFERENCIA,2022-02-27T06:44:49,3241.70
9999,0001,SANTANDER,BRUNO,TRANSFERENCIA,2022-01-17T04:24:54,3488.80
1520,0002,SANTANDER,JOAO,DEPOSITO,2022-01-08T11:05:46,2130.67
2220,0004,SANTANDER,JULIA,TRANSFERENCIA,2022-01-17T16:11:04,575.48
3320,0002,SANTANDER,BRUNO,SAQUE,2022-01-24T12:04:48,385.33
9999,0004,SANTANDER,CARLOS,TRANSFERENCIA,2022-01-04T13:21:22,3771.81
1520,0004,SANTANDER,BIA,SAQUE,2022-01-24T13:28:05,2381.63
3320,0004,SANTANDER,CARLOS,DEPOSITO,2022-02-20T02:06:26,3882.85
9999,0002,SANTANDER,ANA,TRANSFERENCIA,2022-02-10T21:13:45,4519.12
3320,0001,SANTANDER,FELIPE,DEPOSITO,2022-01-28T00:50:21,4995.95
3320,0002,SANTANDER,FELIPE,DEPOSITO,2022-02-03T04:58:39,530.10
1044,0001,SANTANDER,BIA,TRANSFERENCIA,2022-01-18T21:20:52,1614.03
1520,0004,SANTANDER,PAULA,DEPOSITO,2022-01-18T10:16:29,4523.11
1520,0002,SANTANDER,JULIA,DEPOSITO,2022-01-04T14:58:05,608.45
9999,0007,SANTANDER,JULIA,TRANSFERENCIA,2022-02-28T01:59:11,1306.34
1044,0001,SANTANDER,JULIA,TRANSFERENCIA,2022-02-23T20:54:52,1259.19
3320,0001,SANTANDER,ANA,DEPOSITO,2022-01-22T03:06:36,3880.13
9999,0002,SANTANDER,JOAO,DEPOSITO,2022-02-28T01:00:42,2000.31
1044,0001,SANTANDER,BIA,DEPOSITO,2022-01-30T16:41:28,1812.45
9999,0007,SANTANDER,FELIPE,TRANSFERENCIA,2022-01-27T22:46:24,4573.42
1520,0002,SANTANDER,MARIA,DEPOSITO,2022-02-16T22:31:55,3180.62
3320,0004,SANTANDER,MARIA,DEPOSITO,2022-02-08T21:08:22,2541.60
1520,0002,SANTANDER,JULIA,TRANSFERENCIA,2022-02-15T16:16:16,961.36
2220,0007,SANTANDER,JOAO,DEPOSITO,2022-01-14T05:06:07,606.00
3320,0004,SANTANDER,JOAO,TRANSFERENCIA,2022-01-18T12:02:07,1528.84
3320,0002,SANTANDER,CARLOS,SAQUE,2022-02-20T23:49:45,4397.92
3320,0001,SANTANDER,BRUNO,TRANSFERENCIA,2022-01-24T20:22:03,924.95
3320,0007,SANTANDER,ANA,DEPOSITO,2022-01-02T09:35:30,471.63
9999,0001,SANTANDER,CARLOS,DEPOSITO,2022-01-27T01:32:47,841.81
9999,0004,SANTANDER,FELIPE,TRANSFERENCIA,2022-01-03T23:48:34,787.55
1044,0002,SANTANDER,ANA,SAQUE,2022-02-28T08:15:07,1538.94
2220,0004,SANTANDER,MARIA,SAQUE,2022-02-19T23:27:48,2129.56
1520,0004,SANTANDER,BRUNO,DEPOSITO,2022-01-01T18:47:28,3063.83
9999,0004,SANTANDER,MARIA,DEPOSITO,2022-02-18T01:25:00,1758.41
9999,0001,SANTANDER,JULIA,DEPOSITO,2022-01-04T18:43:00,1600.28
3320,0004,SANTANDER,ANA,SAQUE,2022-01-06T10:01:45,2543.35
3320,0007,SANTANDER,MARIA,TRANSFERENCIA,2022-01-07T20:30:28,136.78
3320,0004,SANTANDER,BRUNO,DEPOSITO,2022-01-26T22:32:45,907.01
9999,0002,SANTANDER,JOAO,TRANSFERENCIA,2022-01-17T22:36:48,1210.07
2220,0007,SANTANDER,BRUNO,TRANSFERENCIA,2022-02-11T02:39:19,3000.14
3320,0004,SANTANDER,JULIA,SAQUE,2022-02-22T03:54:19,1919.23
9999,0004,SANTANDER,MARIA,SAQUE,2022-02-22T14:24:22,3912.40
3320,0001,SANTANDER,BIA,SAQUE,2022-01-30T15:58:06,634.96
3320,0004,SANTANDER,JOAO,DEPOSITO,2022-02-11T05:28:57,3367.06
9999,0002,SANTANDER,CARLOS,DEPOSITO,2022-01-19T13:47:50,1008.66
1044,0002,SANTANDER,JULIA,DEPOSITO,2022-01-21T06:16:33,2363.73
1520,0007,SANTANDER,BRUNO,TRANSFERENCIA,2022-01-25T16:47:57,3658.54
9999,0007,SANTANDER,ANA,DEPOSITO,2022-01-18T01:28:32,1422.11
9999,0002,SANTANDER,BRUNO,TRANSFERENCIA,2022-01-13T23:11:45,2772.87
1044,0001,SANTANDER,PAULA,DEPOSITO,2022-01-20T19:49:34,1700.79
1520,0004,SANTANDER,FELIPE,TRANSFERENCIA,2022-02-20T18:49:20,4035.00
1044,0004,SANTANDER,PAULA,TRANSFERENCIA,2022-01-01T19:14:22,1244.44
2220,0007,SANTANDER,CARLOS,DEPOSITO,2022-01-21T08:14:19,1614.26
1520,0007,SANTANDER,BRUNO,DEPOSITO,2022-01-05T08:23:42,1293.81
1520,0002,SANTANDER,JOAO,SAQUE,2022-02-27T11:16:06,3991.05
1044,0004,SANTANDER,FELIPE,TRANSFERENCIA,2022-02-19T09:15:38,4747.75
3320,0004,SANTANDER,CARLOS,TRANSFERENCIA,2022-02-09T00:38:48,3335.14
9999,0007,SANTANDER,BRUNO,DEPOSITO,2022-02-27T04:34:09,2694.93
9999,0004,SANTANDER,PAULA,SAQUE,2022-02-09T16:04:02,3504.28
2220,0001,SANTANDER,BRUNO,TRANSFERENCIA,2022-01-05T23:58:51,425.93
1044,0007,SANTANDER,MARIA,SAQUE,2022-01-03T13:19:21,4816.91
3320,0004,SANTANDER,PAULA,SAQUE,2022-02-02T16:37:11,1961.55
1044,0007,SANTANDER,BRUNO,TRANSFERENCIA,2022-02-01T15:09:04,1.26
1044,0001,SANTANDER,RAFAEL,TRANSFERENCIA,2022-02-19T01:09:43,2112.47
1520,0001,SANTANDER,BRUNO,DEPOSITO,2022-01-29T09:38:49,1304.54
3320,0002,SANTANDER,CARLOS,TRANSFERENCIA,2022-01-21T03:28:48,4848.31
1044,0007,SANTANDER,BIA,TRANSFERENCIA,2022-02-01T19:31:03,94.21
1044,0004,SANTANDER,JOAO,TRANSFERENCIA,2022-02-02T12:53:41,3907.92
2220,0002,SANTANDER,PAULA,DEPOSITO,2022-01-31T04:22:18,228.76
1044,0002,SANTANDER,RAFAEL,DEPOSITO,2022-01-08T00:00:26,2358.67
9999,0002,SANTANDER,ANA,DEPOSITO,2022-01-13T01:48:24,1504.01
1520,0002,SANTANDER,ANA,SAQUE,2022-01-24T08:54:44,2695.05
2220,0007,SANTANDER,FELIPE,DEPOSITO,2022-01-30T05:02:30,2571.30
1520,0007,SANTANDER,JULIA,TRANSFERENCIA,2022-01-28T21:58:30,2865.28
2220,0001,SANTANDER,BRUNO,SAQUE,2022-02-01T08:49:20,2561.23
3320,0001,SANTANDER,MARIA,SAQUE,2022-01-08T17:10:12,4250.92
3320,0007,SANTANDER,RAFAEL,TRANSFERENCIA,2022-02-06T15:20:30,3005.81
1520,0002,SANTANDER,JOAO,DEPOSITO,2022-02-18T21:44:28,4298.41
3320,0007,SANTANDER,PAULA,DEPOSITO,2022-02-20T21:25:47,1880.86
2220,0001,SANTANDER,JULIA,DEPOSITO,2022-02-01T19:14:30,2075.35
1520,0002,SANTANDER,BRUNO,SAQUE,2022-01-25T15:13:56,1520.92
1044,0002,SANTANDER,BIA,DEPOSITO,2022-02-09T02:58:46,2543.84
9999,0007,SANTANDER,JULIA,SAQUE,2022-01-11T04:33:17,2686.55
3320,0002,SANTANDER,JULIA,DEPOSITO,2022-02-12T16:40:43,3398.46
1520,0007,SANTANDER,JOAO,DEPOSITO,2022-01-22T08:15:58,4191.15
2220,0004,SANTANDER,CARLOS,DEPOSITO,2022-02-14T18:10:14,2308.29
2220,0002,SANTANDER,BRUNO,SAQUE,2022-02-07T16:23:41,1225.77
2220,0007,SANTANDER,RAFAEL,DEPOSITO,2022-01-04T23:51:48,2547.69
9999,0007,SANTANDER,PAULA,DEPOSITO,2022-02-18T03:17:12,4830.98
1044,0004,SANTANDER,CARLOS,TRANSFERENCIA,2022-01-24T05:54:19,4704.80
9999,0004,SANTANDER,FELIPE,TRANSFERENCIA,2022-02-04T09:12:35,4242.36
2220,0007,SANTANDER,CARLOS,SAQUE,2022-01-24T07:18:05,2381.51
2220,0007,SANTANDER,RAFAEL,DEPOSITO,2022-01-28T07:41:31,126.09
3320,0001,SANTANDER,PAULA,DEPOSITO,2022-02-15T08:45:42,1774.10
1044,0007,SANTANDER,ANA,SAQUE,2022-01-29T22:30:04,442.25
1044,0007,SANTANDER,JULIA,TRANSFERENCIA,2022-01-21T04:35:02,297.92
9999,0001,SANTANDER,JOAO,TRANSFERENCIA,2022-01-05T12:22:45,2855.31
1044,0001,SANTANDER,BRUNO,DEPOSITO,2022-02-08T16:24:16,1785.98
9999,0002,SANTANDER,JULIA,TRANSFERENCIA,2022-01-29T04:55:30,3612.04
1044,0002,SANTANDER,RAFAEL,DEPOSITO,2022-02-11T00:53:03,1827.92
1044,0002,SANTANDER,JULIA,TRANSFERENCIA,2022-01-13T15:14:00,4707.49
2220,0001,SANTANDER,JOAO,SAQUE,2022-01-26T06:22:34,2332.61
9999,0001,SANTANDER,MARIA,SAQUE,2022-01-24T20:05:27,4074.85
9999,0004,SANTANDER,BRUNO,SAQUE,2022-01-08T15:18:04,3000.44
9999,0007,SANTANDER,ANA,SAQUE,2022-01-09T10:10:26,2738.55
1044,0002,SANTANDER,PAULA,DEPOSITO,2022-02-09T00:14:44,2132.50
1044,0004,SANTANDER,PAULA,DEPOSITO,2022-02-11T06:26:19,4616.66
9999,0007,SANTANDER,RAFAEL,DEPOSITO,2022-01-01T00:08:22,1404.04
2220,0007,SANTANDER,BRUNO,TRANSFERENCIA,2022-02-07T05:23:11,2738.25
3320,0001,SANTANDER,ANA,TRANSFERENCIA,2022-01-13T22:18:07,1844.93
1044,0004,SANTANDER,JOAO,TRANSFERENCIA,2022-01-07T13:59:02,1381.86
3320,0002,SANTANDER,JULIA,SAQUE,2022-01-18T12:33:01,2871.68
3320,0007,SANTANDER,BRUNO,DEPOSITO,2022-01-02T16:25:34,1578.41
2220,0002,SANTANDER,BIA,TRANSFERENCIA,2022-02-11T00:06:09,874.50
3320,0001,SANTANDER,CARLOS,SAQUE,2022-02-04T10:10:08,337.10
1520,0007,SANTANDER,BRUNO,SAQUE,2022-01-30T22:27:14,2423.28
2220,0002,SANTANDER,JULIA,TRANSFERENCIA,2022-02-27T08:37:08,4190.20
1044,0007,SANTANDER,RAFAEL,DEPOSITO,2022-01-17T06:40:30,1306.49
1044,0004,SANTANDER,FELIPE,SAQUE,2022-01-19T06:01:10,1637.24
1044,0004,SANTANDER,MARIA,SAQUE,2022-01-17T03:56:04,4581.70
3320,0007,SANTANDER,JULIA,DEPOSITO,2022-01-08T23:16:33,2686.82
2220,0007,SANTANDER,CARLOS,DEPOSITO,2022-02-16T12:18:16,1512.93
3320,0001,SANTANDER,JULIA,DEPOSITO,2022-01-08T09:55:11,2527.91
3320,0001,SANTANDER,FELIPE,DEPOSITO,2022-02-19T21:58:43,1870.07
1044,0007,SANTANDER,ANA,TRANSFERENCIA,2022-01-08T14:59:57,1746.96
9999,0004,SANTANDER,FELIPE,TRANSFERENCIA,2022-01-12T13:07:15,2445.31
9999,0004,SANTANDER,ANA,TRANSFERENCIA,2022-01-06T14:53:01,4044.42
9999,0004,SANTANDER,MARIA,SAQUE,2022-02-23T18:54:53,4896.05
1044,0004,SANTANDER,RAFAEL,SAQUE,2022-02-06T13:59:01,2304.12
9999,0002,SANTANDER,JULIA,TRANSFERENCIA,2022-01-20T22:55:44,4712.38
1520,0002,SANTANDER,CARLOS,TRANSFERENCIA,2022-02-25T12:42:57,459.41
1520,0001,SANTANDER,JULIA,TRANSFERENCIA,2022-01-07T07:31:56,4095.80
2220,0002,SANTANDER,CARLOS,SAQUE,2022-02-28T21:42:50,4910.17
3320,0004,SANTANDER,FELIPE,SAQUE,2022-02-05T22:06:18,2871.59
3320,0001,SANTANDER,BIA,TRANSFERENCIA,2022-01-10T20:45:23,867.77
9999,0004,SANTANDER,FELIPE,DEPOSITO,2022-01-19T18:10:11,1476.66
1520,0004,SANTANDER,BRUNO,SAQUE,2022-01-20T02:12:31,1248.04
1044,0004,SANTANDER,ANA,SAQUE,2022-01-06T05:46:05,4761.40
1044,0002,SANTANDER,JOAO,SAQUE,2022-01-06T17:12:52,4042.53
1044,0001,SANTANDER,PAULA,DEPOSITO,2022-02-21T17:34:11,440.67
1520,0001,SANTANDER,BIA,TRANSFERENCIA,2022-02-09T13:00:04,1803.45
9999,0004,SANTANDER,ANA,DEPOSITO,2022-02-14T07:59:53,2034.48
2220,0002,SANTANDER,CARLOS,DEPOSITO,2022-01-30T11:22:58,599.28
9999,0002,SANTANDER,BIA,TRANSFERENCIA,2022-01-10T13:00:36,707.65
9999,0004,SANTANDER,ANA,SAQUE,2022-01-06T08:20:14,2085.46
1520,0001,SANTANDER,JOAO,DEPOSITO,2022-01-11T03:49:56,4588.67
2220,0007,SANTANDER,BIA,SAQUE,2022-01-02T16:14:25,295.31
9999,0002,SANTANDER,FELIPE,TRANSFERENCIA,2022-01-25T06:40:44,670.85
1520,0007,SANTANDER,RAFAEL,SAQUE,2022-02-10T12:37:12,4121.31
3320,0002,SANTANDER,MARIA,TRANSFERENCIA,2022-02-18T11:16:12,1779.84
2220,0002,SANTANDER,BRUNO,TRANSFERENCIA,2022-02-25T04:39:22,3895.70
3320,0001,SANTANDER,RAFAEL,SAQUE,2022-01-27T07:27:09,2483.35
1520,0001,SANTANDER,JOAO,DEPOSITO,2022-02-25T05:10:27,1152.74
1044,0007,SANTANDER,FELIPE,SAQUE,2022-02-23T12:32:52,3136.86
1520,0002,SANTANDER,FELIPE,SAQUE,2022-01-03T23:04:59,234.09
2220,0004,SANTANDER,RAFAEL,DEPOSITO,2022-02-17T21:34:44,3675.35
1044,0002,SANTANDER,RAFAEL,DEPOSITO,2022-01-12T20:30:20,724.60
1044,0001,SANTANDER,CARLOS,DEPOSITO,2022-01-19T02:01:55,4504.94
1520,0004,SANTANDER,RAFAEL,TRANSFERENCIA,2022-01-03T05:45:08,3532.78
3320,0007,SANTANDER,JOAO,DEPOSITO,2022-01-05T06:20:09,1440.89
1520,0002,SANTANDER,FELIPE,DEPOSITO,2022-01-02T05:48:41,2093.13
1044,0004,SANTANDER,PAULA,DEPOSITO,2022-02-13T19:16:03,4773.14
2220,0004,SANTANDER,JOAO,TRANSFERENCIA,2022-02-26T06:30:00,117.45
1520,0004,SANTANDER,BRUNO,DEPOSITO,2022-01-26T04:52:39,1021.98
1520,0007,SANTANDER,ANA,TRANSFERENCIA,2022-02-04T09:51:23,2157.64
3320,0002,SANTANDER,RAFAEL,TRANSFERENCIA,2022-02-17T18:45:44,2654.68
9999,0007,SANTANDER,BRUNO,DEPOSITO,2022-02-11T07:38:42,3486.59
9999,0002,SANTANDER,MARIA,SAQUE,2022-02-07T19:15:28,3295.35
1520,0007,SANTANDER,FELIPE,SAQUE,2022-02-27T10:28:37,116.13
1520,0001,SANTANDER,JULIA,TRANSFERENCIA,2022-02-07T02:34:06,46.60
1044,0007,SANTANDER,BIA,DEPOSITO,2022-02-13T10:05:24,4512.85
1520,0001,SANTANDER,JULIA,TRANSFERENCIA,2022-01-02T14:51:31,1037.37
1520,0004,SANTANDER,RAFAEL,TRANSFERENCIA,2022-02-01T07:50:02,3649.53
9999,0002,SANTANDER,BIA,DEPOSITO,2022-01-30T21:47:04,368.02
1520,0004,SANTANDER,PAULA,TRANSFERENCIA,2022-01-05T15:20:04,4785.21
3320,0004,SANTANDER,PAULA,SAQUE,2022-02-24T10:44:43,1197.60
1044,0001,SANTANDER,BRUNO,DEPOSITO,2022-01-21T21:06:34,3198.38
9999,0004,SANTANDER,JULIA,SAQUE,2022-02-08T05:43:16,2467.63
9999,0004,SANTANDER,RAFAEL,TRANSFERENCIA,2022-02-09T05:24:59,4073.65
9999,0007,SANTANDER,ANA,DEPOSITO,2022-01-15T11:46:37,2965.41
3320,0004,SANTANDER,RAFAEL,TRANSFERENCIA,2022-01-19T00:24:44,4363.32
3320,0002,SANTANDER,RAFAEL,SAQUE,2022-01-11T18:08:35,2635.18
3320,0002,SANTANDER,ANA,SAQUE,2022-01-05T01:14:53,2184.51
9999,0004,SANTANDER,BRUNO,TRANSFERENCIA,2022-01-29T22:27:03,3407.86
2220,0007,SANTANDER,BRUNO,TRANSFERENCIA,2022-02-18T01:55:14,2512.41
9999,0007,SANTANDER,CARLOS,DEPOSITO,2022-02-23T13:28:13,1094.84
1044,0004,SANTANDER,BIA,DEPOSITO,2022-02-25T19:28:39,2375.24
3320,0001,SANTANDER,JULIA,DEPOSITO,2022-01-20T11:35:09,406.72
2220,0004,SANTANDER,ANA,TRANSFERENCIA,2022-02-02T00:22:48,2998.90
3320,0007,SANTANDER,CARLOS,TRANSFERENCIA,2022-02-14T09:42:43,4826.87
1520,0001,SANTANDER,CARLOS,TRANSFERENCIA,2022-02-07T10:54:47,3419.84
3320,0007,SANTANDER,PAULA,DEPOSITO,2022-01-12T16:19:12,4195.31
1520,0007,SANTANDER,BRUNO,DEPOSITO,2022-02-02T11:46:47,1120.87
9999,0007,SANTANDER,ANA,DEPOSITO,2022-01-07T23:38:08,3837.75
2220,0004,SANTANDER,MARIA,TRANSFERENCIA,2022-02-09T03:45:47,2203.56
9999,0007,SANTANDER,JULIA,TRANSFERENCIA,2022-01-01T18:29:34,4567.66
1520,0002,SANTANDER,ANA,TRANSFERENCIA,2022-02-18T23:08:36,4091.06
1520,0001,SANTANDER,BRUNO,SAQUE,2022-01-04T15:42:20,430.22
1044,0007,SANTANDER,FELIPE,SAQUE,2022-01-28T06:16:08,723.77
9999,0004,SANTANDER,RAFAEL,TRANSFERENCIA,2022-01-21T20:54:29,1527.24
9999,0002,SANTANDER,PAULA,DEPOSITO,2022-02-09T19:51:29,2766.93
9999,0004,SANTANDER,BRUNO,TRANSFERENCIA,2022-01-05T18:54:41,4774.63
9999,0001,SANTANDER,CARLOS,SAQUE,2022-01-20T19:18:38,983.48
1044,0001,SANTANDER,MARIA,DEPOSITO,2022-01-22T06:42:41,2193.73
3320,0004,SANTANDER,RAFAEL,DEPOSITO,2022-02-08T20:38:19,4933.84
2220,0001,SANTANDER,ANA,DEPOSITO,2022-01-26T08:40:27,1363.56
1520,0004,SANTANDER,JULIA,TRANSFERENCIA,2022-01-15T23:24:27,4462.59
1520,0007,SANTANDER,PAULA,DEPOSITO,2022-02-09T02:49:35,3165.33
3320,0007,SANTANDER,FELIPE,SAQUE,2022-02-02T07:22:55,3747.18
2220,0004,SANTANDER,BIA,TRANSFERENCIA,2022-01-07T02:43:21,536.32
3320,0004,SANTANDER,BRUNO,DEPOSITO,2022-01-15T21:49:47,4015.29
1044,0001,SANTANDER,FELIPE,SAQUE,2022-02-04T16:50:29,4849.28
3320,0002,SANTANDER,JOAO,TRANSFERENCIA,2022-02-18T06:23:27,2270.49
1044,0002,SANTANDER,MARIA,SAQUE,2022-02-07T12:05:29,912.78
1044,0002,SANTANDER,BIA,DEPOSITO,2022-02-08T14:37:35,2388.98
9999,0004,SANTANDER,CARLOS,TRANSFERENCIA,2022-02-08T09:24:16,13.64
9999,0001,SANTANDER,PAULA,DEPOSITO,2022-01-08T23:30:26,3331.85
9999,0001,SANTANDER,BIA,TRANSFERENCIA,2022-01-07T06:42:05,2280.97
1044,0004,SANTANDER,MARIA,SAQUE,2022-02-25T14:13:24,3388.25
1044,0004,SANTANDER,MARIA,DEPOSITO,2022-02-28T15:27:27,3903.98
1044,0002,SANTANDER,MARIA,DEPOSITO,2022-01-27T18:10:38,3099.94
3320,0002,SANTANDER,RAFAEL,TRANSFERENCIA,2022-02-02T15:44:18,3315.15
2220,0004,SANTANDER,PAULA,DEPOSITO,2022-02-12T04:09:45,1753.17
1044,0001,SANTANDER,PAULA,SAQUE,2022-02-05T02:41:36,1631.39
9999,0004,SANTANDER,JULIA,TRANSFERENCIA,2022-01-30T16:50:22,1114.05
2220,0007,SANTANDER,PAULA,SAQUE,2022-02-02T15:36:08,4299.26
9999,0002,SANTANDER,FELIPE,TRANSFERENCIA,2022-01-01T06:13:41,4150.51
1044,0001,SANTANDER,PAULA,DEPOSITO,2022-01-24T09:32:58,1492.99
1520,0004,SANTANDER,JULIA,DEPOSITO,2022-02-27T15:31:11,2319.60
1520,0001,SANTANDER,JOAO,SAQUE,2022-01-12T22:46:20,4748.78
1044,0007,SANTANDER,PAULA,SAQUE,2022-01-28T22:28:27,3073.19
1044,0002,SANTANDER,MARIA,TRANSFERENCIA,2022-01-26T11:28:16,3471.48
2220,0002,SANTANDER,FELIPE,DEPOSITO,2022-02-05T11:10:10,2342.02
9999,0004,SANTANDER,BRUNO,DEPOSITO,2022-01-11T02:01:00,1117.03
1044,0007,SANTANDER,CARLOS,SAQUE,2022-02-08T04:56:23,2670.30
1044,0007,SANTANDER,JULIA,TRANSFERENCIA,2022-01-31T11:50:42,759.09
3320,0004,SANTANDER,ANA,DEPOSITO,2022-02-23T15:51:20,89.25
9999,0004,SANTANDER,PAULA,TRANSFERENCIA,2022-02-28T00:59:08,1507.76
2220,0004,SANTANDER,RAFAEL,SAQUE,2022-02-09T16:32:10,2012.86
3320,0004,SANTANDER,MARIA,SAQUE,2022-02-09T20:38:17,839.05
3320,0004,SANTANDER,PAULA,SAQUE,2022-01-30T04:24:33,92.20
1520,0004,SANTANDER,BRUNO,TRANSFERENCIA,2022-02-13T03:57:57,3168.36
1520,0004,SANTANDER,PAULA,TRANSFERENCIA,2022-02-27T06:29:24,2446.21
3320,0004,SANTANDER,MARIA,TRANSFERENCIA,2022-02-03T21:55:36,3568.51
9999,0004,SANTANDER,JOAO,TRANSFERENCIA,2022-01-22T01:04:08,2497.07
1044,0004,SANTANDER,BRUNO,SAQUE,2022-01-12T21:49:16,2307.94
3320,0007,SANTANDER,MARIA,SAQUE,2022-01-08T13:21:51,2301.13
9999,0001,SANTANDER,JOAO,SAQUE,2022-02-12T13:22:53,3748.77
2220,0007,SANTANDER,BIA,TRANSFERENCIA,2022-01-27T04:28:14,2873.55
2220,0007,SANTANDER,BIA,SAQUE,2022-02-21T08:39:51,1563.69
1520,0007,SANTANDER,FELIPE,SAQUE,2022-02-05T10:53:48,2891.93
3320,0007,SANTANDER,PAULA,DEPOSITO,2022-01-25T06:30:40,1765.35
3320,0007,SANTANDER,PAULA,SAQUE,2022-02-05T17:32:08,4396.08
1044,0007,SANTANDER,JOAO,DEPOSITO,2022-01-06T14:40:02,2272.82
3320,0002,SANTANDER,CARLOS,SAQUE,2022-01-21T17:47:48,1153.19
1044,0001,SANTANDER,JULIA,TRANSFERENCIA,2022-01-01T17:00:48,372.98
3320,0001,SANTANDER,BIA,DEPOSITO,2022-01-31T02:05:24,825.68
1044,0002,SANTANDER,BRUNO,DEPOSITO,2022-01-22T20:19:30,1568.93
9999,0007,SANTANDER,PAULA,SAQUE,2022-01-27T00:33:19,2601.28
1520,0002,SANTANDER,JOAO,TRANSFERENCIA,2022-01-06T00:07:09,4570.95
3320,0004,SANTANDER,BRUNO,DEPOSITO,2022-02-24T10:34:18,4068.98
2220,0001,SANTANDER,RAFAEL,SAQUE,2022-02-03T06:33:39,908.19
2220,0002,SANTANDER,PAULA,TRANSFERENCIA,2022-01-26T16:08:06,3538.00
1520,0002,SANTANDER,RAFAEL,TRANSFERENCIA,2022-02-07T21:33:31,2146.39
9999,0001,SANTANDER,MARIA,SAQUE,2022-01-13T11:14:46,4784.61
3320,0001,SANTANDER,CARLOS,TRANSFERENCIA,2022-01-17T03:43:11,1612.03
3320,0007,SANTANDER,MARIA,SAQUE,2022-02-26T20:30:08,2446.67
9999,0002,SANTANDER,ANA,TRANSFERENCIA,2022-01-30T17:20:37,1972.18
1044,0007,SANTANDER,CARLOS,TRANSFERENCIA,2022-01-27T11:46:58,1888.33
1044,0002,SANTANDER,FELIPE,DEPOSITO,2022-01-31T18:43:23,1401.54
1520,0001,SANTANDER,RAFAEL,SAQUE,2022-02-21T16:24:12,3329.00
1044,0001,SANTANDER,JULIA,DEPOSITO,2022-02-13T16:54:53,938.71
1520,0004,SANTANDER,FELIPE,SAQUE,2022-01-21T00:11:43,2763.53
9999,0001,SANTANDER,BIA,SAQUE,2022-02-13T03:53:52,4187.67
2220,0004,SANTANDER,MARIA,TRANSFERENCIA,2022-01-28T03:11:06,4309.91
1520,0004,SANTANDER,BRUNO,TRANSFERENCIA,2022-01-14T01:35:31,829.90
1520,0004,SANTANDER,RAFAEL,SAQUE,2022-01-20T06:08:01,1215.43
1044,0001,SANTANDER,MARIA,SAQUE,2022-01-18T22:06:43,2215.14
9999,0002,SANTANDER,BRUNO,SAQUE,2022-01-19T23:46:10,9.10
2220,0007,SANTANDER,CARLOS,DEPOSITO,2022-02-16T21:14:57,232.00
9999,0001,SANTANDER,BRUNO,TRANSFERENCIA,2022-02-16T21:51:50,2178.02
9999,0002,SANTANDER,PAULA,DEPOSITO,2022-01-15T00:25:57,3702.57
1044,0001,SANTANDER,PAULA,DEPOSITO,2022-02-16T20:57:34,3445.53
1520,0007,SANTANDER,FELIPE,SAQUE,2022-02-18T10:43:31,737.26
1044,0007,SANTANDER,RAFAEL,SAQUE,2022-01-30T02:35:41,515.79
2220,0002,SANTANDER,JOAO,SAQUE,2022-01-16T17:06:12,1936.23
1044,0004,SANTANDER,BRUNO,DEPOSITO,2022-02-11T16:34:25,2336.87
1520,0001,SANTANDER,BRUNO,SAQUE,2022-02-01T08:24:52,3589.90
3320,0001,SANTANDER,BRUNO,DEPOSITO,2022-02-25T06:09:50,166.92
9999,0007,SANTANDER,JOAO,SAQUE,2022-01-29T23:14:50,654.31
1520,0007,SANTANDER,JOAO,SAQUE,2022-02-23T14:58:43,346.69
1044,0001,SANTANDER,JULIA,DEPOSITO,2022-02-22T21:32:38,711.87
2220,0007,SANTANDER,JOAO,DEPOSITO,2022-01-27T22:05:26,876.58
1044,0002,SANTANDER,MARIA,TRANSFERENCIA,2022-01-25T04:08:16,3188.44
2220,0002,SANTANDER,ANA,SAQUE,2022-02-08T23:37:50,3979.66
3320,0002,SANTANDER,MARIA,DEPOSITO,2022-02-25T11:25:39,3675.12
1520,0007,SANTANDER,ANA,DEPOSITO,2022-02-19T22:38:12,53.31
9999,0002,SANTANDER,JULIA,DEPOSITO,2022-02-22T22:29:34,1154.72
9999,0004,SANTANDER,JULIA,TRANSFERENCIA,2022-01-09T00:39:54,22.30
1044,0007,SANTANDER,JULIA,DEPOSITO,2022-01-09T04:48:30,2400.61
1044,0004,SANTANDER,BRUNO,TRANSFERENCIA,2022-01-22T03:12:46,3857.67
1044,0001,SANTANDER,JOAO,SAQUE,2022-01-08T21:52:46,1521.99
1520,0002,SANTANDER,RAFAEL,SAQUE,2022-01-19T09:19:48,434.82
1044,0004,SANTANDER,RAFAEL,TRANSFERENCIA,2022-02-26T14:16:15,3532.96
9999,0001,SANTANDER,JULIA,DEPOSITO,2022-02-28T12:51:15,2269.53
2220,0007,SANTANDER,MARIA,DEPOSITO,2022-01-03T14:30:30,962.04
1044,0007,SANTANDER,RAFAEL,DEPOSITO,2022-01-06T12:46:55,4466.37
1044,0001,SANTANDER,FELIPE,DEPOSITO,2022-02-07T02:05:37,25.06
1520,0007,SANTANDER,CARLOS,TRANSFERENCIA,2022-01-23T12:16:14,3804.07
9999,0004,SANTANDER,JULIA,SAQUE,2022-02-13T12:25:25,1926.54
1044,0001,SANTANDER,RAFAEL,DEPOSITO,2022-02-09T04:43:00,2288.07
2220,0001,SANTANDER,JOAO,DEPOSITO,2022-01-28T04:01:01,1122.98
1044,0007,SANTANDER,JULIA,SAQUE,2022-02-15T20:48:58,3801.76
1520,0002,SANTANDER,JULIA,SAQUE,2022-01-26T15:37:22,2901.14
2220,0007,SANTANDER,ANA,DEPOSITO,2022-01-26T15:13:40,4972.73
1044,0001,SANTANDER,JOAO,DEPOSITO,2022-02-22T16:55:15,1405.25
9999,0001,SANTANDER,BIA,DEPOSITO,2022-02-12T14:27:09,3627.08
3320,0001,SANTANDER,RAFAEL,SAQUE,2022-02-03T10:35:59,1935.70
1044,0004,SANTANDER,FELIPE,DEPOSITO,2022-01-05T23:55:14,2275.62
9999,0004,SANTANDER,BIA,TRANSFERENCIA,2022-01-30T00:28:40,4013.93
2220,0001,SANTANDER,MARIA,SAQUE,2022-01-05T23:21:46,2421.10
9999,0007,SANTANDER,BRUNO,DEPOSITO,2022-02-13T15:35:08,1810.92
1044,0007,SANTANDER,ANA,DEPOSITO,2022-01-15T13:11:40,2559.17
2220,0002,SANTANDER,FELIPE,DEPOSITO,2022-02-25T23:36:38,1051.23
9999,0004,SANTANDER,CARLOS,TRANSFERENCIA,2022-01-03T09:37:22,3791.30
9999,0001,SANTANDER,BIA,TRANSFERENCIA,2022-01-26T00:46:00,4783.23
2220,0004,SANTANDER,BRUNO,SAQUE,2022-02-12T02:59:52,1895.40
9999,0002,SANTANDER,BRUNO,SAQUE,2022-01-22T05:06:15,2597.50
2220,0007,SANTANDER,JOAO,TRANSFERENCIA,2022-02-12T23:56:13,4415.88
2220,0007,SANTANDER,BIA,DEPOSITO,2022-02-15T11:25:18,205.36
3320,0007,SANTANDER,FELIPE,DEPOSITO,2022-01-22T15:12:39,2485.52
9999,0002,SANTANDER,PAULA,SAQUE,2022-01-09T06:59:38,276.82
2220,0002,SANTANDER,ANA,SAQUE,2022-01-13T14:57:36,2769.94
2220,0002,SANTANDER,FELIPE,TRANSFERENCIA,2022-01-04T03:41:18,2034.93
3320,0004,SANTANDER,JULIA,SAQUE,2022-01-23T12:11:56,963.77
3320,0001,SANTANDER,FELIPE,SAQUE,2022-02-27T05:22:13,4645.44
1044,0004,SANTANDER,BRUNO,SAQUE,2022-02-08T22:42:49,4072.16
1520,0007,SANTANDER,BIA,DEPOSITO,2022-01-22T23:56:11,3400.57
1520,0007,SANTANDER,BIA,DEPOSITO,2022-01-13T16:07:17,954.46
2220,0007,SANTANDER,ANA,SAQUE,2022-02-28T03:16:18,1528.30
3320,0004,SANTANDER,JULIA,DEPOSITO,2022-01-05T17:09:12,166.00
2220,0004,SANTANDER,CARLOS,TRANSFERENCIA,2022-02-23T22:50:36,1682.32
9999,0007,SANTANDER,ANA,SAQUE,2022-01-11T08:28:29,583.12
9999,0001,SANTANDER,CARLOS,SAQUE,2022-02-05T03:46:38,1750.97
1044,0002,SANTANDER,RAFAEL,SAQUE,2022-02-01T10:56:10,1238.66
2220,0007,SANTANDER,CARLOS,SAQUE,2022-02-05T10:53:33,1665.77
1520,0007,SANTANDER,RAFAEL,DEPOSITO,2022-02-23T11:06:14,2650.64
2220,0007,SANTANDER,JOAO,TRANSFERENCIA,2022-01-18T12:25:25,211.17
9999,0002,SANTANDER,FELIPE,SAQUE,2022-01-25T04:27:36,4438.68
2220,0001,SANTANDER,MARIA,TRANSFERENCIA,2022-02-01T15:42:05,2801.35
2220,0002,SANTANDER,BIA,TRANSFERENCIA,2022-01-13T18:55:35,2700.19
2220,0007,SANTANDER,FELIPE,TRANSFERENCIA,2022-02-18T06:14:26,1015.71
1520,0004,SANTANDER,FELIPE,DEPOSITO,2022-02-25T02:06:01,1812.10
2220,0002,SANTANDER,BIA,SAQUE,2022-02-16T00:14:32,4578.65
9999,0007,SANTANDER,CARLOS,DEPOSITO,2022-01-12T03:37:55,2136.12
3320,0002,SANTANDER,FELIPE,TRANSFERENCIA,2022-02-24T01:13:24,2533.29
2220,0001,SANTANDER,JOAO,DEPOSITO,2022-01-08T15:06:24,3508.22
3320,0007,SANTANDER,CARLOS,DEPOSITO,2022-01-08T16:45:16,751.16
1520,0002,SANTANDER,FELIPE,TRANSFERENCIA,2022-01-01T08:27:00,412.26
2220,0004,SANTANDER,CARLOS,DEPOSITO,2022-01-27T08:51:10,335.05
1044,0007,SANTANDER,BIA,SAQUE,2022-01-07T14:48:10,278.71
1044,0007,SANTANDER,BRUNO,SAQUE,2022-02-15T06:56:53,1598.37
1520,0001,SANTANDER,ANA,SAQUE,2022-02-09T09:28:29,3405.05
9999,0007,SANTANDER,CARLOS,DEPOSITO,2022-01-17T14:00:59,4126.36
3320,0007,SANTANDER,JOAO,DEPOSITO,2022-02-21T21:36:02,4542.83
1044,0004,SANTANDER,RAFAEL,SAQUE,2022-01-20T13:54:33,67.97
1044,0007,SANTANDER,FELIPE,SAQUE,2022-02-23T22:09:15,1081.62
9999,0001,SANTANDER,BRUNO,SAQUE,2022-01-09T12:52:44,4322.28
1044,0007,SANTANDER,BIA,SAQUE,2022-01-23T05:53:17,673.78
2220,0001,SANTANDER,CARLOS,TRANSFERENCIA,2022-02-21T14:32:34,1711.86
1520,0007,SANTANDER,JOAO,SAQUE,2022-02-05T10:28:15,222.38
1520,0007,SANTANDER,PAULA,TRANSFERENCIA,2022-02-16T22:22:26,3346.88
1520,0002,SANTANDER,ANA,SAQUE,2022-02-25T11:35:31,654.35
1520,0002,SANTANDER,RAFAEL,TRANSFERENCIA,2022-02-04T06:09:26,632.51
3320,0002,SANTANDER,BIA,DEPOSITO,2022-01-01T08:44:24,4156.87
9999,0002,SANTANDER,PAULA,TRANSFERENCIA,2022-02-03T01:20:34,2528.10
9999,0001,SANTANDER,ANA,TRANSFERENCIA,2022-02-06T02:42:56,4572.51
1520,0001,SANTANDER,BRUNO,SAQUE,2022-02-28T16:15:22,3229.98
1520,0004,SANTANDER,BIA,SAQUE,2022-01-02T21:11:56,4520.28
2220,0004,SANTANDER,PAULA,DEPOSITO,2022-01-11T17:56:53,4974.60
1044,0002,SANTANDER,CARLOS,TRANSFERENCIA,2022-02-15T09:55:21,4133.80
9999,0007,SANTANDER,FELIPE,DEPOSITO,2022-01-13T15:35:18,1729.79
1520,0002,SANTANDER,MARIA,SAQUE,2022-01-30T03:56:03,3266.02
2220,0007,SANTANDER,JULIA,TRANSFERENCIA,2022-02-12T03:51:36,3541.69
2220,0007,SANTANDER,FELIPE,DEPOSITO,2022-01-29T20:12:58,957.16
1044,0002,SANTANDER,ANA,DEPOSITO,2022-02-14T21:33:46,2594.94
3320,0007,SANTANDER,ANA,DEPOSITO,2022-01-11T17:03:31,1688.45
2220,0004,SANTANDER,JULIA,TRANSFERENCIA,2022-01-05T04:13:19,4174.75
9999,0001,SANTANDER,JULIA,DEPOSITO,2022-02-21T20:10:21,3236.72
1044,0002,SANTANDER,CARLOS,DEPOSITO,2022-02-26T10:15:11,4320.86
1520,0001,SANTANDER,JOAO,TRANSFERENCIA,2022-01-28T20:56:45,48.41
1520,0007,SANTANDER,ANA,DEPOSITO,2022-01-23T03:24:19,2389.93
3320,0004,SANTANDER,FELIPE,DEPOSITO,2022-02-07T01:59:30,3472.92
3320,0002,SANTANDER,ANA,DEPOSITO,2022-02-27T15:53:08,769.79
1520,0002,SANTANDER,BRUNO,TRANSFERENCIA,2022-01-23T10:06:11,266.20
1520,0004,SANTANDER,JOAO,SAQUE,2022-02-02T05:49:13,742.39
3320,0001,SANTANDER,MARIA,DEPOSITO,2022-01-18T21:33:31,4098.14
2220,0004,SANTANDER,MARIA,DEPOSITO,2022-02-17T16:54:37,4800.05
1044,0007,SANTANDER,BIA,SAQUE,2022-01-02T02:51:22,3171.04
9999,0004,SANTANDER,FELIPE,TRANSFERENCIA,2022-01-22T15:06:05,1087.92
1044,0004,SANTANDER,PAULA,DEPOSITO,2022-01-16T21:10:41,790.42
9999,0002,SANTANDER,ANA,TRANSFERENCIA,2022-02-10T12:16:39,3422.28
2220,0007,SANTANDER,MARIA,DEPOSITO,2022-01-25T04:40:10,4315.36
1520,0002,SANTANDER,FELIPE,DEPOSITO,2022-01-16T21:02:33,3709.03
2220,0002,SANTANDER,BRUNO,DEPOSITO,2022-01-02T00:41:40,214.49
3320,0002,SANTANDER,BIA,TRANSFERENCIA,2022-01-02T13:02:52,2873.67
1520,0007,SANTANDER,CARLOS,DEPOSITO,2022-02-09T11:23:53,338.70
1044,0004,SANTANDER,FELIPE,DEPOSITO,2022-02-18T20:37:47,2444.96
1044,0004,SANTANDER,CARLOS,TRANSFERENCIA,2022-01-06T02:19:40,3572.28
1044,0002,SANTANDER,JULIA,SAQUE,2022-02-08T21:21:16,3096.60
9999,0002,SANTANDER,JOAO,TRANSFERENCIA,2022-02-12T00:39:19,2214.93
1044,0004,SANTANDER,BIA,SAQUE,2022-01-20T01:46:06,1529.58
3320,0007,SANTANDER,BIA,SAQUE,2022-01-27T21:52:05,1598.00
3320,0002,SANTANDER,ANA,SAQUE,2022-02-19T20:16:18,2344.58
3320,0004,SANTANDER,PAULA,SAQUE,2022-01-25T02:09:41,4136.35
9999,0001,SANTANDER,JULIA,SAQUE,2022-01-02T21:53:23,4671.33
3320,0004,SANTANDER,ANA,SAQUE,2022-01-21T05:07:16,253.32
3320,0007,SANTANDER,CARLOS,SAQUE,2022-01-18T08:25:56,763.48
2220,0004,SANTANDER,JOAO,TRANSFERENCIA,2022-02-25T08:19:43,2694.13
3320,0007,SANTANDER,FELIPE,SAQUE,2022-01-24T11:15:57,1151.53
1520,0004,SANTANDER,MARIA,DEPOSITO,2022-01-05T16:18:32,628.44
3320,0004,SANTANDER,MARIA,SAQUE,2022-02-17T07:53:45,3543.80
1044,0004,SANTANDER,ANA,TRANSFERENCIA,2022-02-18T09:57:12,271.64
9999,0004,SANTANDER,JOAO,DEPOSITO,2022-01-15T17:55:07,762.41
1044,0004,SANTANDER,BRUNO,DEPOSITO,2022-01-07T21:55:22,394.40
9999,0002,SANTANDER,ANA,DEPOSITO,2022-01-09T12:07:33,658.85
3320,0001,SANTANDER,PAULA,TRANSFERENCIA,2022-01-08T07:37:10,2932.33
3320,0004,SANTANDER,JOAO,DEPOSITO,2022-01-22T16:07:33,3646.40
1044,0004,SANTANDER,MARIA,TRANSFERENCIA,2022-02-15T16:13:08,551.27
2220,0004,SANTANDER,ANA,DEPOSITO,2022-01-12T18:35:40,4470.79
2220,0007,SANTANDER,JULIA,SAQUE,2022-02-19T23:52:35,3159.39
3320,0004,SANTANDER,BRUNO,SAQUE,2022-01-02T16:39:36,4199.64
2220,0001,SANTANDER,BRUNO,SAQUE,2022-01-08T05:26:33,3357.08
9999,0004,SANTANDER,BRUNO,SAQUE,2022-01-31T16:11:59,657.99
1520,0007,SANTANDER,BRUNO,SAQUE,2022-01-31T08:33:09,208.64
3320,0001,SANTANDER,ANA,TRANSFERENCIA,2022-02-24T14:26:00,3297.99
9999,0004,SANTANDER,BRUNO,TRANSFERENCIA,2022-02-13T05:50:23,2303.44
1520,0004,SANTANDER,JULIA,TRANSFERENCIA,2022-01-21T22:47:05,3463.96
2220,0001,SANTANDER,RAFAEL,SAQUE,2022-02-27T13:27:55,190.67
1520,0001,SANTANDER,CARLOS,DEPOSITO,2022-01-10T07:48:20,4248.05
3320,0002,SANTANDER,PAULA,TRANSFERENCIA,2022-02-20T22:02:43,2504.68
1520,0002,SANTANDER,JOAO,DEPOSITO,2022-02-07T22:29:17,3282.56
2220,0002,SANTANDER,RAFAEL,TRANSFERENCIA,2022-01-12T01:21:48,2038.75
9999,0007,SANTANDER,RAFAEL,TRANSFERENCIA,2022-02-04T04:57:06,443.89
1044,0007,SANTANDER,BIA,SAQUE,2022-02-04T00:45:52,3138.92
9999,0007,SANTANDER,ANA,DEPOSITO,2022-02-24T01:26:53,2681.98
3320,0007,SANTANDER,PAULA,SAQUE,2022-02-20T21:01:15,172.34
2220,0002,SANTANDER,PAULA,SAQUE,2022-01-01T04:08:31,3620.29
9999,0001,SANTANDER,CARLOS,DEPOSITO,2022-01-15T23:37:59,3161.74
2220,0002,SANTANDER,ANA,DEPOSITO,2022-01-28T10:46:49,89.70
9999,0002,SANTANDER,JOAO,TRANSFERENCIA,2022-01-22T13:10:10,249.53
2220,0007,SANTANDER,RAFAEL,TRANSFERENCIA,2022-02-26T16:47:28,3144.43
9999,0004,SANTANDER,MARIA,TRANSFERENCIA,2022-01-25T18:53:58,1734.05
1044,0002,SANTANDER,BRUNO,DEPOSITO,2022-01-08T17:05:13,1301.80
2220,0004,SANTANDER,BIA,SAQUE,2022-02-12T05:06:51,1895.21
9999,0007,SANTANDER,PAULA,DEPOSITO,2022-01-07T15:19:57,4342.12
1044,0007,SANTANDER,MARIA,SAQUE,2022-02-11T06:17:25,1522.31
2220,0001,SANTANDER,ANA,TRANSFERENCIA,2022-02-28T23:51:27,3978.23
2220,0002,SANTANDER,CARLOS,SAQUE,2022-01-09T16:19:42,2519.40
2220,0002,SANTANDER,BIA,SAQUE,2022-01-02T13:52:57,3599.08
3320,0004,SANTANDER,RAFAEL,DEPOSITO,2022-02-11T14:31:45,1657.05
3320,0002,SANTANDER,PAULA,TRANSFERENCIA,2022-02-16T07:03:56,2411.07
3320,0001,SANTANDER,JULIA,SAQUE,2022-02-06T18:02:04,2476.15
9999,0007,SANTANDER,MARIA,TRANSFERENCIA,2022-01-16T14:53:48,4198.41
1520,0004,SANTANDER,CARLOS,TRANSFERENCIA,2022-02-16T15:36:53,3366.82
1520,0001,SANTANDER,FELIPE,DEPOSITO,2022-01-06T14:09:51,693.34
1044,0004,SANTANDER,ANA,DEPOSITO,2022-01-03T07:23:59,3291.26
1044,0004,SANTANDER,BIA,SAQUE,2022-02-19T06:02:59,4967.65
1520,0002,SANTANDER,BIA,DEPOSITO,2022-02-08T23:28:23,3155.86
3320,0007,SANTANDER,FELIPE,DEPOSITO,2022-02-06T15:39:14,487.89
3320,0001,SANTANDER,JULIA,DEPOSITO,2022-01-25T03:35:03,2631.23
1520,0001,SANTANDER,JOAO,TRANSFERENCIA,2022-01-08T17:10:24,1455.96
1044,0002,SANTANDER,BIA,DEPOSITO,2022-01-22T22:40:38,4929.59
2220,0004,SANTANDER,MARIA,DEPOSITO,2022-02-25T03:51:34,2832.40
2220,0004,SANTANDER,CARLOS,DEPOSITO,2022-02-07T14:54:27,763.87
9999,0007,SANTANDER,JULIA,DEPOSITO,2022-01-10T16:29:42,2609.82
2220,0002,SANTANDER,FELIPE,DEPOSITO,2022-01-16T01:38:56,2262.26
1044,0007,SANTANDER,JOAO,SAQUE,2022-01-17T02:39:11,637.85
1520,0002,SANTANDER,JULIA,DEPOSITO,2022-01-04T18:46:01,1862.03
2220,0007,SANTANDER,MARIA,SAQUE,2022-02-04T21:31:21,394.98
1044,0001,SANTANDER,CARLOS,SAQUE,2022-02-20T03:43:30,4254.35
3320,0001,SANTANDER,ANA,SAQUE,2022-02-10T01:56:06,2013.33
1520,0001,SANTANDER,FELIPE,SAQUE,2022-02-26T05:26:06,636.32
9999,0004,SANTANDER,CARLOS,DEPOSITO,2022-01-04T06:23:58,2918.93
2220,0002,SANTANDER,BRUNO,SAQUE,2022-02-01T16:31:56,703.53
2220,0004,SANTANDER,RAFAEL,DEPOSITO,2022-01-30T09:26:58,1515.35
1520,0002,SANTANDER,FELIPE,DEPOSITO,2022-02-23T21:59:33,746.73
9999,0007,SANTANDER,JULIA,TRANSFERENCIA,2022-01-07T20:16:08,1222.34
2220,0002,SANTANDER,PAULA,SAQUE,2022-01-30T03:31:28,1835.59
3320,0001,SANTANDER,MARIA,TRANSFERENCIA,2022-01-04T01:33:16,3477.56
2220,0007,SANTANDER,BIA,SAQUE,2022-01-26T14:09:47,3940.14
9999,0002,SANTANDER,BIA,DEPOSITO,2022-01-01T14:54:56,1916.79
1520,0004,SANTANDER,PAULA,SAQUE,2022-02-18T16:15:17,2839.74
1520,0001,SANTANDER,BIA,TRANSFERENCIA,2022-01-13T03:43:28,3668.45
2220,0002,SANTANDER,CARLOS,TRANSFERENCIA,2022-02-17T04:55:57,2046.63
9999,0002,SANTANDER,CARLOS,SAQUE,2022-01-05T09:28:42,1103.00
1520,0004,SANTANDER,MARIA,SAQUE,2022-01-07T18:33:13,2578.83
1520,0001,SANTANDER,CARLOS,SAQUE,2022-02-03T04:27:56,4608.23
3320,0002,SANTANDER,ANA,TRANSFERENCIA,2022-01-12T05:56:11,2225.23
9999,0001,SANTANDER,CARLOS,DEPOSITO,2022-02-13T17:35:30,193.72
1044,0007,SANTANDER,JOAO,TRANSFERENCIA,2022-01-27T16:32:28,3962.13
2220,0007,SANTANDER,MARIA,DEPOSITO,2022-02-18T20:50:26,2294.40
3320,0001,SANTANDER,JOAO,SAQUE,2022-01-11T03:39:27,1314.12
1044,0007,SANTANDER,CARLOS,DEPOSITO,2022-02-16T00:02:13,626.59
3320,0007,SANTANDER,ANA,TRANSFERENCIA,2022-02-15T20:45:49,2998.62
1520,0007,SANTANDER,CARLOS,SAQUE,2022-01-22T14:25:32,1074.76
2220,0004,SANTANDER,CARLOS,TRANSFERENCIA,2022-02-26T08:57:10,3067.57
9999,0007,SANTANDER,JOAO,TRANSFERENCIA,2022-01-23T07:10:15,1235.41
1520,0002,SANTANDER,BRUNO,TRANSFERENCIA,2022-01-29T01:15:25,445.72
2220,0004,SANTANDER,MARIA,SAQUE,2022-02-07T09:50:00,85.59
3320,0007,SANTANDER,PAULA,DEPOSITO,2022-01-23T16:39:36,4701.58
9999,0001,SANTANDER,ANA,DEPOSITO,2022-02-08T12:05:32,1207.94
1520,0001,SANTANDER,JOAO,TRANSFERENCIA,2022-02-28T12:04:05,2030.83
1044,0004,SANTANDER,BRUNO,SAQUE,2022-01-17T02:12:38,1611.27
2220,0001,SANTANDER,BRUNO,DEPOSITO,2022-01-03T01:40:31,308.10
2220,0004,SANTANDER,RAFAEL,DEPOSITO,2022-02-15T00:55:00,2997.64
9999,0007,SANTANDER,BIA,TRANSFERENCIA,2022-02-27T08:59:40,1358.85
1044,0001,SANTANDER,PAULA,SAQUE,2022-01-24T22:17:05,2027.03
1520,0001,SANTANDER,JOAO,DEPOSITO,2022-02-15T11:45:59,20.64
1520,0007,SANTANDER,PAULA,SAQUE,2022-02-16T15:34:47,1566.68
1044,0002,SANTANDER,JULIA,SAQUE,2022-02-13T02:56:50,2639.50
1520,0001,SANTANDER,PAULA,SAQUE,2022-02-25T16:53:53,3517.72
2220,0001,SANTANDER,JOAO,DEPOSITO,2022-01-03T07:03:09,851.94
1520,0004,SANTANDER,CARLOS,DEPOSITO,2022-01-09T08:41:59,4724.12
1044,0004,SANTANDER,BIA,DEPOSITO,2022-02-13T11:18:26,1397.30
3320,0002,SANTANDER,RAFAEL,DEPOSITO,2022-02-24T19:43:02,3652.33
1044,0004,SANTANDER,FELIPE,SAQUE,2022-02-25T02:28:48,4928.21
2220,0001,SANTANDER,JULIA,TRANSFERENCIA,2022-01-23T17:34:54,1801.61
1520,0001,SANTANDER,CARLOS,TRANSFERENCIA,2022-02-26T20:42:07,2918.45
2220,0007,SANTANDER,ANA,SAQUE,2022-02-07T11:15:04,3588.45
9999,0007,SANTANDER,PAULA,SAQUE,2022-01-11T01:47:29,4972.25
3320,0004,SANTANDER,BRUNO,TRANSFERENCIA,2022-01-16T00:38:27,1365.96
2220,0002,SANTANDER,JULIA,TRANSFERENCIA,2022-02-24T09:15:41,4113.59
9999,0007,SANTANDER,ANA,TRANSFERENCIA,2022-01-24T15:37:56,4178.13
3320,0007,SANTANDER,BRUNO,TRANSFERENCIA,2022-02-14T00:06:50,3319.24
1044,0001,SANTANDER,JULIA,DEPOSITO,2022-02-25T23:21:30,1004.59
1520,0007,SANTANDER,BIA,DEPOSITO,2022-02-12T18:00:58,4686.19
2220,0001,SANTANDER,ANA,DEPOSITO,2022-02-24T07:03:55,3205.78
2220,0002,SANTANDER,ANA,DEPOSITO,2022-02-28T23:38:08,627.35
1520,0007,SANTANDER,FELIPE,DEPOSITO,2022-01-03T09:05:00,1966.61
9999,0002,SANTANDER,ANA,DEPOSITO,2022-02-08T04:05:38,1512.00
3320,0007,SANTANDER,JOAO,SAQUE,2022-01-29T17:39:41,3313.45
1044,0004,SANTANDER,PAULA,SAQUE,2022-01-23T09:44:53,2996.90
3320,0004,SANTANDER,FELIPE,DEPOSITO,2022-01-10T14:49:04,3621.77
2220,0007,SANTANDER,BIA,SAQUE,2022-02-05T03:47:28,1611.45
9999,0001,SANTANDER,ANA,SAQUE,2022-01-17T20:35:52,1947.76
1520,0001,SANTANDER,JOAO,TRANSFERENCIA,2022-01-08T18:53:22,3919.07
1520,0001,SANTANDER,MARIA,DEPOSITO,2022-02-11T04:18:00,369.92
1520,0007,SANTANDER,JULIA,TRANSFERENCIA,2022-01-26T01:00:15,3939.12
9999,0001,SANTANDER,FELIPE,SAQUE,2022-01-23T10:14:28,7.04
9999,0002,SANTANDER,JULIA,TRANSFERENCIA,2022-01-30T09:56:13,3330.38
2220,0001,SANTANDER,RAFAEL,DEPOSITO,2022-02-16T09:59:12,640.16
3320,0001,SANTANDER,JOAO,DEPOSITO,2022-01-26T11:26:05,2646.60
2220,0007,SANTANDER,JULIA,TRANSFERENCIA,2022-02-10T01:38:30,4280.54
1044,0004,SANTANDER,BRUNO,SAQUE,2022-02-28T19:52:08,693.38
1520,0002,SANTANDER,FELIPE,SAQUE,2022-02-09T20:54:31,1067.40
1520,0007,SANTANDER,CARLOS,SAQUE,2022-02-16T16:05:38,1922.65
3320,0001,SANTANDER,FELIPE,SAQUE,2022-02-10T03:25:53,1309.73
1520,0007,SANTANDER,BIA,SAQUE,2022-02-11T02:58:03,2534.21
1044,0001,SANTANDER,BRUNO,DEPOSITO,2022-02-12T04:33:51,1370.30
3320,0002,SANTANDER,JULIA,TRANSFERENCIA,2022-01-07T13:47:54,3565.37
3320,0002,SANTANDER,ANA,SAQUE,2022-02-21T19:31:07,746.78
2220,0007,SANTANDER,MARIA,SAQUE,2022-02-06T22:42:33,4440.43
3320,0007,SANTANDER,BIA,DEPOSITO,2022-02-28T17:47:00,4228.73
9999,0004,SANTANDER,FELIPE,SAQUE,2022-01-31T09:23:33,925.86
9999,0007,SANTANDER,CARLOS,DEPOSITO,2022-01-30T06:02:39,3419.29
1044,0002,SANTANDER,BRUNO,TRANSFERENCIA,2022-02-22T15:15:04,2175.60
1520,0001,SANTANDER,MARIA,DEPOSITO,2022-01-22T14:36:32,1104.71
2220,0004,SANTANDER,JOAO,TRANSFERENCIA,2022-02-20T11:04:32,123.58
9999,0007,SANTANDER,PAULA,SAQUE,2022-02-02T10:08:42,1587.00
1044,0001,SANTANDER,BRUNO,TRANSFERENCIA,2022-01-17T04:54:14,3900.21
9999,0007,SANTANDER,BIA,SAQUE,2022-01-17T16:09:39,4611.55
9999,0001,SANTANDER,FELIPE,SAQUE,2022-01-26T20:51:56,4772.69
3320,0007,SANTANDER,FELIPE,SAQUE,2022-02-10T01:05:34,893.71
2220,0007,SANTANDER,JOAO,SAQUE,2022-01-15T03:37:54,952.12
9999,0004,SANTANDER,MARIA,TRANSFERENCIA,2022-01-01T15:38:36,876.87
1044,0004,SANTANDER,BIA,TRANSFERENCIA,2022-02-25T03:00:32,4756.99
2220,0002,SANTANDER,PAULA,TRANSFERENCIA,2022-01-19T23:42:01,3008.62
1044,0007,SANTANDER,BIA,DEPOSITO,2022-02-03T14:50:11,338.17
3320,0004,SANTANDER,PAULA,DEPOSITO,2022-01-09T06:51:10,368.38
2220,0002,SANTANDER,BRUNO,DEPOSITO,2022-01-02T03:36:40,1092.87
9999,0007,SANTANDER,FELIPE,DEPOSITO,2022-02-08T03:37:40,4789.25
2220,0007,SANTANDER,MARIA,SAQUE,2022-01-16T13:33:20,1824.47
9999,0004,SANTANDER,FELIPE,SAQUE,2022-01-21T04:39:42,154.12
1520,0001,SANTANDER,ANA,DEPOSITO,2022-01-25T04:46:56,161.33
9999,0002,SANTANDER,BIA,SAQUE,2022-01-25T12:56:28,4971.14
9999,0002,SANTANDER,RAFAEL,DEPOSITO,2022-01-22T16:01:39,4807.78
3320,0001,SANTANDER,JOAO,DEPOSITO,2022-02-20T15:39:17,2624.30
1520,0002,SANTANDER,PAULA,SAQUE,2022-02-11T10:25:15,4907.97
1044,0004,SANTANDER,FELIPE,SAQUE,2022-01-01T06:13:12,2360.21
1520,0001,SANTANDER,BIA,DEPOSITO,2022-01-03T04:26:32,2752.52
3320,0007,SANTANDER,CARLOS,TRANSFERENCIA,2022-01-07T17:36:29,2184.83
3320,0007,SANTANDER,BIA,TRANSFERENCIA,2022-02-11T17:41:51,3810.40
3320,0007,SANTANDER,ANA,SAQUE,2022-01-16T05:51:36,3123.90
1044,0004,SANTANDER,ANA,SAQUE,2022-01-02T21:24:05,92.58
1044,0001,SANTANDER,JOAO,TRANSFERENCIA,2022-01-12T03:33:28,3092.60
9999,0004,SANTANDER,FELIPE,SAQUE,2022-02-11T16:16:54,4385.69
3320,0001,SANTANDER,JOAO,SAQUE,2022-02-10T14:48:23,54.67
2220,0002,SANTANDER,FELIPE,SAQUE,2022-02-01T06:52:14,192.39
9999,0002,SANTANDER,JOAO,TRANSFERENCIA,2022-01-19T11:39:56,3348.66
3320,0004,SANTANDER,JULIA,DEPOSITO,2022-02-02T03:02:20,4034.59
9999,0001,SANTANDER,BRUNO,TRANSFERENCIA,2022-01-14T17:49:32,4247.25
9999,0001,SANTANDER,BIA,SAQUE,2022-02-10T08:17:06,3547.61
3320,0001,SANTANDER,BRUNO,DEPOSITO,2022-02-07T10:17:46,4180.91
2220,0004,SANTANDER,JOAO,SAQUE,2022-01-21T00:48:36,4290.78
1044,0004,SANTANDER,CARLOS,DEPOSITO,2022-01-07T05:46:39,4714.39
2220,0001,SANTANDER,BRUNO,DEPOSITO,2022-01-26T14:56:20,2901.84
1520,0001,SANTANDER,RAFAEL,DEPOSITO,2022-01-29T04:05:53,3944.11
1044,0001,SANTANDER,MARIA,DEPOSITO,2022-01-10T05:19:40,2449.52
1044,0002,SANTANDER,BIA,DEPOSITO,2022-01-17T12:01:37,2579.11
9999,0002,SANTANDER,CARLOS,SAQUE,2022-01-12T13:19:32,1793.97
1044,0001,SANTANDER,BIA,DEPOSITO,2022-02-25T15:31:34,4891.15
2220,0001,SANTANDER,JULIA,SAQUE,2022-02-02T00:42:49,4182.45
1044,0004,SANTANDER,FELIPE,TRANSFERENCIA,2022-01-24T17:49:29,3481.87
3320,0001,SANTANDER,ANA,TRANSFERENCIA,2022-02-23T05:30:38,966.34
2220,0007,SANTANDER,CARLOS,SAQUE,2022-02-03T23:11:22,4606.25
1520,0004,SANTANDER,PAULA,DEPOSITO,2022-01-17T22:16:50,4692.16
3320,0004,SANTANDER,JOAO,SAQUE,2022-01-09T10:35:02,579.94
1044,0002,SANTANDER,ANA,DEPOSITO,2022-02-19T04:19:45,3429.43
3320,0007,SANTANDER,PAULA,TRANSFERENCIA,2022-02-22T17:58:32,2761.26
3320,0007,SANTANDER,JOAO,SAQUE,2022-01-09T00:08:11,4915.89
1044,0001,SANTANDER,JULIA,SAQUE,2022-01-25T17:33:25,4542.47
1044,0001,SANTANDER,BIA,DEPOSITO,2022-01-12T10:20:15,4184.01
2220,0001,SANTANDER,CARLOS,SAQUE,2022-01-18T06:58:54,3046.15
3320,0004,SANTANDER,ANA,TRANSFERENCIA,2022-01-29T15:26:18,3304.09
1044,0002,SANTANDER,JOAO,DEPOSITO,2022-02-04T05:40:28,2818.09
2220,0004,SANTANDER,PAULA,DEPOSITO,2022-02-28T05:07:58,3036.73
1520,0001,SANTANDER,JULIA,DEPOSITO,2022-02-27T12:25:30,3987.61
3320,0001,SANTANDER,CARLOS,DEPOSITO,2022-02-15T09:54:13,2058.97
3320,0007,SANTANDER,CARLOS,DEPOSITO,2022-01-11T02:31:25,439.73
2220,0001,SANTANDER,RAFAEL,TRANSFERENCIA,2022-02-04T15:02:35,4839.93
9999,0007,SANTANDER,JOAO,SAQUE,2022-02-03T20:22:04,3296.83
3320,0002,SANTANDER,MARIA,SAQUE,2022-01-20T13:20:12,1895.20
9999,0007,SANTANDER,JOAO,SAQUE,2022-02-19T21:44:54,979.59
2220,0007,SANTANDER,MARIA,SAQUE,2022-02-19T06:45:50,3178.46
9999,0002,SANTANDER,JOAO,TRANSFERENCIA,2022-02-18T03:23:44,1404.54
1520,0001,SANTANDER,JULIA,TRANSFERENCIA,2022-02-25T13:25:38,3021.89
2220,0002,SANTANDER,PAULA,SAQUE,2022-02-01T21:08:01,3479.96
1520,0002,SANTANDER,JULIA,TRANSFERENCIA,2022-02-17T03:52:46,3741.09
9999,0004,SANTANDER,FELIPE,TRANSFERENCIA,2022-02-05T11:39:55,3669.67
9999,0007,SANTANDER,RAFAEL,TRANSFERENCIA,2022-01-11T04:27:57,2730.94
1044,0002,SANTANDER,BIA,DEPOSITO,2022-02-08T10:34:25,3483.69
1520,0001,SANTANDER,JOAO,DEPOSITO,2022-01-24T00:44:37,2482.71
1044,0004,SANTANDER,CARLOS,DEPOSITO,2022-02-14T21:49:50,3420.27
1044,0004,SANTANDER,CARLOS,SAQUE,2022-01-05T04:41:52,2260.05
9999,0002,SANTANDER,BRUNO,SAQUE,2022-02-07T10:30:58,3201.61
1044,0004,SANTANDER,JULIA,DEPOSITO,2022-02-13T21:03:38,4151.89
9999,0001,SANTANDER,BRUNO,SAQUE,2022-01-26T03:46:58,1248.18
9999,0002,SANTANDER,BIA,TRANSFERENCIA,2022-02-01T23:32:02,4774.07
9999,0001,SANTANDER,PAULA,TRANSFERENCIA,2022-02-25T13:33:34,4830.67
1044,0004,SANTANDER,PAULA,TRANSFERENCIA,2022-01-22T15:33:13,4609.74
2220,0004,SANTANDER,BRUNO,TRANSFERENCIA,2022-02-23T14:38:07,361.14
2220,0004,SANTANDER,JULIA,DEPOSITO,2022-01-04T18:44:39,2444.54
3320,0001,SANTANDER,PAULA,TRANSFERENCIA,2022-01-10T12:02:03,4032.05
2220,0007,SANTANDER,BRUNO,SAQUE,2022-01-19T18:26:01,1582.20
1520,0001,SANTANDER,PAULA,TRANSFERENCIA,2022-02-21T21:42:42,1090.34
9999,0002,SANTANDER,FELIPE,SAQUE,2022-01-20T03:54:30,3577.77
9999,0004,SANTANDER,CARLOS,SAQUE,2022-01-23T22:36:37,4521.05
2220,0004,SANTANDER,FELIPE,TRANSFERENCIA,2022-02-02T08:01:03,3410.91
1520,0002,SANTANDER,JULIA,SAQUE,2022-01-14T10:07:59,4648.55
2220,0004,SANTANDER,JULIA,SAQUE,2022-02-14T12:37:01,1190.23
1044,0001,SANTANDER,CARLOS,TRANSFERENCIA,2022-02-13T17:43:06,780.22
9999,0001,SANTANDER,JULIA,SAQUE,2022-01-13T10:09:57,1229.09
2220,0007,SANTANDER,MARIA,DEPOSITO,2022-02-11T03:42:50,3961.26
1044,0001,SANTANDER,BIA,SAQUE,2022-02-04T15:43:06,1570.50
1044,0007,SANTANDER,JOAO,SAQUE,2022-01-04T13:37:43,205.73
1520,0007,SANTANDER,CARLOS,SAQUE,2022-01-19T21:21:40,2091.07
1044,0004,SANTANDER,ANA,TRANSFERENCIA,2022-01-27T14:41:13,3996.80
2220,0001,SANTANDER,FELIPE,SAQUE,2022-02-23T11:57:06,2819.03
9999,0001,SANTANDER,FELIPE,DEPOSITO,2022-01-02T09:14:58,4213.85
1044,0001,SANTANDER,PAULA,TRANSFERENCIA,2022-02-09T08:14:01,517.74
3320,0002,SANTANDER,FELIPE,TRANSFERENCIA,2022-01-23T23:54:46,3281.42
1520,0004,SANTANDER,BRUNO,DEPOSITO,2022-01-28T12:05:53,2096.81
1044,0002,SANTANDER,JOAO,DEPOSITO,2022-02-06T00:26:32,1849.21
1044,0004,SANTANDER,JOAO,SAQUE,2022-02-09T14:27:08,1062.02
1044,0007,SANTANDER,JOAO,DEPOSITO,2022-02-18T09:24:01,2436.96
9999,0004,SANTANDER,JULIA,SAQUE,2022-01-14T06:59:47,2441.30
3320,0001,SANTANDER,CARLOS,TRANSFERENCIA,2022-02-09T21:50:20,177.79
9999,0002,SANTANDER,JULIA,DEPOSITO,2022-02-24T21:51:44,1885.77
3320,0007,SANTANDER,BIA,SAQUE,2022-01-18T20:08:57,4734.78
3320,0002,SANTANDER,JOAO,TRANSFERENCIA,2022-02-13T02:52:50,1873.25
1044,0001,SANTANDER,BRUNO,SAQUE,2022-02-14T11:00:40,3866.52
1520,0007,SANTANDER,PAULA,SAQUE,2022-01-07T12:26:09,4780.97
1520,0002,SANTANDER,JOAO,SAQUE,2022-01-21T02:49:33,2920.51
3320,0004,SANTANDER,CARLOS,TRANSFERENCIA,2022-01-04T05:16:44,2286.02
9999,0007,SANTANDER,FELIPE,SAQUE,2022-02-07T03:02:21,912.43
1520,0002,SANTANDER,JULIA,TRANSFERENCIA,2022-01-23T10:45:37,2941.24
1520,0002,SANTANDER,BIA,DEPOSITO,2022-01-15T05:50:58,563.26
1044,0002,SANTANDER,JOAO,DEPOSITO,2022-01-09T06:09:24,798.92
2220,0001,SANTANDER,JOAO,TRANSFERENCIA,2022-01-13T05:25:21,4422.42
9999,0002,SANTANDER,PAULA,DEPOSITO,2022-01-28T03:48:50,909.97
1520,0004,SANTANDER,CARLOS,TRANSFERENCIA,2022-02-24T08:06:06,1621.43
9999,0007,SANTANDER,FELIPE,TRANSFERENCIA,2022-01-15T02:33:28,311.64
3320,0002,SANTANDER,FELIPE,TRANSFERENCIA,2022-02-20T08:18:58,4153.14
1520,0001,SANTANDER,FELIPE,DEPOSITO,2022-02-26T00:19:28,2767.48
1044,0004,SANTANDER,BRUNO,TRANSFERENCIA,2022-02-10T16:32:30,1829.01
9999,0004,SANTANDER,FELIPE,TRANSFERENCIA,2022-01-27T06:53:50,2455.86
1520,0007,SANTANDER,JOAO,TRANSFERENCIA,2022-02-11T10:01:10,4430.70
1044,0007,SANTANDER,FELIPE,TRANSFERENCIA,2022-01-25T23:00:56,4584.16
1044,0002,SANTANDER,ANA,DEPOSITO,2022-01-22T02:51:20,2265.79
2220,0004,SANTANDER,PAULA,DEPOSITO,2022-02-23T03:39:45,4530.79
1044,0001,SANTANDER,PAULA,SAQUE,2022-02-28T20:04:21,1363.65
1044,0007,SANTANDER,PAULA,DEPOSITO,2022-01-06T03:10:02,4970.04
1520,0002,SANTANDER,BIA,TRANSFERENCIA,2022-02-18T13:22:17,3033.71
3320,0004,SANTANDER,FELIPE,DEPOSITO,2022-02-20T17:24:10,307.42
9999,0002,SANTANDER,RAFAEL,SAQUE,2022-02-08T22:31:22,3435.40
1520,0007,SANTANDER,CARLOS,SAQUE,2022-02-12T11:33:28,135.20
1044,0002,SANTANDER,PAULA,SAQUE,2022-02-20T02:14:28,4707.59
1520,0004,SANTANDER,BRUNO,TRANSFERENCIA,2022-02-08T14:58:27,2714.20
1520,0002,SANTANDER,MARIA,TRANSFERENCIA,2022-02-08T23:22:29,1890.62
2220,0004,SANTANDER,MARIA,SAQUE,2022-02-15T06:21:10,2913.58
3320,0001,SANTANDER,FELIPE,DEPOSITO,2022-01-13T23:09:42,2783.67
1044,0002,SANTANDER,ANA,TRANSFERENCIA,2022-01-27T05:16:41,416.95
2220,0001,SANTANDER,MARIA,TRANSFERENCIA,2022-02-28T15:15:34,428.91
9999,0004,SANTANDER,RAFAEL,SAQUE,2022-02-20T17:02:45,2200.52
1520,0007,SANTANDER,JOAO,TRANSFERENCIA,2022-02-19T22:43:25,3897.44
2220,0007,SANTANDER,MARIA,DEPOSITO,2022-01-17T13:24:37,198.01
2220,0001,SANTANDER,JOAO,DEPOSITO,2022-01-28T16:38:18,292.02
3320,0002,SANTANDER,BRUNO,TRANSFERENCIA,2022-02-26T05:07:25,1865.58
2220,0007,SANTANDER,PAULA,TRANSFERENCIA,2022-01-15T17:24:28,3240.94
1044,0007,SANTANDER,MARIA,TRANSFERENCIA,2022-01-06T05:09:00,1638.29
1520,0001,SANTANDER,JOAO,TRANSFERENCIA,2022-01-01T01:10:26,257.16
2220,0001,SANTANDER,MARIA,DEPOSITO,2022-02-23T21:52:00,3684.81
1520,0002,SANTANDER,JOAO,DEPOSITO,2022-01-05T16:00:00,743.84
1044,0007,SANTANDER,FELIPE,TRANSFERENCIA,2022-01-23T07:06:29,3516.94
9999,0002,SANTANDER,JOAO,SAQUE,2022-01-02T03:51:27,4948.80
3320,0007,SANTANDER,ANA,TRANSFERENCIA,2022-02-28T13:11:57,2367.38
2220,0004,SANTANDER,JULIA,TRANSFERENCIA,2022-02-10T23:56:21,1607.13
2220,0004,SANTANDER,CARLOS,SAQUE,2022-02-03T15:31:00,757.59
9999,0004,SANTANDER,FELIPE,SAQUE,2022-01-28T07:25:53,417.82
1044,0001,SANTANDER,ANA,TRANSFERENCIA,2022-01-21T12:06:23,2204.60
1520,0004,SANTANDER,MARIA,SAQUE,2022-01-24T03:24:30,2293.47
9999,0002,SANTANDER,PAULA,DEPOSITO,2022-02-08T09:30:40,3708.05
9999,0007,SANTANDER,BRUNO,TRANSFERENCIA,2022-01-12T04:27:50,3717.97
2220,0001,SANTANDER,RAFAEL,DEPOSITO,2022-02-03T08:25:29,2482.53
1520,0007,SANTANDER,CARLOS,TRANSFERENCIA,2022-01-05T12:10:53,3999.89
9999,0004,SANTANDER,BIA,TRANSFERENCIA,2022-02-07T23:03:43,2581.54
1520,0004,SANTANDER,CARLOS,TRANSFERENCIA,2022-01-04T09:13:47,2578.02
3320,0004,SANTANDER,RAFAEL,DEPOSITO,2022-01-17T14:15:42,1416.92
1520,0004,SANTANDER,PAULA,DEPOSITO,2022-01-26T18:44:14,1654.17
9999,0007,SANTANDER,JULIA,SAQUE,2022-01-26T02:12:07,1870.05
3320,0004,SANTANDER,FELIPE,DEPOSITO,2022-02-27T09:30:30,547.29
1520,0001,SANTANDER,JOAO,TRANSFERENCIA,2022-02-20T07:12:34,1860.35
1520,0004,SANTANDER,BRUNO,TRANSFERENCIA,2022-02-11T04:40:09,4485.44
9999,0004,SANTANDER,BIA,SAQUE,2022-01-17T02:40:46,382.79
1044,0007,SANTANDER,MARIA,TRANSFERENCIA,2022-01-21T08:30:26,262.52
2220,0002,SANTANDER,CARLOS,TRANSFERENCIA,2022-02-21T15:21:16,42.56
1520,0002,SANTANDER,FELIPE,TRANSFERENCIA,2022-02-10T15:23:16,1324.22
1044,0007,SANTANDER,FELIPE,SAQUE,2022-02-02T12:28:54,4257.96
1044,0002,SANTANDER,BIA,TRANSFERENCIA,2022-02-17T00:25:48,4607.02
9999,0001,SANTANDER,BIA,SAQUE,2022-01-07T05:41:05,4269.47
1044,0007,SANTANDER,CARLOS,TRANSFERENCIA,2022-02-22T09:54:02,1400.92
1044,0007,SANTANDER,JOAO,DEPOSITO,2022-01-17T22:37:33,2919.79
2220,0001,SANTANDER,PAULA,TRANSFERENCIA,2022-02-23T04:06:05,4594.34
2220,0002,SANTANDER,MARIA,DEPOSITO,2022-02-11T17:27:36,393.53
3320,0007,SANTANDER,ANA,TRANSFERENCIA,2022-01-05T14:29:41,4043.55
1044,0002,SANTANDER,BIA,SAQUE,2022-02-11T03:34:47,2230.63
2220,0007,SANTANDER,BIA,TRANSFERENCIA,2022-02-20T22:43:29,2305.66
2220,0004,SANTANDER,CARLOS,DEPOSITO,2022-02-01T23:31:58,2564.09
2220,0004,SANTANDER,MARIA,SAQUE,2022-01-27T22:56:10,22.35
9999,0002,SANTANDER,BIA,TRANSFERENCIA,2022-01-21T16:23:34,2080.33
1520,0004,SANTANDER,BIA,DEPOSITO,2022-01-18T16:04:45,3477.20
1044,0001,SANTANDER,BIA,SAQUE,2022-01-25T09:15:48,1885.01
3320,0001,SANTANDER,MARIA,SAQUE,2022-01-28T01:39:03,4207.60
9999,0004,SANTANDER,CARLOS,DEPOSITO,2022-02-28T15:31:18,1212.76
1044,0007,SANTANDER,MARIA,SAQUE,2022-02-04T23:11:24,2048.54
2220,0002,SANTANDER,FELIPE,TRANSFERENCIA,2022-01-24T07:13:22,4339.19
1520,0007,SANTANDER,JOAO,TRANSFERENCIA,2022-02-10T16:04:26,1677.10
1044,0001,SANTANDER,ANA,SAQUE,2022-01-10T21:59:56,1894.46
3320,0002,SANTANDER,PAULA,TRANSFERENCIA,2022-01-30T01:54:24,1207.12
1520,0002,SANTANDER,PAULA,TRANSFERENCIA,2022-01-18T02:43:03,4042.32
2220,0001,SANTANDER,RAFAEL,DEPOSITO,2022-01-16T17:22:24,1422.06
2220,0004,SANTANDER,BRUNO,SAQUE,2022-01-07T01:55:53,3999.20
1520,0002,SANTANDER,MARIA,SAQUE,2022-02-22T18:41:40,3492.94
2220,0002,SANTANDER,RAFAEL,DEPOSITO,2022-02-22T09:19:37,3791.72
1520,0007,SANTANDER,BRUNO,SAQUE,2022-01-31T23:12:26,3485.08
1044,0004,SANTANDER,BIA,TRANSFERENCIA,2022-02-02T04:03:10,2568.48
2220,0002,SANTANDER,ANA,DEPOSITO,2022-02-01T15:52:34,3543.55
1044,0001,SANTANDER,RAFAEL,SAQUE,2022-01-17T01:03:15,3142.77
9999,0002,SANTANDER,ANA,SAQUE,2022-01-08T09:09:16,4690.77
9999,0007,SANTANDER,BRUNO,TRANSFERENCIA,2022-01-05T00:42:37,4556.75
1044,0004,SANTANDER,BRUNO,TRANSFERENCIA,2022-02-28T19:25:53,2630.33
1044,0002,SANTANDER,RAFAEL,TRANSFERENCIA,2022-01-16T04:14:59,4967.68
9999,0004,SANTANDER,PAULA,SAQUE,2022-02-01T21:05:03,771.42
3320,0001,SANTANDER,JULIA,TRANSFERENCIA,2022-01-17T06:26:50,4072.64
9999,0007,SANTANDER,MARIA,TRANSFERENCIA,2022-01-17T06:30:21,1048.83
3320,0001,SANTANDER,JULIA,DEPOSITO,2022-02-07T01:16:28,2615.25
1044,0002,SANTANDER,PAULA,TRANSFERENCIA,2022-02-16T15:42:59,2726.16
3320,0007,SANTANDER,RAFAEL,TRANSFERENCIA,2022-02-02T19:25:13,931.58
3320,0007,SANTANDER,BRUNO,SAQUE,2022-01-24T14:41:57,748.57
9999,0007,SANTANDER,PAULA,TRANSFERENCIA,2022-01-22T23:46:31,4155.98
2220,0001,SANTANDER,JOAO,DEPOSITO,2022-01-18T16:04:59,3329.52
3320,0002,SANTANDER,CARLOS,TRANSFERENCIA,2022-02-03T16:28:20,4066.52
1044,0007,SANTANDER,JULIA,DEPOSITO,2022-02-11T06:58:50,868.25
3320,0007,SANTANDER,PAULA,TRANSFERENCIA,2022-01-04T13:10:09,280.62
1044,0002,SANTANDER,ANA,TRANSFERENCIA,2022-02-04T14:35:43,3528.89
2220,0002,SANTANDER,JOAO,SAQUE,2022-02-14T21:11:43,1103.91
3320,0002,SANTANDER,RAFAEL,DEPOSITO,2022-02-13T12:17:37,4613.98
1520,0004,SANTANDER,FELIPE,DEPOSITO,2022-01-05T01:18:18,3816.75
3320,0004,SANTANDER,ANA,DEPOSITO,2022-01-29T04:34:23,4541.30
9999,0002,SANTANDER,BIA,DEPOSITO,2022-02-14T11:34:28,3246.55
1044,0001,SANTANDER,MARIA,DEPOSITO,2022-02-16T06:44:09,4855.36
9999,0001,SANTANDER,ANA,TRANSFERENCIA,2022-02-10T21:45:36,3188.52
1044,0007,SANTANDER,PAULA,SAQUE,2022-02-21T05:29:53,1955.48
1044,0007,SANTANDER,BIA,SAQUE,2022-01-29T20:06:24,4819.58
1044,0004,SANTANDER,BRUNO,DEPOSITO,2022-01-23T03:53:38,1036.94
3320,0001,SANTANDER,FELIPE,DEPOSITO,2022-02-22T20:27:28,3011.84
1044,0007,SANTANDER,PAULA,SAQUE,2022-01-02T00:37:26,3296.52
2220,0002,SANTANDER,JULIA,TRANSFERENCIA,2022-01-26T09:58:09,4700.14
9999,0004,SANTANDER,FELIPE,DEPOSITO,2022-01-27T15:50:01,159.84
2220,0001,SANTANDER,RAFAEL,TRANSFERENCIA,2022-02-01T08:43:00,1032.44
1520,0002,SANTANDER,JOAO,SAQUE,2022-01-24T18:44:57,2880.03
1520,0001,SANTANDER,JULIA,TRANSFERENCIA,2022-02-18T23:41:50,2494.50
2220,0002,SANTANDER,RAFAEL,SAQUE,2022-01-25T01:18:06,1779.91
9999,0001,SANTANDER,ANA,TRANSFERENCIA,2022-01-08T08:23:07,191.92
1520,0001,SANTANDER,ANA,SAQUE,2022-01-21T01:39:36,2285.71
3320,0004,SANTANDER,BRUNO,DEPOSITO,2022-01-03T01:20:35,647.37
2220,0007,SANTANDER,FELIPE,TRANSFERENCIA,2022-02-14T17:45:31,355.32
1044,0007,SANTANDER,ANA,TRANSFERENCIA,2022-02-11T21:27:08,3300.59
1044,0007,SANTANDER,BIA,TRANSFERENCIA,2022-01-29T17:17:57,1767.91
2220,0004,SANTANDER,BIA,DEPOSITO,2022-02-25T08:17:41,1854.90
1044,0001,SANTANDER,ANA,DEPOSITO,2022-01-24T07:13:06,3441.96
2220,0002,SANTANDER,BIA,TRANSFERENCIA,2022-01-09T01:21:17,2216.11
1044,0004,SANTANDER,CARLOS,SAQUE,2022-02-24T06:54:56,1122.06
1044,0002,SANTANDER,ANA,SAQUE,2022-02-05T15:06:34,717.92
1520,0007,SANTANDER,RAFAEL,TRANSFERENCIA,2022-02-18T14:32:15,820.96
1520,0007,SANTANDER,ANA,SAQUE,2022-01-07T12:21:24,3051.68
3320,0001,SANTANDER,CARLOS,DEPOSITO,2022-02-17T17:06:20,1477.69
1044,0004,SANTANDER,FELIPE,SAQUE,2022-01-20T20:32:29,202.76
3320,0007,SANTANDER,BRUNO,TRANSFERENCIA,2022-01-26T10:41:01,2316.68
1520,0002,SANTANDER,CARLOS,SAQUE,2022-01-19T07:21:35,4112.85
1044,0002,SANTANDER,FELIPE,TRANSFERENCIA,2022-01-09T21:21:17,3929.08
1044,0004,SANTANDER,JOAO,TRANSFERENCIA,2022-01-17T18:49:19,2914.16
2220,0002,SANTANDER,CARLOS,TRANSFERENCIA,2022-01-03T03:23:05,2879.80
1520,0002,SANTANDER,MARIA,TRANSFERENCIA,2022-01-04T18:22:33,1809.13
3320,0004,SANTANDER,PAULA,TRANSFERENCIA,2022-01-31T18:37:38,2915.39
1520,0001,SANTANDER,CARLOS,DEPOSITO,2022-01-25T13:15:16,443.61
3320,0002,SANTANDER,ANA,DEPOSITO,2022-02-09T11:31:52,41.80
9999,0001,SANTANDER,MARIA,SAQUE,2022-01-30T09:07:11,3705.33
3320,0004,SANTANDER,RAFAEL,TRANSFERENCIA,2022-02-05T14:54:54,2365.48
3320,0002,SANTANDER,BIA,TRANSFERENCIA,2022-02-11T23:34:38,3459.83
2220,0007,SANTANDER,RAFAEL,DEPOSITO,2022-01-09T11:09:14,929.01
3320,0004,SANTANDER,FELIPE,SAQUE,2022-01-12T07:27:29,754.54
3320,0001,SANTANDER,JULIA,TRANSFERENCIA,2022-01-09T02:45:45,4969.67
1520,0001,SANTANDER,CARLOS,TRANSFERENCIA,2022-01-30T15:26:11,2802.86
3320,0001,SANTANDER,RAFAEL,TRANSFERENCIA,2022-02-21T07:00:32,3557.31
9999,0007,SANTANDER,BRUNO,DEPOSITO,2022-02-04T23:56:28,789.76
1520,0001,SANTANDER,BIA,TRANSFERENCIA,2022-01-04T12:07:11,2566.17
1520,0002,SANTANDER,JULIA,DEPOSITO,2022-02-08T02:43:10,4821.16
3320,0001,SANTANDER,PAULA,SAQUE,2022-01-23T16:06:18,3802.12
2220,0007,SANTANDER,JOAO,DEPOSITO,2022-01-07T17:15:31,4556.51
1520,0001,SANTANDER,JULIA,TRANSFERENCIA,2022-02-23T04:35:47,4509.66
1520,0001,SANTANDER,RAFAEL,DEPOSITO,2022-01-29T05:03:32,179.79
1520,0001,SANTANDER,JULIA,TRANSFERENCIA,2022-01-20T23:53:05,3908.83
1520,0002,SANTANDER,CARLOS,DEPOSITO,2022-02-27T12:28:14,1840.03
1520,0007,SANTANDER,MARIA,DEPOSITO,2022-02-20T09:54:49,2374.27
2220,0004,SANTANDER,JOAO,TRANSFERENCIA,2022-02-18T03:36:14,2269.46
3320,0004,SANTANDER,PAULA,SAQUE,2022-01-22T22:50:11,377.13
2220,0002,SANTANDER,MARIA,DEPOSITO,2022-01-03T12:48:41,4176.41
2220,0001,SANTANDER,MARIA,TRANSFERENCIA,2022-01-06T07:51:25,1577.97
2220,0001,SANTANDER,JULIA,TRANSFERENCIA,2022-02-06T19:24:12,4298.71
3320,0001,SANTANDER,BRUNO,DEPOSITO,2022-02-14T19:44:16,114.53
1044,0004,SANTANDER,BRUNO,TRANSFERENCIA,2022-02-08T12:50:58,1986.67
9999,0002,SANTANDER,FELIPE,SAQUE,2022-01-22T04:26:34,3450.42
1520,0001,SANTANDER,PAULA,SAQUE,2022-01-31T21:38:09,2615.05
1520,0001,SANTANDER,BIA,DEPOSITO,2022-01-07T09:05:43,1372.47
1520,0007,SANTANDER,JULIA,SAQUE,2022-01-18T17:30:07,1081.80
3320,0001,SANTANDER,BRUNO,DEPOSITO,2022-02-21T21:30:51,3891.80
1044,0004,SANTANDER,RAFAEL,TRANSFERENCIA,2022-02-21T01:58:41,2760.75
9999,0002,SANTANDER,JULIA,DEPOSITO,2022-02-02T12:43:54,2999.29
1520,0007,SANTANDER,FELIPE,SAQUE,2022-02-20T22:24:14,4254.74
1044,0002,SANTANDER,ANA,TRANSFERENCIA,2022-02-02T18:48:59,3713.73
1044,0004,SANTANDER,MARIA,SAQUE,2022-01-12T02:24:12,4470.93
2220,0001,SANTANDER,JULIA,DEPOSITO,2022-02-20T10:14:37,4309.79
3320,0007,SANTANDER,PAULA,TRANSFERENCIA,2022-02-24T10:44:38,4544.47
9999,0007,SANTANDER,JULIA,DEPOSITO,2022-02-24T14:56:06,4206.10
3320,0002,SANTANDER,JULIA,TRANSFERENCIA,2022-01-02T15:35:55,163.68
3320,0007,SANTANDER,CARLOS,DEPOSITO,2022-02-05T08:23:46,2594.89
2220,0007,SANTANDER,CARLOS,TRANSFERENCIA,2022-02-11T19:40:04,3690.53
1044,0001,SANTANDER,BRUNO,SAQUE,2022-02-17T16:19:53,3833.85
3320,0001,SANTANDER,BRUNO,SAQUE,2022-01-11T06:10:49,2287.38
1044,0002,SANTANDER,BIA,DEPOSITO,2022-02-16T16:18:44,1998.78
1520,0004,SANTANDER,ANA,TRANSFERENCIA,2022-01-30T07:30:01,25.35
1520,0001,SANTANDER,CARLOS,DEPOSITO,2022-01-08T17:10:52,1849.99
3320,0001,SANTANDER,CARLOS,TRANSFERENCIA,2022-01-21T19:03:57,3515.53
1520,0001,SANTANDER,BRUNO,TRANSFERENCIA,2022-02-07T00:16:54,592.20
1044,0007,SANTANDER,JOAO,SAQUE,2022-02-06T09:56:05,381.56
9999,0002,SANTANDER,BRUNO,TRANSFERENCIA,2022-01-03T03:34:44,3913.69
1044,0004,SANTANDER,CARLOS,DEPOSITO,2022-02-04T01:02:12,4548.92
3320,0007,SANTANDER,RAFAEL,SAQUE,2022-02-06T20:56:22,2533.28
1044,0002,SANTANDER,PAULA,DEPOSITO,2022-01-09T16:33:41,4943.20
1520,0002,SANTANDER,CARLOS,TRANSFERENCIA,2022-01-27T11:24:59,3159.78
1044,0004,SANTANDER,ANA,TRANSFERENCIA,2022-02-04T09:16:52,3373.16
2220,0001,SANTANDER,JOAO,SAQUE,2022-01-01T16:11:01,4256.28
1520,0007,SANTANDER,FELIPE,SAQUE,2022-02-18T05:01:44,3877.41
3320,0007,SANTANDER,BIA,DEPOSITO,2022-01-26T22:17:05,3435.26
1520,0007,SANTANDER,JULIA,DEPOSITO,2022-02-21T11:52:04,1159.54
1044,0001,SANTANDER,BIA,DEPOSITO,2022-02-13T18:51:46,108.36
9999,0002,SANTANDER,CARLOS,SAQUE,2022-02-28T16:43:31,2868.36
2220,0004,SANTANDER,JOAO,TRANSFERENCIA,2022-01-12T00:28:43,349.10
2220,0004,SANTANDER,JOAO,SAQUE,2022-01-27T17:01:00,4081.42
1044,0004,SANTANDER,JULIA,TRANSFERENCIA,2022-02-16T00:10:35,4064.95
1520,0001,SANTANDER,BRUNO,SAQUE,2022-02-17T06:49:31,4639.83
1044,0004,SANTANDER,MARIA,DEPOSITO,2022-01-18T14:19:31,2970.00
1044,0004,SANTANDER,CARLOS,TRANSFERENCIA,2022-02-07T14:14:11,2139.31
1044,0004,SANTANDER,FELIPE,SAQUE,2022-02-16T05:06:42,4213.00
1044,0007,SANTANDER,FELIPE,DEPOSITO,2022-02-03T06:46:12,843.61
1520,0001,SANTANDER,MARIA,DEPOSITO,2022-01-07T11:44:28,3242.16
2220,0002,SANTANDER,CARLOS,DEPOSITO,2022-02-14T18:06:29,2900.21
1044,0004,SANTANDER,BIA,SAQUE,2022-01-23T17:48:24,1565.91
1520,0007,SANTANDER,JULIA,TRANSFERENCIA,2022-01-23T03:10:08,4116.74
2220,0004,SANTANDER,RAFAEL,TRANSFERENCIA,2022-02-17T05:25:30,3592.44
1520,0001,SANTANDER,MARIA,DEPOSITO,2022-01-02T05:43:52,2326.15
1520,0002,SANTANDER,BIA,DEPOSITO,2022-02-02T19:13:34,2242.91
1520,0002,SANTANDER,JOAO,DEPOSITO,2022-02-24T23:31:28,1509.38
1044,0001,SANTANDER,CARLOS,SAQUE,2022-01-24T19:24:43,1567.58
1044,0002,SANTANDER,RAFAEL,SAQUE,2022-01-21T16:56:56,2417.48
9999,0007,SANTANDER,ANA,DEPOSITO,2022-02-17T18:18:34,2869.32
9999,0001,SANTANDER,JULIA,SAQUE,2022-01-14T10:46:39,2073.37
1044,0007,SANTANDER,CARLOS,TRANSFERENCIA,2022-02-14T07:21:36,4752.98
2220,0001,SANTANDER,MARIA,DEPOSITO,2022-02-20T06:13:04,2802.28
1520,0007,SANTANDER,JOAO,TRANSFERENCIA,2022-02-20T15:44:37,3952.19
1044,0001,SANTANDER,JOAO,DEPOSITO,2022-02-26T00:10:33,604.99
2220,0001,SANTANDER,MARIA,DEPOSITO,2022-02-08T23:09:49,1289.72
2220,0001,SANTANDER,MARIA,TRANSFERENCIA,2022-02-19T00:21:22,1206.35
9999,0007,SANTANDER,ANA,DEPOSITO,2022-01-17T17:51:55,3657.54
1044,0007,SANTANDER,JULIA,TRANSFERENCIA,2022-02-20T02:47:14,4586.31
1044,0002,SANTANDER,JULIA,DEPOSITO,2022-02-16T21:07:42,4852.47
9999,0007,SANTANDER,PAULA,SAQUE,2022-01-06T11:40:07,2344.31
9999,0001,SANTANDER,FELIPE,DEPOSITO,2022-01-24T12:29:04,863.74
1520,0002,SANTANDER,MARIA,TRANSFERENCIA,2022-02-23T21:04:26,4141.73
9999,0002,SANTANDER,FELIPE,DEPOSITO,2022-02-16T21:38:11,2859.18
9999,0001,SANTANDER,BIA,DEPOSITO,2022-02-09T09:44:13,2060.26
1520,0002,SANTANDER,RAFAEL,DEPOSITO,2022-02-05T00:13:32,4552.91
3320,0002,SANTANDER,BIA,TRANSFERENCIA,2022-02-05T01:12:27,2297.41
2220,0004,SANTANDER,BRUNO,TRANSFERENCIA,2022-02-21T10:04:21,668.85
1520,0001,SANTANDER,JOAO,SAQUE,2022-02-15T20:44:25,49.12
9999,0001,SANTANDER,PAULA,SAQUE,2022-01-24T21:08:43,2437.60
1520,0007,SANTANDER,BRUNO,TRANSFERENCIA,2022-01-22T19:48:47,821.94
2220,0001,SANTANDER,BIA,TRANSFERENCIA,2022-01-23T18:36:26,1365.54
1044,0002,SANTANDER,BRUNO,DEPOSITO,2022-01-30T13:27:46,2704.58
2220,0002,SANTANDER,BIA,DEPOSITO,2022-02-03T17:59:50,297.27
2220,0004,SANTANDER,CARLOS,DEPOSITO,2022-02-08T08:20:28,1583.99
3320,0007,SANTANDER,PAULA,DEPOSITO,2022-02-04T23:54:38,3385.23
1520,0002,SANTANDER,RAFAEL,SAQUE,2022-02-13T08:59:58,4989.68
1044,0007,SANTANDER,PAULA,TRANSFERENCIA,2022-02-03T23:37:02,18.46
1520,0002,SANTANDER,CARLOS,DEPOSITO,2022-01-13T20:27:37,3774.23
1520,0002,SANTANDER,BRUNO,SAQUE,2022-02-08T13:32:51,3057.67
3320,0001,SANTANDER,JULIA,SAQUE,2022-02-07T18:17:45,3316.85
1044,0004,SANTANDER,FELIPE,DEPOSITO,2022-02-13T00:58:01,1114.18
1520,0001,SANTANDER,PAULA,DEPOSITO,2022-01-04T19:23:41,3662.47
3320,0004,SANTANDER,MARIA,DEPOSITO,2022-02-19T23:53:53,1714.81
3320,0004,SANTANDER,PAULA,DEPOSITO,2022-02-16T11:18:07,1841.11
3320,0004,SANTANDER,RAFAEL,SAQUE,2022-02-16T19:34:43,3800.52
9999,0001,SANTANDER,JOAO,TRANSFERENCIA,2022-02-04T18:34:31,4202.97
3320,0007,SANTANDER,BRUNO,TRANSFERENCIA,2022-01-21T06:41:35,971.42
2220,0007,SANTANDER,JULIA,SAQUE,2022-01-26T00:53:06,648.46
9999,0004,SANTANDER,BRUNO,SAQUE,2022-02-20T10:50:18,1155.16
3320,0002,SANTANDER,PAULA,TRANSFERENCIA,2022-01-18T03:46:23,932.01
9999,0002,SANTANDER,MARIA,SAQUE,2022-01-23T15:06:36,4049.76
2220,0001,SANTANDER,JOAO,TRANSFERENCIA,2022-02-26T16:58:32,1561.66
3320,0004,SANTANDER,JOAO,SAQUE,2022-02-13T06:43:17,56.69
3320,0002,SANTANDER,JULIA,SAQUE,2022-01-13T00:27:01,3161.65
9999,0002,SANTANDER,RAFAEL,DEPOSITO,2022-02-05T15:29:06,1993.72
1520,0002,SANTANDER,ANA,TRANSFERENCIA,2022-02-17T06:28:45,4454.37
1520,0004,SANTANDER,PAULA,SAQUE,2022-02-12T17:00:49,506.04
9999,0004,SANTANDER,MARIA,DEPOSITO,2022-02-10T20:55:22,2857.26
2220,0001,SANTANDER,BRUNO,DEPOSITO,2022-02-05T21:03:54,4220.91
1044,0004,SANTANDER,CARLOS,TRANSFERENCIA,2022-01-14T23:43:46,480.20
2220,0002,SANTANDER,PAULA,TRANSFERENCIA,2022-01-16T06:38:00,2175.95
1520,0004,SANTANDER,JULIA,TRANSFERENCIA,2022-01-15T02:58:07,3146.57
2220,0002,SANTANDER,BIA,DEPOSITO,2022-02-20T17:16:04,2647.07
9999,0002,SANTANDER,CARLOS,TRANSFERENCIA,2022-01-13T21:24:53,2631.34
9999,0002,SANTANDER,BIA,SAQUE,2022-01-22T10:50:49,3016.55
9999,0007,SANTANDER,RAFAEL,SAQUE,2022-01-21T12:11:39,402.43
1044,0001,SANTANDER,JULIA,SAQUE,2022-01-10T04:26:28,2969.72
1044,0007,SANTANDER,ANA,DEPOSITO,2022-01-08T20:02:17,3405.00
1520,0002,SANTANDER,ANA,SAQUE,2022-02-08T11:01:56,2180.12
9999,0007,SANTANDER,JOAO,DEPOSITO,2022-02-14T10:37:03,1116.55
1044,0007,SANTANDER,BRUNO,DEPOSITO,2022-01-10T02:09:04,4354.29
9999,0007,SANTANDER,JULIA,SAQUE,2022-02-24T07:45:42,2918.29
9999,0001,SANTANDER,JOAO,SAQUE,2022-02-21T05:43:00,1675.41
1044,0002,SANTANDER,PAULA,DEPOSITO,2022-01-17T09:33:25,764.37
1044,0004,SANTANDER,BIA,DEPOSITO,2022-01-24T11:55:55,4537.81
2220,0004,SANTANDER,JULIA,TRANSFERENCIA,2022-02-10T06:09:46,1140.03
9999,0004,SANTANDER,BIA,DEPOSITO,2022-02-27T21:53:10,1445.86
3320,0004,SANTANDER,ANA,TRANSFERENCIA,2022-01-28T18:25:13,2074.38
2220,0004,SANTANDER,JULIA,SAQUE,2022-02-15T15:00:59,291.98
2220,0002,SANTANDER,JOAO,SAQUE,2022-01-15T12:37:58,3691.92
1520,0001,SANTANDER,FELIPE,TRANSFERENCIA,2022-02-15T09:55:11,4700.13
2220,0007,SANTANDER,JULIA,TRANSFERENCIA,2022-01-17T06:52:25,1755.27
2220,0007,SANTANDER,JULIA,TRANSFERENCIA,2022-01-19T01:08:57,850.89
3320,0004,SANTANDER,RAFAEL,DEPOSITO,2022-01-27T00:15:22,2821.84
9999,0001,SANTANDER,BRUNO,TRANSFERENCIA,2022-02-08T00:06:51,26.44
1520,0001,SANTANDER,JOAO,TRANSFERENCIA,2022-01-02T00:10:44,1512.52
9999,0007,SANTANDER,BRUNO,TRANSFERENCIA,2022-01-03T05:22:24,3739.20
3320,0002,SANTANDER,BRUNO,DEPOSITO,2022-01-30T12:51:11,4619.95
2220,0002,SANTANDER,PAULA,TRANSFERENCIA,2022-02-04T16:48:41,3070.57
1044,0001,SANTANDER,PAULA,DEPOSITO,2022-01-06T15:48:04,3934.67
9999,0001,SANTANDER,BIA,SAQUE,2022-02-18T02:56:43,484.54
2220,0004,SANTANDER,ANA,TRANSFERENCIA,2022-02-24T07:05:37,538.10
1044,0004,SANTANDER,PAULA,SAQUE,2022-01-27T09:34:23,2092.92
9999,0004,SANTANDER,CARLOS,DEPOSITO,2022-01-21T17:16:36,3443.64
3320,0007,SANTANDER,RAFAEL,SAQUE,2022-02-01T14:39:39,654.71
9999,0001,SANTANDER,ANA,DEPOSITO,2022-02-12T09:41:07,1724.51
1520,0002,SANTANDER,PAULA,TRANSFERENCIA,2022-01-30T09:54:29,3701.01
2220,0001,SANTANDER,BIA,TRANSFERENCIA,2022-02-22T09:41:56,2512.78
2220,0004,SANTANDER,JULIA,DEPOSITO,2022-02-04T10:39:04,217.94
2220,0004,SANTANDER,BIA,SAQUE,2022-02-18T20:55:22,203.84
3320,0004,SANTANDER,JOAO,SAQUE,2022-01-24T06:38:35,226.35
9999,0007,SANTANDER,CARLOS,DEPOSITO,2022-01-17T01:24:32,1326.82
3320,0004,SANTANDER,JULIA,DEPOSITO,2022-01-25T09:11:15,2642.42
9999,0004,SANTANDER,FELIPE,SAQUE,2022-01-19T02:57:36,4101.42
1044,0007,SANTANDER,JOAO,SAQUE,2022-02-18T23:20:46,2259.92
1520,0001,SANTANDER,JULIA,DEPOSITO,2022-01-31T03:08:52,2098.62
1044,0007,SANTANDER,BRUNO,SAQUE,2022-01-30T02:14:47,2937.44
1520,0002,SANTANDER,PAULA,DEPOSITO,2022-01-26T04:48:42,2207.04
2220,0007,SANTANDER,BIA,SAQUE,2022-01-08T22:53:02,2130.72
3320,0002,SANTANDER,MARIA,DEPOSITO,2022-01-05T07:10:45,4925.08
3320,0007,SANTANDER,ANA,DEPOSITO,2022-02-23T12:30:12,3943.47
9999,0001,SANTANDER,BIA,TRANSFERENCIA,2022-01-05T07:29:35,212.98
1044,0001,SANTANDER,ANA,TRANSFERENCIA,2022-02-28T11:10:33,1108.83
3320,0004,SANTANDER,FELIPE,TRANSFERENCIA,2022-02-10T09:18:45,3573.53
2220,0001,SANTANDER,MARIA,SAQUE,2022-02-20T01:29:35,1569.66
1520,0001,SANTANDER,FELIPE,TRANSFERENCIA,2022-02-02T21:18:43,3927.24
2220,0002,SANTANDER,RAFAEL,SAQUE,2022-01-11T06:49:48,4957.60
1520,0001,SANTANDER,FELIPE,DEPOSITO,2022-02-04T08:27:43,4280.90
1520,0001,SANTANDER,ANA,TRANSFERENCIA,2022-01-06T07:41:27,1924.45
1520,0004,SANTANDER,BIA,TRANSFERENCIA,2022-02-26T03:45:57,580.56
2220,0004,SANTANDER,JOAO,DEPOSITO,2022-02-02T15:02:12,604.95
1520,0002,SANTANDER,BIA,DEPOSITO,2022-02-21T16:14:36,2190.67
9999,0007,SANTANDER,PAULA,SAQUE,2022-02-16T21:32:05,39.93
1520,0004,SANTANDER,BIA,SAQUE,2022-02-28T00:08:57,4253.60
3320,0004,SANTANDER,JOAO,DEPOSITO,2022-01-10T20:18:35,3001.21
1520,0002,SANTANDER,BIA,SAQUE,2022-01-21T03:35:35,4064.09
1520,0002,SANTANDER,CARLOS,TRANSFERENCIA,2022-02-04T06:34:59,816.80
3320,0001,SANTANDER,BIA,DEPOSITO,2022-01-05T00:20:56,3328.96
3320,0007,SANTANDER,MARIA,DEPOSITO,2022-02-18T03:49:33,1816.71
9999,0004,SANTANDER,BRUNO,SAQUE,2022-02-13T14:09:58,1275.18
1520,0007,SANTANDER,BRUNO,SAQUE,2022-01-07T15:08:05,3452.84
3320,0007,SANTANDER,FELIPE,TRANSFERENCIA,2022-01-04T04:29:15,3248.68
1520,0007,SANTANDER,BIA,DEPOSITO,2022-01-08T03:06:32,2147.20
2220,0001,SANTANDER,FELIPE,SAQUE,2022-01-12T10:40:46,2772.28
1520,0001,SANTANDER,RAFAEL,SAQUE,2022-01-12T18:58:22,3336.46
3320,0002,SANTANDER,BIA,TRANSFERENCIA,2022-01-22T12:29:11,979.14
3320,0004,SANTANDER,ANA,TRANSFERENCIA,2022-02-19T07:39:08,3845.16
9999,0002,SANTANDER,JOAO,DEPOSITO,2022-01-15T15:01:28,1106.59
1044,0004,SANTANDER,BIA,DEPOSITO,2022-02-23T21:10:38,3290.87
9999,0001,SANTANDER,JOAO,TRANSFERENCIA,2022-02-07T13:32:58,3166.70
9999,0007,SANTANDER,RAFAEL,SAQUE,2022-01-28T23:34:17,1797.19
1044,0002,SANTANDER,MARIA,SAQUE,2022-01-14T16:30:40,3772.92
3320,0007,SANTANDER,JOAO,TRANSFERENCIA,2022-01-12T21:19:37,2025.34
1044,0001,SANTANDER,RAFAEL,SAQUE,2022-01-25T13:56:05,1276.29
2220,0001,SANTANDER,RAFAEL,TRANSFERENCIA,2022-01-08T07:38:25,3459.27
2220,0001,SANTANDER,CARLOS,SAQUE,2022-02-23T13:48:44,4204.06
1044,0007,SANTANDER,BIA,DEPOSITO,2022-01-26T14:15:38,1403.17
1044,0001,SANTANDER,BRUNO,SAQUE,2022-02-27T08:15:01,3400.84
1044,0001,SANTANDER,BRUNO,SAQUE,2022-02-14T08:15:58,1312.12
2220,0007,SANTANDER,BIA,TRANSFERENCIA,2022-01-22T09:39:32,3421.60
9999,0004,SANTANDER,BIA,TRANSFERENCIA,2022-01-04T22:39:18,2436.07
3320,0004,SANTANDER,MARIA,DEPOSITO,2022-01-14T21:23:21,3326.11
1520,0004,SANTANDER,BIA,DEPOSITO,2022-02-14T02:35:52,4649.63
2220,0007,SANTANDER,FELIPE,DEPOSITO,2022-01-19T11:58:39,3372.74
9999,0004,SANTANDER,PAULA,DEPOSITO,2022-02-07T22:00:40,3024.49
9999,0004,SANTANDER,JULIA,SAQUE,2022-01-10T07:03:29,1954.34
1044,0007,SANTANDER,FELIPE,TRANSFERENCIA,2022-02-08T22:03:28,618.19
1044,0007,SANTANDER,RAFAEL,DEPOSITO,2022-02-26T13:12:27,4533.28
3320,0007,SANTANDER,FELIPE,TRANSFERENCIA,2022-02-13T07:13:58,4786.62
1520,0001,SANTANDER,BRUNO,DEPOSITO,2022-01-14T07:28:44,3843.87
9999,0007,SANTANDER,BRUNO,SAQUE,2022-01-19T09:53:43,1542.90
9999,0002,SANTANDER,CARLOS,DEPOSITO,2022-02-23T05:50:42,2972.89
2220,0007,SANTANDER,JOAO,SAQUE,2022-02-08T10:21:36,1848.52
3320,0007,SANTANDER,PAULA,TRANSFERENCIA,2022-01-29T16:13:15,224.98
1520,0004,SANTANDER,PAULA,SAQUE,2022-01-21T00:40:16,434.60
3320,0004,SANTANDER,FELIPE,DEPOSITO,2022-01-18T09:49:33,4805.16
1044,0002,SANTANDER,ANA,TRANSFERENCIA,2022-02-07T21:24:51,4155.88
1520,0004,SANTANDER,RAFAEL,TRANSFERENCIA,2022-01-30T23:47:19,3001.42
1520,0007,SANTANDER,FELIPE,SAQUE,2022-02-05T03:26:26,4778.99
1520,0004,SANTANDER,FELIPE,SAQUE,2022-02-04T22:48:55,4541.06
3320,0004,SANTANDER,JULIA,SAQUE,2022-01-19T07:02:43,3595.24
9999,0004,SANTANDER,ANA,DEPOSITO,2022-01-02T14:48:59,1647.61
9999,0002,SANTANDER,CARLOS,TRANSFERENCIA,2022-01-15T12:09:32,1211.76
3320,0001,SANTANDER,JOAO,TRANSFERENCIA,2022-01-09T06:31:27,4416.07
9999,0004,SANTANDER,CARLOS,TRANSFERENCIA,2022-01-22T23:07:57,3627.96
1044,0001,SANTANDER,CARLOS,SAQUE,2022-02-22T06:12:35,4631.26
2220,0002,SANTANDER,CARLOS,TRANSFERENCIA,2022-01-20T02:39:27,3404.89
2220,0007,SANTANDER,BIA,TRANSFERENCIA,2022-01-15T16:09:33,3446.18
1044,0001,SANTANDER,FELIPE,SAQUE,2022-01-12T03:24:13,2135.99
9999,0002,SANTANDER,JULIA,SAQUE,2022-01-22T01:40:18,2460.94
9999,0001,SANTANDER,RAFAEL,SAQUE,2022-01-02T12:06:01,4800.61
9999,0007,SANTANDER,FELIPE,DEPOSITO,2022-01-16T18:56:36,4867.15
1044,0007,SANTANDER,RAFAEL,TRANSFERENCIA,2022-02-12T06:08:03,4054.03
1044,0004,SANTANDER,RAFAEL,DEPOSITO,2022-02-13T20:26:26,4862.05
1044,0002,SANTANDER,BRUNO,SAQUE,2022-01-30T04:14:01,2511.84
9999,0002,SANTANDER,JULIA,TRANSFERENCIA,2022-02-17T23:04:51,4120.00
3320,0004,SANTANDER,CARLOS,DEPOSITO,2022-01-19T00:39:51,642.18
1044,0002,SANTANDER,ANA,SAQUE,2022-01-07T13:32:20,4495.28
9999,0002,SANTANDER,RAFAEL,SAQUE,2022-02-02T03:33:45,231.27
3320,0004,SANTANDER,ANA,DEPOSITO,2022-01-23T08:52:26,2770.54
9999,0002,SANTANDER,RAFAEL,DEPOSITO,2022-01-16T10:07:08,36.57
1044,0007,SANTANDER,BRUNO,DEPOSITO,2022-02-12T05:58:07,1899.07
2220,0001,SANTANDER,RAFAEL,SAQUE,2022-02-22T11:04:23,2730.36
2220,0004,SANTANDER,ANA,TRANSFERENCIA,2022-02-18T14:22:30,2234.28
3320,0001,SANTANDER,PAULA,DEPOSITO,2022-01-21T03:45:35,362.20
3320,0007,SANTANDER,RAFAEL,DEPOSITO,2022-02-28T15:50:06,948.72
1044,0002,SANTANDER,BRUNO,SAQUE,2022-01-10T06:01:21,3283.68
1520,0007,SANTANDER,CARLOS,TRANSFERENCIA,2022-01-08T23:32:19,1285.37
1044,0002,SANTANDER,JOAO,TRANSFERENCIA,2022-01-12T19:46:14,77.11
2220,0001,SANTANDER,CARLOS,DEPOSITO,2022-02-04T12:18:35,712.54
9999,0007,SANTANDER,CARLOS,DEPOSITO,2022-02-14T19:02:55,1560.13
3320,0002,SANTANDER,MARIA,TRANSFERENCIA,2022-02-16T11:44:34,484.33
1520,0004,SANTANDER,JULIA,SAQUE,2022-01-24T14:19:18,4435.93
9999,0007,SANTANDER,FELIPE,TRANSFERENCIA,2022-02-11T22:56:59,4210.16
2220,0001,SANTANDER,MARIA,SAQUE,2022-01-05T10:30:27,3731.81
1044,0002,SANTANDER,CARLOS,DEPOSITO,2022-02-28T05:31:53,2998.65
1044,0004,SANTANDER,RAFAEL,TRANSFERENCIA,2022-02-10T03:11:19,3134.87
9999,0001,SANTANDER,PAULA,TRANSFERENCIA,2022-02-09T04:09:19,269.38
3320,0001,SANTANDER,ANA,TRANSFERENCIA,2022-02-27T08:34:42,768.08
9999,0004,SANTANDER,JULIA,DEPOSITO,2022-02-12T10:31:41,4888.18
3320,0002,SANTANDER,PAULA,DEPOSITO,2022-02-26T15:21:14,4337.56
3320,0002,SANTANDER,MARIA,SAQUE,2022-01-17T06:01:17,931.90
9999,0004,SANTANDER,CARLOS,TRANSFERENCIA,2022-01-04T23:26:14,4646.97
2220,0001,SANTANDER,CARLOS,DEPOSITO,2022-01-21T01:44:16,3429.13
1044,0002,SANTANDER,BRUNO,TRANSFERENCIA,2022-02-14T23:37:20,1548.96
2220,0007,SANTANDER,CARLOS,SAQUE,2022-02-14T13:38:48,90.98
2220,0007,SANTANDER,BRUNO,DEPOSITO,2022-02-09T01:13:58,63.60
2220,0007,SANTANDER,FELIPE,SAQUE,2022-02-23T08:43:02,4262.65
1520,0002,SANTANDER,RAFAEL,SAQUE,2022-01-12T17:46:09,2905.56
3320,0007,SANTANDER,RAFAEL,SAQUE,2022-02-16T16:15:18,2778.43
1044,0007,SANTANDER,FELIPE,DEPOSITO,2022-01-26T09:10:17,3541.87
3320,0002,SANTANDER,JULIA,SAQUE,2022-01-30T01:34:10,3609.89
1044,0007,SANTANDER,BIA,SAQUE,2022-01-04T13:28:47,4500.77
2220,0007,SANTANDER,JOAO,DEPOSITO,2022-02-22T17:28:10,1762.22
3320,0001,SANTANDER,FELIPE,SAQUE,2022-01-25T12:04:30,3267.51
1044,0002,SANTANDER,ANA,TRANSFERENCIA,2022-01-27T21:43:48,2891.81
9999,0001,SANTANDER,MARIA,TRANSFERENCIA,2022-01-31T00:41:26,4907.25
2220,0004,SANTANDER,MARIA,SAQUE,2022-01-26T09:04:43,907.40
1520,0007,SANTANDER,JULIA,DEPOSITO,2022-02-24T02:40:25,3411.36
2220,0001,SANTANDER,CARLOS,TRANSFERENCIA,2022-01-22T21:30:38,3946.63
1044,0001,SANTANDER,MARIA,TRANSFERENCIA,2022-02-09T21:09:46,3633.33
9999,0004,SANTANDER,ANA,TRANSFERENCIA,2022-02-23T15:22:58,4032.65
1044,0004,SANTANDER,FELIPE,SAQUE,2022-01-24T22:57:18,2498.70
3320,0001,SANTANDER,JULIA,DEPOSITO,2022-01-19T18:42:15,4548.04
2220,0004,SANTANDER,BIA,DEPOSITO,2022-01-18T05:03:35,2444.82
2220,0007,SANTANDER,RAFAEL,DEPOSITO,2022-02-16T05:43:18,2441.09
9999,0002,SANTANDER,ANA,TRANSFERENCIA,2022-02-11T06:39:37,360.44
1044,0001,SANTANDER,PAULA,DEPOSITO,2022-02-27T19:53:03,365.80
1044,0002,SANTANDER,RAFAEL,SAQUE,2022-02-23T04:17:37,3262.13
1044,0002,SANTANDER,BRUNO,DEPOSITO,2022-01-13T15:34:05,960.75
9999,0001,SANTANDER,PAULA,DEPOSITO,2022-01-12T03:55:34,1817.23
1520,0001,SANTANDER,MARIA,SAQUE,2022-01-08T23:04:05,1120.50
1520,0004,SANTANDER,CARLOS,TRANSFERENCIA,2022-01-01T00:31:07,1539.78
3320,0002,SANTANDER,BRUNO,DEPOSITO,2022-02-18T11:39:58,3092.75
1520,0004,SANTANDER,BIA,TRANSFERENCIA,2022-01-02T05:44:51,436.07
9999,0007,SANTANDER,MARIA,DEPOSITO,2022-01-25T06:45:00,4127.77
9999,0001,SANTANDER,CARLOS,TRANSFERENCIA,2022-02-28T12:35:41,2853.86
1520,0004,SANTANDER,PAULA,SAQUE,2022-02-21T11:43:29,3307.74
1520,0007,SANTANDER,PAULA,TRANSFERENCIA,2022-02-25T13:32:45,1905.07
3320,0007,SANTANDER,PAULA,SAQUE,2022-01-04T13:12:43,2920.58
2220,0001,SANTANDER,JOAO,SAQUE,2022-01-19T19:17:14,2290.89
2220,0004,SANTANDER,JULIA,TRANSFERENCIA,2022-01-17T20:10:12,286.62
9999,0007,SANTANDER,BIA,TRANSFERENCIA,2022-02-12T14:33:07,4904.60
1044,0004,SANTANDER,BIA,DEPOSITO,2022-01-11T01:18:30,3323.20
1044,0004,SANTANDER,PAULA,TRANSFERENCIA,2022-01-19T23:28:34,785.62
2220,0007,SANTANDER,JOAO,SAQUE,2022-01-12T05:26:27,3406.77
1044,0001,SANTANDER,PAULA,TRANSFERENCIA,2022-02-18T11:04:28,1028.80
3320,0007,SANTANDER,JOAO,TRANSFERENCIA,2022-02-11T04:00:58,2540.37
2220,0007,SANTANDER,MARIA,SAQUE,2022-02-20T20:24:55,1715.77
9999,0007,SANTANDER,JULIA,DEPOSITO,2022-02-18T15:18:30,1893.13
2220,0004,SANTANDER,JULIA,TRANSFERENCIA,2022-01-19T21:19:41,4964.30
2220,0004,SANTANDER,CARLOS,DEPOSITO,2022-01-05T22:58:45,841.91
3320,0002,SANTANDER,PAULA,DEPOSITO,2022-02-17T20:17:41,3289.61
1044,0007,SANTANDER,CARLOS,TRANSFERENCIA,2022-02-02T12:05:27,2591.69
2220,0007,SANTANDER,BIA,DEPOSITO,2022-02-26T15:20:40,3165.43
2220,0001,SANTANDER,ANA,DEPOSITO,2022-01-24T04:00:34,1376.11
2220,0004,SANTANDER,ANA,TRANSFERENCIA,2022-01-04T12:04:11,3584.79
3320,0004,SANTANDER,JOAO,DEPOSITO,2022-01-24T10:21:25,2213.98
3320,0001,SANTANDER,RAFAEL,TRANSFERENCIA,2022-01-27T11:53:17,3396.45
9999,0007,SANTANDER,ANA,SAQUE,2022-01-26T02:48:38,1664.50
1520,0002,SANTANDER,PAULA,DEPOSITO,2022-01-28T03:38:58,2770.27
1520,0007,SANTANDER,RAFAEL,SAQUE,2022-02-06T08:52:31,1148.63
3320,0002,SANTANDER,RAFAEL,DEPOSITO,2022-02-09T02:51:24,2902.15
3320,0001,SANTANDER,JULIA,DEPOSITO,2022-02-28T08:02:54,1899.49
9999,0001,SANTANDER,CARLOS,SAQUE,2022-02-16T02:10:28,1107.83
3320,0001,SANTANDER,CARLOS,SAQUE,2022-02-04T03:37:57,7.54
2220,0002,SANTANDER,FELIPE,TRANSFERENCIA,2022-01-26T00:10:35,4192.32
1044,0001,SANTANDER,JOAO,TRANSFERENCIA,2022-01-14T16:54:31,2038.65
9999,0002,SANTANDER,RAFAEL,DEPOSITO,2022-02-26T10:49:13,2159.97
3320,0004,SANTANDER,BRUNO,DEPOSITO,2022-01-28T07:05:11,3238.95
1044,0007,SANTANDER,BRUNO,TRANSFERENCIA,2022-01-04T15:00:53,1238.95
3320,0007,SANTANDER,JULIA,TRANSFERENCIA,2022-02-16T01:45:05,1323.02
1044,0002,SANTANDER,JOAO,TRANSFERENCIA,2022-02-25T21:09:58,1419.10
1520,0001,SANTANDER,MARIA,SAQUE,2022-01-18T09:11:30,3141.80
2220,0001,SANTANDER,PAULA,TRANSFERENCIA,2022-01-11T16:43:34,3410.63
9999,0004,SANTANDER,MARIA,DEPOSITO,2022-01-30T00:47:22,4883.79
1044,0007,SANTANDER,PAULA,TRANSFERENCIA,2022-02-15T13:37:27,1011.72
3320,0002,SANTANDER,JOAO,DEPOSITO,2022-01-09T11:10:45,1318.67
3320,0004,SANTANDER,PAULA,TRANSFERENCIA,2022-02-06T00:58:11,1348.69
2220,0002,SANTANDER,ANA,SAQUE,2022-02-03T09:26:03,3343.74
3320,0007,SANTANDER,JOAO,SAQUE,2022-02-15T08:59:10,145.94
2220,0007,SANTANDER,ANA,DEPOSITO,2022-02-15T16:13:01,303.25
1520,0001,SANTANDER,FELIPE,TRANSFERENCIA,2022-01-18T16:52:03,1196.54
2220,0001,SANTANDER,JULIA,TRANSFERENCIA,2022-01-11T15:49:23,637.75
2220,0007,SANTANDER,CARLOS,DEPOSITO,2022-02-28T01:57:27,3223.39
9999,0004,SANTANDER,MARIA,TRANSFERENCIA,2022-01-21T02:34:52,4546.22
3320,0007,SANTANDER,BRUNO,TRANSFERENCIA,2022-02-13T07:00:32,45.90
9999,0001,SANTANDER,PAULA,TRANSFERENCIA,2022-01-07T10:06:47,3792.71
2220,0004,SANTANDER,MARIA,SAQUE,2022-02-11T11:43:04,1337.37
2220,0001,SANTANDER,PAULA,TRANSFERENCIA,2022-01-20T21:38:58,3807.00
1044,0007,SANTANDER,RAFAEL,TRANSFERENCIA,2022-01-27T02:35:35,2561.94
3320,0001,SANTANDER,JULIA,DEPOSITO,2022-02-20T05:57:58,4207.28
1044,0007,SANTANDER,JULIA,DEPOSITO,2022-02-01T21:36:28,3300.01
1520,0004,SANTANDER,CARLOS,TRANSFERENCIA,2022-01-13T13:16:55,2396.57
9999,0001,SANTANDER,BIA,SAQUE,2022-01-19T08:43:59,589.30
2220,0002,SANTANDER,BRUNO,DEPOSITO,2022-01-24T20:31:58,3697.05
1520,0007,SANTANDER,PAULA,TRANSFERENCIA,2022-02-20T09:57:26,1628.78
9999,0004,SANTANDER,CARLOS,DEPOSITO,2022-01-05T01:02:32,2754.58
9999,0004,SANTANDER,BIA,SAQUE,2022-01-03T07:49:08,1000.32
3320,0001,SANTANDER,PAULA,TRANSFERENCIA,2022-02-06T02:13:22,2179.13
1044,0002,SANTANDER,BRUNO,TRANSFERENCIA,2022-01-06T06:01:38,621.87
1044,0002,SANTANDER,JULIA,TRANSFERENCIA,2022-01-04T15:59:48,4494.77
9999,0007,SANTANDER,BRUNO,SAQUE,2022-01-22T06:10:42,107.63
9999,0002,SANTANDER,JULIA,DEPOSITO,2022-02-08T19:01:13,1763.77
1520,0002,SANTANDER,JOAO,DEPOSITO,2022-02-27T23:40:30,3213.69
1520,0004,SANTANDER,CARLOS,SAQUE,2022-01-18T11:25:54,3413.40
3320,0002,SANTANDER,JOAO,SAQUE,2022-01-15T04:08:00,4332.04
9999,0004,SANTANDER,JULIA,SAQUE,2022-02-24T05:13:38,4881.98
1044,0001,SANTANDER,JOAO,DEPOSITO,2022-01-13T10:18:53,1003.19
9999,0002,SANTANDER,JOAO,TRANSFERENCIA,2022-02-07T07:58:19,4666.47
3320,0001,SANTANDER,CARLOS,TRANSFERENCIA,2022-01-13T01:58:47,3909.03
1520,0002,SANTANDER,JOAO,DEPOSITO,2022-01-29T20:48:35,2653.90
2220,0002,SANTANDER,RAFAEL,DEPOSITO,2022-02-13T01:20:54,3782.68
2220,0007,SANTANDER,JULIA,TRANSFERENCIA,2022-02-21T00:21:10,4705.92
3320,0004,SANTANDER,ANA,TRANSFERENCIA,2022-02-01T18:56:15,1184.27
1520,0004,SANTANDER,MARIA,TRANSFERENCIA,2022-01-16T05:24:11,2430.61
3320,0002,SANTANDER,BRUNO,DEPOSITO,2022-01-13T18:25:36,2934.82
1520,0004,SANTANDER,FELIPE,DEPOSITO,2022-02-05T10:48:49,3232.96
2220,0001,SANTANDER,ANA,DEPOSITO,2022-02-27T10:52:27,206.05
1520,0001,SANTANDER,BIA,DEPOSITO,2022-02-01T21:05:55,4224.99
1044,0007,SANTANDER,BRUNO,SAQUE,2022-02-02T20:57:29,75.45
1044,0004,SANTANDER,BIA,TRANSFERENCIA,2022-01-12T04:16:09,4423.99
1044,0001,SANTANDER,RAFAEL,TRANSFERENCIA,2022-01-14T05:26:22,3272.38
1044,0007,SANTANDER,CARLOS,SAQUE,2022-01-24T01:00:43,4587.33
1520,0007,SANTANDER,BRUNO,TRANSFERENCIA,2022-02-05T01:27:05,1734.00
1044,0002,SANTANDER,ANA,DEPOSITO,2022-02-19T08:25:58,2554.39
1520,0002,SANTANDER,FELIPE,DEPOSITO,2022-02-12T14:06:13,3880.04
1044,0007,SANTANDER,PAULA,TRANSFERENCIA,2022-02-18T05:17:06,4668.92
1044,0004,SANTANDER,BIA,SAQUE,2022-02-05T22:00:59,1420.08
1520,0002,SANTANDER,JULIA,TRANSFERENCIA,2022-02-13T10:27:53,742.78
1044,0002,SANTANDER,PAULA,TRANSFERENCIA,2022-02-15T15:01:58,3078.86
1520,0007,SANTANDER,JOAO,TRANSFERENCIA,2022-01-28T16:09:04,4370.96
1044,0004,SANTANDER,RAFAEL,DEPOSITO,2022-02-25T06:18:37,3440.26
2220,0007,SANTANDER,CARLOS,TRANSFERENCIA,2022-01-11T05:53:09,2182.45
3320,0002,SANTANDER,BIA,DEPOSITO,2022-02-10T22:48:12,3295.30
2220,0001,SANTANDER,FELIPE,DEPOSITO,2022-02-05T08:12:48,2931.03
1044,0001,SANTANDER,FELIPE,DEPOSITO,2022-02-11T20:07:47,2234.31
9999,0001,SANTANDER,BRUNO,DEPOSITO,2022-01-13T00:45:57,3911.41
3320,0007,SANTANDER,FELIPE,TRANSFERENCIA,2022-02-16T20:42:55,1987.11
3320,0001,SANTANDER,CARLOS,DEPOSITO,2022-01-11T23:43:06,3467.46
3320,0004,SANTANDER,MARIA,DEPOSITO,2022-01-05T19:10:09,280.35
1044,0004,SANTANDER,ANA,TRANSFERENCIA,2022-01-24T08:46:39,3951.74
1044,0004,SANTANDER,BIA,DEPOSITO,2022-02-05T07:05:15,4618.24
3320,0001,SANTANDER,BRUNO,TRANSFERENCIA,2022-01-21T20:15:47,1018.48
2220,0007,SANTANDER,BRUNO,TRANSFERENCIA,2022-01-06T05:45:20,2802.89
9999,0004,SANTANDER,JOAO,DEPOSITO,2022-02-26T08:43:51,459.20
9999,0007,SANTANDER,JOAO,DEPOSITO,2022-01-20T12:11:04,398.21
1520,0004,SANTANDER,ANA,TRANSFERENCIA,2022-02-15T18:47:21,2796.22
3320,0001,SANTANDER,BIA,DEPOSITO,2022-02-26T14:39:13,1158.34
2220,0007,SANTANDER,JOAO,TRANSFERENCIA,2022-01-24T13:13:43,4351.83
2220,0001,SANTANDER,RAFAEL,TRANSFERENCIA,2022-02-20T06:13:10,4916.64
9999,0004,SANTANDER,JOAO,SAQUE,2022-01-04T05:51:19,1843.40
9999,0002,SANTANDER,BIA,SAQUE,2022-01-10T00:19:13,541.03
3320,0002,SANTANDER,JOAO,SAQUE,2022-02-09T09:48:32,1425.89
1520,0002,SANTANDER,JULIA,TRANSFERENCIA,2022-01-22T01:57:27,4702.21
2220,0002,SANTANDER,PAULA,TRANSFERENCIA,2022-01-05T03:11:00,925.52
1520,0002,SANTANDER,RAFAEL,TRANSFERENCIA,2022-02-13T10:51:29,2594.28
1520,0002,SANTANDER,RAFAEL,DEPOSITO,2022-01-28T12:11:55,4763.01
2220,0001,SANTANDER,BRUNO,DEPOSITO,2022-02-11T23:16:41,2021.50
1044,0002,SANTANDER,JOAO,TRANSFERENCIA,2022-01-23T13:57:49,1495.59
1520,0002,SANTANDER,CARLOS,SAQUE,2022-02-09T07:09:12,2175.39
2220,0004,SANTANDER,FELIPE,TRANSFERENCIA,2022-02-10T02:25:33,1535.46
1520,0004,SANTANDER,PAULA,TRANSFERENCIA,2022-02-24T06:06:38,971.43
3320,0007,SANTANDER,BIA,DEPOSITO,2022-02-09T11:07:56,1198.85
9999,0004,SANTANDER,RAFAEL,SAQUE,2022-02-23T08:48:53,2372.38
1044,0004,SANTANDER,BIA,TRANSFERENCIA,2022-01-17T09:15:01,1556.19
9999,0007,SANTANDER,MARIA,DEPOSITO,2022-01-25T23:25:17,1920.73
9999,0002,SANTANDER,BIA,TRANSFERENCIA,2022-02-02T12:30:43,1247.36
1044,0004,SANTANDER,BRUNO,DEPOSITO,2022-01-31T04:34:17,3268.32
3320,0004,SANTANDER,JOAO,SAQUE,2022-02-06T18:47:43,3961.40
9999,0001,SANTANDER,RAFAEL,TRANSFERENCIA,2022-02-06T09:53:11,1342.08
9999,0007,SANTANDER,BRUNO,DEPOSITO,2022-02-20T10:11:53,320.32
1520,0002,SANTANDER,FELIPE,TRANSFERENCIA,2022-01-15T03:57:28,1215.72
3320,0004,SANTANDER,BRUNO,TRANSFERENCIA,2022-02-17T15:17:11,687.72
1520,0002,SANTANDER,PAULA,SAQUE,2022-01-23T08:52:47,2430.37
9999,0004,SANTANDER,JOAO,DEPOSITO,2022-01-07T05:52:50,1019.56
2220,0007,SANTANDER,CARLOS,TRANSFERENCIA,2022-02-20T13:36:50,4818.34
2220,0002,SANTANDER,JOAO,DEPOSITO,2022-02-02T00:15:44,1639.96
2220,0004,SANTANDER,PAULA,TRANSFERENCIA,2022-02-08T18:39:23,3258.98
1044,0007,SANTANDER,RAFAEL,DEPOSITO,2022-02-24T12:40:30,3385.33
1520,0004,SANTANDER,ANA,SAQUE,2022-01-13T19:02:02,4582.90
2220,0007,SANTANDER,CARLOS,TRANSFERENCIA,2022-01-25T19:14:15,4703.26
1044,0002,SANTANDER,BRUNO,SAQUE,2022-01-17T01:53:47,2334.99
1044,0007,SANTANDER,MARIA,DEPOSITO,2022-02-12T04:12:33,1776.30
1044,0004,SANTANDER,FELIPE,SAQUE,2022-01-06T23:11:34,1459.90
1520,0007,SANTANDER,PAULA,DEPOSITO,2022-02-14T06:21:16,3577.08
1044,0002,SANTANDER,JOAO,SAQUE,2022-02-01T15:09:44,415.03
9999,0001,SANTANDER,BIA,TRANSFERENCIA,2022-02-03T17:58:12,3353.68
1520,0004,SANTANDER,BRUNO,DEPOSITO,2022-01-10T20:00:12,1177.93
1044,0004,SANTANDER,JOAO,TRANSFERENCIA,2022-01-09T12:06:03,3129.91
3320,0002,SANTANDER,FELIPE,TRANSFERENCIA,2022-02-24T15:04:49,2504.02
2220,0007,SANTANDER,BRUNO,TRANSFERENCIA,2022-01-20T21:14:47,931.65
2220,0001,SANTANDER,CARLOS,SAQUE,2022-01-21T02:49:40,1023.07
1520,0001,SANTANDER,BRUNO,SAQUE,2022-02-19T01:40:59,3078.40
1520,0007,SANTANDER,JOAO,SAQUE,2022-02-05T07:19:12,756.36
9999,0001,SANTANDER,RAFAEL,DEPOSITO,2022-02-03T22:33:40,2296.18
1044,0007,SANTANDER,ANA,TRANSFERENCIA,2022-02-28T02:50:03,105.63
3320,0007,SANTANDER,JOAO,TRANSFERENCIA,2022-01-18T11:52:26,1757.38
9999,0007,SANTANDER,MARIA,SAQUE,2022-01-29T03:35:24,1078.63
9999,0002,SANTANDER,JOAO,DEPOSITO,2022-01-01T14:32:17,3137.93
2220,0004,SANTANDER,MARIA,SAQUE,2022-01-04T21:33:09,2141.11
1520,0002,SANTANDER,FELIPE,SAQUE,2022-02-08T23:27:15,2749.25
2220,0004,SANTANDER,ANA,SAQUE,2022-02-14T15:38:53,552.05
2220,0002,SANTANDER,FELIPE,SAQUE,2022-01-28T12:24:46,1229.90
9999,0002,SANTANDER,PAULA,DEPOSITO,2022-01-25T04:00:14,3999.45
3320,0007,SANTANDER,BRUNO,DEPOSITO,2022-02-04T02:47:53,1991.32
1520,0002,SANTANDER,JULIA,SAQUE,2022-02-09T00:02:35,433.15
2220,0004,SANTANDER,ANA,TRANSFERENCIA,2022-01-03T03:39:40,2093.18
3320,0004,SANTANDER,PAULA,DEPOSITO,2022-02-02T05:02:58,1692.52
2220,0007,SANTANDER,FELIPE,SAQUE,2022-01-24T11:47:39,2026.51
2220,0001,SANTANDER,FELIPE,DEPOSITO,2022-01-31T11:52:19,564.56
1520,0004,SANTANDER,BRUNO,TRANSFERENCIA,2022-02-17T07:47:24,209.30
9999,0001,SANTANDER,ANA,DEPOSITO,2022-01-08T09:07:42,3863.23
3320,0001,SANTANDER,RAFAEL,SAQUE,2022-02-07T04:37:16,2268.75
9999,0002,SANTANDER,FELIPE,SAQUE,2022-02-05T10:27:15,3997.39
3320,0002,SANTANDER,JULIA,SAQUE,2022-02-05T23:30:11,1363.94
1044,0004,SANTANDER,MARIA,DEPOSITO,2022-02-02T02:55:46,2365.93
1520,0007,SANTANDER,BIA,DEPOSITO,2022-01-19T06:52:36,727.26
1520,0002,SANTANDER,JOAO,SAQUE,2022-01-27T08:25:49,884.01
1044,0007,SANTANDER,RAFAEL,DEPOSITO,2022-02-02T03:05:38,3696.34
9999,0001,SANTANDER,FELIPE,TRANSFERENCIA,2022-01-04T08:26:25,1523.63
1520,0004,SANTANDER,CARLOS,TRANSFERENCIA,2022-02-18T23:23:37,164.85
1044,0001,SANTANDER,JOAO,TRANSFERENCIA,2022-01-22T11:48:01,952.62
2220,0004,SANTANDER,JULIA,SAQUE,2022-02-10T10:51:33,1016.21
3320,0001,SANTANDER,ANA,DEPOSITO,2022-02-05T18:12:42,3499.81
3320,0007,SANTANDER,JOAO,SAQUE,2022-02-26T01:59:46,4098.34
1044,0001,SANTANDER,BRUNO,DEPOSITO,2022-01-23T15:35:55,2254.74
2220,0001,SANTANDER,FELIPE,SAQUE,2022-02-14T21:31:17,54.61
1044,0007,SANTANDER,JOAO,SAQUE,2022-01-18T20:36:08,1705.70
9999,0002,SANTANDER,RAFAEL,TRANSFERENCIA,2022-01-22T17:53:56,4313.18
9999,0007,SANTANDER,MARIA,DEPOSITO,2022-02-22T08:08:24,1871.19
9999,0001,SANTANDER,PAULA,DEPOSITO,2022-02-28T18:03:19,2222.80
1520,0004,SANTANDER,BIA,SAQUE,2022-02-17T22:07:34,4759.25
3320,0002,SANTANDER,JOAO,TRANSFERENCIA,2022-01-07T17:13:22,4905.18
1044,0004,SANTANDER,BIA,SAQUE,2022-02-06T17:47:30,3033.27
9999,0002,SANTANDER,JULIA,TRANSFERENCIA,2022-01-08T03:35:04,2441.14
3320,0007,SANTANDER,CARLOS,TRANSFERENCIA,2022-02-18T12:04:37,140.62
9999,0004,SANTANDER,CARLOS,SAQUE,2022-02-07T10:45:45,1752.58
1044,0004,SANTANDER,FELIPE,TRANSFERENCIA,2022-02-02T10:23:25,2855.10
1044,0007,SANTANDER,JOAO,TRANSFERENCIA,2022-02-18T07:10:21,4262.61
2220,0004,SANTANDER,JOAO,TRANSFERENCIA,2022-01-26T08:04:48,1960.40
1520,0007,SANTANDER,RAFAEL,TRANSFERENCIA,2022-02-01T02:26:29,2127.47
3320,0007,SANTANDER,MARIA,TRANSFERENCIA,2022-01-16T13:05:43,2053.94
3320,0007,SANTANDER,MARIA,SAQUE,2022-02-24T11:29:17,2181.11
1520,0001,SANTANDER,JOAO,TRANSFERENCIA,2022-01-22T09:17:21,2180.59
1520,0001,SANTANDER,BIA,DEPOSITO,2022-02-25T12:19:25,18.44
9999,0001,SANTANDER,PAULA,SAQUE,2022-01-05T18:09:10,4361.91
3320,0007,SANTANDER,BRUNO,TRANSFERENCIA,2022-01-17T07:40:28,2637.38
1044,0007,SANTANDER,PAULA,DEPOSITO,2022-02-18T03:12:49,3924.69
1520,0004,SANTANDER,BIA,DEPOSITO,2022-01-14T00:32:57,3488.61
9999,0002,SANTANDER,MARIA,SAQUE,2022-02-24T16:16:36,1679.92
9999,0007,SANTANDER,CARLOS,DEPOSITO,2022-01-03T17:38:38,4820.74
2220,0002,SANTANDER,ANA,TRANSFERENCIA,2022-02-05T03:33:38,1952.33
9999,0001,SANTANDER,BIA,SAQUE,2022-01-15T11:53:08,185.56
1520,0002,SANTANDER,ANA,DEPOSITO,2022-01-24T07:36:32,4277.56
9999,0007,SANTANDER,CARLOS,TRANSFERENCIA,2022-02-21T12:29:48,3912.40
9999,0002,SANTANDER,ANA,SAQUE,2022-01-05T17:29:51,2480.45
1520,0007,SANTANDER,PAULA,TRANSFERENCIA,2022-01-26T19:05:17,4396.52
9999,0007,SANTANDER,PAULA,SAQUE,2022-02-05T06:05:54,2707.16
9999,0002,SANTANDER,MARIA,DEPOSITO,2022-02-18T05:14:57,1311.44
2220,0004,SANTANDER,PAULA,DEPOSITO,2022-02-28T22:54:30,1194.55
9999,0004,SANTANDER,RAFAEL,DEPOSITO,2022-01-21T23:41:22,2685.70
1044,0007,SANTANDER,BIA,TRANSFERENCIA,2022-02-27T07:23:35,2348.91
1520,0002,SANTANDER,ANA,SAQUE,2022-01-04T12:06:39,4211.92
9999,0002,SANTANDER,JOAO,TRANSFERENCIA,2022-02-06T21:23:07,4460.40
2220,0001,SANTANDER,FELIPE,DEPOSITO,2022-02-17T15:53:08,560.57
1520,0007,SANTANDER,BIA,TRANSFERENCIA,2022-01-19T08:44:57,1054.88
3320,0001,SANTANDER,JULIA,TRANSFERENCIA,2022-01-08T09:47:45,1227.33
9999,0007,SANTANDER,RAFAEL,SAQUE,2022-01-04T20:17:15,1605.36
2220,0002,SANTANDER,RAFAEL,TRANSFERENCIA,2022-02-16T08:31:07,1870.18
3320,0004,SANTANDER,ANA,SAQUE,2022-02-11T02:53:10,3448.04
1520,0002,SANTANDER,BIA,TRANSFERENCIA,2022-01-27T20:54:39,3877.98
2220,0004,SANTANDER,PAULA,TRANSFERENCIA,2022-01-13T00:41:05,569.57
9999,0002,SANTANDER,BRUNO,TRANSFERENCIA,2022-02-27T05:00:51,985.64
1044,0001,SANTANDER,PAULA,SAQUE,2022-02-25T09:33:37,4867.80
3320,0002,SANTANDER,BIA,SAQUE,2022-01-09T00:42:51,2203.04
2220,0007,SANTANDER,ANA,SAQUE,2022-01-24T17:14:55,2838.72
1044,0007,SANTANDER,ANA,TRANSFERENCIA,2022-01-06T09:16:47,1582.01
2220,0007,SANTANDER,PAULA,TRANSFERENCIA,2022-01-08T15:47:53,2293.94
3320,0001,SANTANDER,FELIPE,TRANSFERENCIA,2022-01-30T06:00:20,1059.20
1044,0002,SANTANDER,ANA,SAQUE,2022-02-18T19:51:07,4625.04
1520,0001,SANTANDER,ANA,DEPOSITO,2022-02-04T03:33:47,159.26
9999,0002,SANTANDER,PAULA,SAQUE,2022-01-05T20:53:24,3094.89
9999,0001,SANTANDER,JULIA,DEPOSITO,2022-02-27T10:21:04,3509.45
1044,0007,SANTANDER,ANA,DEPOSITO,2022-01-19T02:28:03,4410.42
1044,0002,SANTANDER,JULIA,TRANSFERENCIA,2022-01-10T17:59:43,2035.28
2220,0007,SANTANDER,JOAO,TRANSFERENCIA,2022-02-22T03:33:01,1577.80
1520,0007,SANTANDER,BIA,DEPOSITO,2022-01-23T02:52:50,3870.28
9999,0004,SANTANDER,CARLOS,SAQUE,2022-01-06T20:50:35,3929.46
1520,0001,SANTANDER,CARLOS,SAQUE,2022-02-17T06:17:25,3897.83
9999,0007,SANTANDER,CARLOS,TRANSFERENCIA,2022-01-19T17:36:33,1744.69
9999,0002,SANTANDER,MARIA,SAQUE,2022-01-11T08:52:18,4254.15
1520,0007,SANTANDER,BIA,TRANSFERENCIA,2022-01-12T00:45:49,1071.43
3320,0002,SANTANDER,ANA,DEPOSITO,2022-02-01T03:53:23,1051.48
1044,0001,SANTANDER,MARIA,SAQUE,2022-02-01T13:11:24,3583.48
1520,0002,SANTANDER,CARLOS,DEPOSITO,2022-02-05T20:50:14,1978.71
1520,0007,SANTANDER,CARLOS,TRANSFERENCIA,2022-01-16T16:01:22,1922.36
1044,0004,SANTANDER,ANA,DEPOSITO,2022-02-10T09:52:35,4945.72
1520,0002,SANTANDER,MARIA,SAQUE,2022-02-03T04:10:41,3545.53
2220,0002,SANTANDER,FELIPE,TRANSFERENCIA,2022-01-25T06:26:44,2848.51
1520,0007,SANTANDER,MARIA,DEPOSITO,2022-01-24T21:30:04,3332.37
3320,0004,SANTANDER,BRUNO,DEPOSITO,2022-01-07T00:36:27,4591.71
9999,0004,SANTANDER,CARLOS,DEPOSITO,2022-01-05T19:32:48,3603.99
1520,0007,SANTANDER,JOAO,SAQUE,2022-02-25T09:46:54,2627.92
1520,0001,SANTANDER,PAULA,TRANSFERENCIA,2022-02-04T16:57:58,542.67
3320,0004,SANTANDER,FELIPE,SAQUE,2022-01-26T05:16:52,3162.40
1520,0002,SANTANDER,JOAO,SAQUE,2022-01-17T01:32:41,1456.03
1520,0007,SANTANDER,ANA,DEPOSITO,2022-01-07T12:59:42,1915.47
1520,0004,SANTANDER,BRUNO,DEPOSITO,2022-01-09T08:08:51,2644.38
1044,0004,SANTANDER,MARIA,SAQUE,2022-01-22T04:45:00,3370.88
2220,0007,SANTANDER,ANA,TRANSFERENCIA,2022-01-02T04:44:17,703.25
1044,0001,SANTANDER,ANA,DEPOSITO,2022-02-01T00:28:33,2760.07
2220,0001,SANTANDER,ANA,TRANSFERENCIA,2022-02-15T23:12:15,2744.47
9999,0001,SANTANDER,ANA,SAQUE,2022-01-30T12:24:45,2963.65
3320,0001,SANTANDER,BIA,SAQUE,2022-01-10T23:10:40,3252.40
3320,0004,SANTANDER,RAFAEL,SAQUE,2022-01-29T04:11:56,551.68
1520,0001,SANTANDER,JULIA,TRANSFERENCIA,2022-02-05T03:05:41,3467.14
2220,0002,SANTANDER,BIA,SAQUE,2022-01-28T14:57:20,4273.75
2220,0004,SANTANDER,FELIPE,SAQUE,2022-01-12T17:15:57,4144.41
1520,0001,SANTANDER,PAULA,DEPOSITO,2022-01-05T04:06:01,761.58
9999,0004,SANTANDER,CARLOS,DEPOSITO,2022-02-18T20:31:57,2567.94
9999,0007,SANTANDER,BRUNO,DEPOSITO,2022-01-29T20:44:51,2719.25
9999,0002,SANTANDER,PAULA,SAQUE,2022-02-28T05:46:12,624.00
2220,0007,SANTANDER,ANA,TRANSFERENCIA,2022-01-10T21:10:02,4565.79
1044,0004,SANTANDER,BIA,SAQUE,2022-01-31T10:10:10,957.75
3320,0001,SANTANDER,RAFAEL,TRANSFERENCIA,2022-01-03T11:16:16,4462.26
1520,0002,SANTANDER,JOAO,TRANSFERENCIA,2022-01-31T13:10:36,4413.46
3320,0001,SANTANDER,ANA,DEPOSITO,2022-02-21T19:25:31,3837.75
3320,0004,SANTANDER,FELIPE,TRANSFERENCIA,2022-01-25T08:11:11,4670.50
1520,0002,SANTANDER,FELIPE,TRANSFERENCIA,2022-01-25T10:43:54,1973.29
2220,0007,SANTANDER,MARIA,TRANSFERENCIA,2022-01-24T13:31:22,4995.36
3320,0001,SANTANDER,FELIPE,DEPOSITO,2022-01-24T23:18:42,4686.53
1044,0002,SANTANDER,JULIA,TRANSFERENCIA,2022-02-11T03:47:10,2205.62
1520,0007,SANTANDER,PAULA,DEPOSITO,2022-01-03T21:03:40,1555.37
3320,0002,SANTANDER,BIA,TRANSFERENCIA,2022-02-17T21:55:21,3199.32
2220,0007,SANTANDER,PAULA,DEPOSITO,2022-01-06T00:43:25,4856.73
2220,0007,SANTANDER,FELIPE,SAQUE,2022-01-04T20:32:52,2244.66
1044,0002,SANTANDER,CARLOS,TRANSFERENCIA,2022-01-06T00:36:26,103.30
3320,0001,SANTANDER,ANA,SAQUE,2022-01-02T19:30:15,3439.92
9999,0007,SANTANDER,FELIPE,DEPOSITO,2022-02-14T20:25:34,4021.83
3320,0004,SANTANDER,CARLOS,SAQUE,2022-02-11T23:14:24,1732.43
1520,0007,SANTANDER,RAFAEL,TRANSFERENCIA,2022-01-21T03:12:06,2968.05
2220,0007,SANTANDER,JULIA,TRANSFERENCIA,2022-02-23T11:42:30,1595.99
3320,0002,SANTANDER,RAFAEL,TRANSFERENCIA,2022-01-11T00:56:05,4024.88
3320,0002,SANTANDER,BRUNO,TRANSFERENCIA,2022-01-19T14:42:08,4851.26
3320,0007,SANTANDER,RAFAEL,TRANSFERENCIA,2022-02-11T09:46:07,2580.35
2220,0001,SANTANDER,CARLOS,SAQUE,2022-01-23T13:10:46,1762.06
2220,0002,SANTANDER,MARIA,TRANSFERENCIA,2022-02-28T10:57:35,1836.71
3320,0001,SANTANDER,MARIA,TRANSFERENCIA,2022-02-11T09:32:27,3408.78
9999,0002,SANTANDER,MARIA,TRANSFERENCIA,2022-01-19T13:27:23,1594.42
1044,0007,SANTANDER,JOAO,DEPOSITO,2022-01-01T15:55:49,4075.66
1520,0007,SANTANDER,PAULA,DEPOSITO,2022-01-01T14:17:01,3616.35
9999,0004,SANTANDER,BIA,DEPOSITO,2022-02-26T02:31:53,3047.50
2220,0002,SANTANDER,ANA,DEPOSITO,2022-02-06T16:32:07,2523.34
2220,0002,SANTANDER,MARIA,SAQUE,2022-02-23T02:12:56,4671.89
1044,0004,SANTANDER,MARIA,TRANSFERENCIA,2022-01-25T23:19:50,2762.67
1044,0004,SANTANDER,FELIPE,SAQUE,2022-02-05T23:59:49,2913.91
1044,0001,SANTANDER,JULIA,SAQUE,2022-01-04T08:33:05,3712.74
9999,0001,SANTANDER,ANA,DEPOSITO,2022-01-10T08:19:09,2909.59
3320,0004,SANTANDER,MARIA,TRANSFERENCIA,2022-01-10T15:51:25,130.52
2220,0007,SANTANDER,CARLOS,DEPOSITO,2022-01-11T09:55:17,3362.95
2220,0002,SANTANDER,BRUNO,DEPOSITO,2022-02-28T18:41:55,50.07
1044,0001,SANTANDER,CARLOS,SAQUE,2022-02-17T16:39:48,1187.52
3320,0002,SANTANDER,JULIA,DEPOSITO,2022-01-14T00:57:38,2099.63
2220,0007,SANTANDER,JOAO,TRANSFERENCIA,2022-01-20T07:03:21,4417.71
3320,0002,SANTANDER,RAFAEL,SAQUE,2022-01-14T14:03:17,2580.26
2220,0001,SANTANDER,RAFAEL,TRANSFERENCIA,2022-02-25T08:40:07,3750.83
1044,0004,SANTANDER,PAULA,TRANSFERENCIA,2022-02-01T02:01:14,4386.75
1520,0001,SANTANDER,FELIPE,DEPOSITO,2022-01-31T19:04:06,4740.01
2220,0002,SANTANDER,PAULA,SAQUE,2022-01-07T19:52:52,439.31
9999,0002,SANTANDER,JULIA,SAQUE,2022-01-02T13:37:46,4981.56
9999,0007,SANTANDER,FELIPE,SAQUE,2022-01-06T05:27:07,4082.24
1044,0004,SANTANDER,JOAO,SAQUE,2022-01-23T19:18:05,4070.38
9999,0001,SANTANDER,RAFAEL,SAQUE,2022-01-24T15:17:22,3525.22
1044,0004,SANTANDER,MARIA,TRANSFERENCIA,2022-01-04T15:13:43,4588.56
3320,0001,SANTANDER,RAFAEL,SAQUE,2022-01-30T13:39:23,379.94
1044,0001,SANTANDER,RAFAEL,SAQUE,2022-02-13T11:18:30,228.66
9999,0004,SANTANDER,BRUNO,SAQUE,2022-02-11T05:25:02,3172.40
2220,0007,SANTANDER,JULIA,SAQUE,2022-01-07T05:40:07,1408.46
9999,0007,SANTANDER,JOAO,SAQUE,2022-01-13T11:05:54,4813.26
1044,0002,SANTANDER,CARLOS,TRANSFERENCIA,2022-02-18T02:46:29,1279.81
3320,0004,SANTANDER,CARLOS,SAQUE,2022-01-11T03:26:27,217.90
1044,0001,SANTANDER,JOAO,SAQUE,2022-01-29T13:36:09,4217.43
1520,0001,SANTANDER,JOAO,TRANSFERENCIA,2022-01-29T09:05:56,553.51
1520,0002,SANTANDER,ANA,DEPOSITO,2022-02-02T10:10:43,4800.25
2220,0004,SANTANDER,FELIPE,SAQUE,2022-02-15T20:40:28,3799.44
3320,0002,SANTANDER,JULIA,TRANSFERENCIA,2022-02-04T16:39:51,2116.89
2220,0002,SANTANDER,MARIA,DEPOSITO,2022-02-06T16:16:28,3974.76
1520,0007,SANTANDER,RAFAEL,DEPOSITO,2022-02-17T16:21:40,2118.17
2220,0004,SANTANDER,MARIA,SAQUE,2022-02-18T13:19:11,2402.43
1520,0002,SANTANDER,JULIA,TRANSFERENCIA,2022-02-22T03:24:18,421.04
9999,0002,SANTANDER,BIA,DEPOSITO,2022-01-16T14:32:38,209.56
9999,0007,SANTANDER,JULIA,SAQUE,2022-01-27T16:35:18,1806.87
9999,0004,SANTANDER,ANA,DEPOSITO,2022-02-18T16:05:36,2050.04
9999,0001,SANTANDER,PAULA,TRANSFERENCIA,2022-01-22T16:26:06,1403.47
9999,0001,SANTANDER,PAULA,TRANSFERENCIA,2022-02-09T02:27:05,3894.52
1520,0002,SANTANDER,MARIA,DEPOSITO,2022-02-17T00:52:24,4024.48
9999,0004,SANTANDER,BIA,SAQUE,2022-02-25T05:13:55,531.11
9999,0004,SANTANDER,JULIA,TRANSFERENCIA,2022-02-07T23:47:22,3601.74
1520,0004,SANTANDER,CARLOS,DEPOSITO,2022-02-28T08:18:59,956.88
3320,0002,SANTANDER,PAULA,SAQUE,2022-02-24T17:08:42,1581.68
1520,0007,SANTANDER,JULIA,TRANSFERENCIA,2022-01-31T11:42:15,4237.35
2220,0001,SANTANDER,FELIPE,SAQUE,2022-02-15T11:07:36,4817.71
1520,0004,SANTANDER,JULIA,DEPOSITO,2022-02-24T06:22:58,3283.99
3320,0001,SANTANDER,ANA,DEPOSITO,2022-02-03T19:27:49,3595.22
3320,0004,SANTANDER,CARLOS,DEPOSITO,2022-01-04T11:54:43,2251.43
9999,0007,SANTANDER,PAULA,DEPOSITO,2022-02-18T20:51:23,4372.76
9999,0002,SANTANDER,FELIPE,SAQUE,2022-01-04T00:53:45,3701.60
2220,0002,SANTANDER,JOAO,DEPOSITO,2022-01-03T02:28:51,3845.37
9999,0004,SANTANDER,PAULA,SAQUE,2022-01-13T02:47:38,3911.67
1044,0007,SANTANDER,MARIA,TRANSFERENCIA,2022-02-13T01:38:48,1835.94
2220,0001,SANTANDER,CARLOS,SAQUE,2022-01-03T05:33:37,4762.87
1044,0007,SANTANDER,BRUNO,DEPOSITO,2022-01-08T22:39:05,2609.56
1044,0004,SANTANDER,FELIPE,DEPOSITO,2022-01-13T05:47:40,3848.18
1044,0007,SANTANDER,JOAO,TRANSFERENCIA,2022-01-26T02:57:26,2815.19
2220,0007,SANTANDER,MARIA,SAQUE,2022-01-02T12:31:03,4898.33
9999,0007,SANTANDER,PAULA,SAQUE,2022-01-23T10:06:25,1211.70
1044,0007,SANTANDER,JOAO,TRANSFERENCIA,2022-01-28T16:43:01,3298.41
3320,0001,SANTANDER,PAULA,SAQUE,2022-01-14T01:38:58,1540.48
2220,0007,SANTANDER,RAFAEL,TRANSFERENCIA,2022-02-16T21:12:09,3286.69
1044,0001,SANTANDER,JULIA,TRANSFERENCIA,2022-01-06T12:55:45,1304.65
3320,0001,SANTANDER,PAULA,DEPOSITO,2022-02-27T17:59:13,4391.87
9999,0002,SANTANDER,CARLOS,DEPOSITO,2022-02-25T16:36:32,805.06
2220,0001,SANTANDER,CARLOS,TRANSFERENCIA,2022-01-12T18:26:39,527.31
3320,0001,SANTANDER,MARIA,TRANSFERENCIA,2022-02-11T08:39:49,3839.25
1044,0002,SANTANDER,FELIPE,SAQUE,2022-01-09T03:07:23,4070.54
1044,0007,SANTANDER,ANA,SAQUE,2022-02-19T12:37:47,3935.92
3320,0007,SANTANDER,ANA,TRANSFERENCIA,2022-01-08T19:59:00,4487.79
2220,0001,SANTANDER,JOAO,SAQUE,2022-01-27T08:00:18,1210.92
2220,0004,SANTANDER,JULIA,TRANSFERENCIA,2022-01-16T00:08:38,1771.14
2220,0007,SANTANDER,CARLOS,SAQUE,2022-02-02T02:21:44,1050.71
3320,0004,SANTANDER,MARIA,TRANSFERENCIA,2022-01-16T00:47:36,1028.32
1520,0004,SANTANDER,CARLOS,SAQUE,2022-01-07T10:51:59,568.60
1520,0002,SANTANDER,JOAO,DEPOSITO,2022-01-02T02:59:02,2444.51
3320,0007,SANTANDER,BIA,SAQUE,2022-01-06T02:56:06,3920.51
1044,0002,SANTANDER,FELIPE,SAQUE,2022-01-31T00:42:09,1324.63
2220,0007,SANTANDER,JULIA,TRANSFERENCIA,2022-02-05T11:45:49,4081.69
9999,0004,SANTANDER,FELIPE,DEPOSITO,2022-02-11T04:58:13,600.48
2220,0001,SANTANDER,ANA,TRANSFERENCIA,2022-02-25T10:14:10,3577.40
1044,0004,SANTANDER,FELIPE,DEPOSITO,2022-01-09T06:41:46,2670.16
1044,0004,SANTANDER,JULIA,DEPOSITO,2022-01-31T18:02:06,2677.04
3320,0007,SANTANDER,RAFAEL,SAQUE,2022-02-05T19:14:08,301.07
1520,0004,SANTANDER,BIA,TRANSFERENCIA,2022-01-31T04:33:13,4837.47
3320,0002,SANTANDER,FELIPE,SAQUE,2022-02-03T17:21:17,2776.25
9999,0002,SANTANDER,ANA,TRANSFERENCIA,2022-01-06T10:24:15,3468.63
1044,0002,SANTANDER,RAFAEL,TRANSFERENCIA,2022-01-03T22:30:37,1680.98
2220,0004,SANTANDER,JOAO,DEPOSITO,2022-02-19T08:50:41,441.06
2220,0002,SANTANDER,ANA,DEPOSITO,2022-01-29T14:40:41,4560.43
1044,0002,SANTANDER,CARLOS,TRANSFERENCIA,2022-02-15T23:00:40,2462.21
2220,0004,SANTANDER,CARLOS,DEPOSITO,2022-02-24T21:41:45,1953.20
9999,0002,SANTANDER,JOAO,DEPOSITO,2022-02-11T11:18:13,1412.28
1520,0001,SANTANDER,BRUNO,SAQUE,2022-02-07T12:41:06,2841.93
9999,0002,SANTANDER,BRUNO,DEPOSITO,2022-02-23T01:03:24,2172.52
2220,0004,SANTANDER,ANA,SAQUE,2022-02-18T05:43:08,2313.72
3320,0004,SANTANDER,CARLOS,TRANSFERENCIA,2022-02-06T21:05:21,104.47
1520,0002,SANTANDER,MARIA,SAQUE,2022-01-25T16:14:39,122.76
3320,0004,SANTANDER,CARLOS,DEPOSITO,2022-01-20T05:38:33,3015.66
1520,0001,SANTANDER,BRUNO,SAQUE,2022-02-25T16:21:45,4169.47
9999,0002,SANTANDER,FELIPE,TRANSFERENCIA,2022-01-25T13:14:06,2344.20
2220,0002,SANTANDER,BRUNO,SAQUE,2022-02-05T00:11:11,3342.48
1520,0007,SANTANDER,CARLOS,SAQUE,2022-01-13T01:48:54,3428.50
1520,0002,SANTANDER,FELIPE,DEPOSITO,2022-01-06T16:49:17,3245.77
3320,0004,SANTANDER,JULIA,TRANSFERENCIA,2022-02-28T00:14:41,2543.07
9999,0004,SANTANDER,CARLOS,SAQUE,2022-02-14T15:42:45,2784.50
1044,0002,SANTANDER,JULIA,DEPOSITO,2022-01-09T19:35:30,3932.00
2220,0004,SANTANDER,BIA,DEPOSITO,2022-01-26T11:49:01,1681.28
1044,0004,SANTANDER,BIA,DEPOSITO,2022-02-14T07:31:58,3665.50
1520,0002,SANTANDER,PAULA,TRANSFERENCIA,2022-01-19T17:49:44,3628.51
2220,0004,SANTANDER,FELIPE,DEPOSITO,2022-01-11T08:05:38,2645.89
3320,0002,SANTANDER,CARLOS,SAQUE,2022-01-16T16:05:33,1067.17
3320,0007,SANTANDER,FELIPE,DEPOSITO,2022-02-07T14:51:14,512.71
2220,0004,SANTANDER,JOAO,TRANSFERENCIA,2022-01-27T20:55:39,4892.49
1044,0007,SANTANDER,ANA,TRANSFERENCIA,2022-02-05T14:12:02,497.40
3320,0007,SANTANDER,JULIA,TRANSFERENCIA,2022-01-08T17:08:37,4785.05
1520,0004,SANTANDER,JOAO,SAQUE,2022-01-13T17:51:03,2659.95
9999,0002,SANTANDER,JOAO,DEPOSITO,2022-01-29T08:18:04,3396.18
1044,0004,SANTANDER,FELIPE,TRANSFERENCIA,2022-01-14T02:10:51,2212.32
2220,0007,SANTANDER,PAULA,DEPOSITO,2022-01-18T17:23:47,1032.18
3320,0004,SANTANDER,CARLOS,SAQUE,2022-01-23T06:09:37,4099.78
2220,0002,SANTANDER,FELIPE,TRANSFERENCIA,2022-02-12T18:21:35,2600.63
3320,0007,SANTANDER,BIA,SAQUE,2022-01-08T17:58:29,4124.53
1044,0001,SANTANDER,JOAO,SAQUE,2022-01-14T09:27:17,1897.40
2220,0007,SANTANDER,FELIPE,SAQUE,2022-01-25T23:55:28,969.36
1044,0007,SANTANDER,BIA,TRANSFERENCIA,2022-02-07T03:39:25,4856.28
1044,0002,SANTANDER,PAULA,SAQUE,2022-02-05T01:38:19,4513.12
2220,0002,SANTANDER,MARIA,SAQUE,2022-02-04T13:45:52,908.39
9999,0002,SANTANDER,MARIA,TRANSFERENCIA,2022-02-13T23:58:35,1110.68
9999,0004,SANTANDER,JOAO,DEPOSITO,2022-01-21T08:23:09,4206.64
2220,0007,SANTANDER,JULIA,SAQUE,2022-01-13T15:20:18,3061.89
3320,0004,SANTANDER,MARIA,TRANSFERENCIA,2022-01-31T05:28:36,2586.45
1520,0002,SANTANDER,PAULA,TRANSFERENCIA,2022-02-06T05:25:43,3033.08
1520,0002,SANTANDER,BRUNO,TRANSFERENCIA,2022-01-02T19:11:42,2.29
1520,0007,SANTANDER,FELIPE,SAQUE,2022-01-03T16:07:27,2804.31
2220,0001,SANTANDER,FELIPE,SAQUE,2022-02-20T17:23:20,2922.13
1044,0004,SANTANDER,FELIPE,SAQUE,2022-02-27T21:16:03,4979.83
1044,0007,SANTANDER,JOAO,SAQUE,2022-01-23T18:36:16,1049.32
1044,0007,SANTANDER,ANA,SAQUE,2022-02-14T16:26:46,1804.53
9999,0001,SANTANDER,JULIA,SAQUE,2022-01-20T02:08:22,69.79
9999,0001,SANTANDER,BRUNO,SAQUE,2022-02-28T17:46:21,1415.76
1520,0007,SANTANDER,ANA,SAQUE,2022-01-17T10:29:51,4773.76
1044,0001,SANTANDER,JULIA,SAQUE,2022-01-05T13:42:10,2219.07
9999,0007,SANTANDER,PAULA,TRANSFERENCIA,2022-02-03T22:30:26,2578.86
2220,0004,SANTANDER,ANA,TRANSFERENCIA,2022-02-22T13:06:36,1691.08
1520,0004,SANTANDER,BIA,SAQUE,2022-01-30T11:34:51,1676.95
1044,0007,SANTANDER,FELIPE,SAQUE,2022-02-07T22:41:30,2062.10
1044,0007,SANTANDER,FELIPE,DEPOSITO,2022-01-18T06:43:36,2509.02
1044,0001,SANTANDER,RAFAEL,SAQUE,2022-01-28T23:09:52,3836.09
3320,0001,SANTANDER,CARLOS,SAQUE,2022-02-23T17:36:51,1352.68
1044,0001,SANTANDER,CARLOS,DEPOSITO,2022-01-15T04:45:21,531.12
2220,0004,SANTANDER,JULIA,DEPOSITO,2022-02-28T17:13:33,4349.23
9999,0004,SANTANDER,MARIA,DEPOSITO,2022-02-06T16:00:35,2246.21
1520,0007,SANTANDER,RAFAEL,TRANSFERENCIA,2022-02-24T08:17:54,3360.41
2220,0004,SANTANDER,RAFAEL,DEPOSITO,2022-02-13T08:27:49,1354.39
1520,0001,SANTANDER,JOAO,DEPOSITO,2022-02-12T09:42:40,2289.19
3320,0007,SANTANDER,CARLOS,SAQUE,2022-02-18T22:24:49,2238.55
3320,0007,SANTANDER,RAFAEL,TRANSFERENCIA,2022-01-31T18:44:09,1083.92
2220,0001,SANTANDER,MARIA,SAQUE,2022-01-28T01:30:37,2875.38
1520,0007,SANTANDER,CARLOS,DEPOSITO,2022-02-28T00:35:34,2608.16
3320,0004,SANTANDER,JULIA,DEPOSITO,2022-02-23T01:37:40,73.94
2220,0001,SANTANDER,CARLOS,SAQUE,2022-02-16T20:14:35,3141.70
3320,0007,SANTANDER,ANA,SAQUE,2022-02-19T09:57:53,4190.18
1044,0007,SANTANDER,BIA,SAQUE,2022-02-11T22:53:17,4499.78
9999,0002,SANTANDER,JOAO,SAQUE,2022-01-16T10:34:45,2348.65
3320,0004,SANTANDER,PAULA,SAQUE,2022-01-14T16:30:54,1821.67
2220,0002,SANTANDER,MARIA,SAQUE,2022-01-25T04:36:13,25.29
9999,0004,SANTANDER,PAULA,TRANSFERENCIA,2022-02-19T02:56:34,4312.75
1044,0001,SANTANDER,ANA,SAQUE,2022-01-14T18:33:40,3528.49
3320,0004,SANTANDER,BRUNO,DEPOSITO,2022-01-02T21:57:11,35.53
9999,0001,SANTANDER,ANA,DEPOSITO,2022-02-22T04:54:51,1065.07
9999,0001,SANTANDER,JULIA,SAQUE,2022-01-20T15:07:27,4509.47
1044,0001,SANTANDER,JULIA,TRANSFERENCIA,2022-02-09T09:15:42,1692.55
3320,0002,SANTANDER,BIA,TRANSFERENCIA,2022-02-01T09:03:27,2168.98
9999,0004,SANTANDER,BIA,TRANSFERENCIA,2022-02-28T10:54:34,4989.83
2220,0007,SANTANDER,JOAO,TRANSFERENCIA,2022-02-18T09:12:17,4006.54
2220,0001,SANTANDER,JOAO,DEPOSITO,2022-01-27T10:38:05,4693.27
1520,0004,SANTANDER,JULIA,SAQUE,2022-02-13T05:15:02,157.90
1520,0004,SANTANDER,BIA,SAQUE,2022-02-17T09:35:25,4959.17
1044,0002,SANTANDER,BRUNO,TRANSFERENCIA,2022-02-12T11:52:30,413.16
2220,0002,SANTANDER,RAFAEL,TRANSFERENCIA,2022-02-14T12:13:23,2183.88
1520,0004,SANTANDER,PAULA,TRANSFERENCIA,2022-02-17T13:17:59,4000.15
1520,0004,SANTANDER,CARLOS,DEPOSITO,2022-02-18T16:47:48,2186.20
1520,0002,SANTANDER,CARLOS,TRANSFERENCIA,2022-02-18T11:51:17,1538.72
1044,0002,SANTANDER,PAULA,TRANSFERENCIA,2022-02-05T02:28:01,4412.01
1520,0004,SANTANDER,MARIA,TRANSFERENCIA,2022-02-28T16:15:56,2516.06
2220,0002,SANTANDER,BRUNO,SAQUE,2022-01-26T01:44:25,3430.56
3320,0001,SANTANDER,FELIPE,SAQUE,2022-01-20T21:34:41,3569.07
9999,0002,SANTANDER,MARIA,DEPOSITO,2022-02-24T16:19:14,3927.62
1520,0007,SANTANDER,MARIA,SAQUE,2022-01-14T10:59:23,3309.42
1520,0004,SANTANDER,CARLOS,TRANSFERENCIA,2022-01-26T02:30:21,4615.05
1044,0007,SANTANDER,PAULA,DEPOSITO,2022-01-07T21:36:28,1817.53
1044,0001,SANTANDER,PAULA,TRANSFERENCIA,2022-02-06T21:09:44,1953.55
1044,0004,SANTANDER,BRUNO,TRANSFERENCIA,2022-02-27T04:41:39,4189.29
9999,0001,SANTANDER,MARIA,DEPOSITO,2022-01-31T02:37:27,1853.54
2220,0007,SANTANDER,PAULA,DEPOSITO,2022-02-06T03:51:16,4082.29
2220,0007,SANTANDER,BRUNO,DEPOSITO,2022-02-16T16:00:50,4863.35
1520,0004,SANTANDER,FELIPE,SAQUE,2022-02-18T13:23:47,3356.40
1044,0002,SANTANDER,BIA,DEPOSITO,2022-01-31T04:20:08,1648.33
1044,0002,SANTANDER,MARIA,DEPOSITO,2022-02-05T07:36:53,311.05
9999,0007,SANTANDER,RAFAEL,SAQUE,2022-02-27T14:27:12,2792.00
2220,0002,SANTANDER,PAULA,DEPOSITO,2022-01-30T00:55:17,3702.26
3320,0002,SANTANDER,JOAO,DEPOSITO,2022-01-08T11:26:04,3435.01
9999,0004,SANTANDER,JOAO,DEPOSITO,2022-02-28T23:10:05,851.67
9999,0007,SANTANDER,JULIA,TRANSFERENCIA,2022-02-21T02:06:12,2159.54
1044,0001,SANTANDER,JOAO,DEPOSITO,2022-02-16T12:02:26,699.32
2220,0007,SANTANDER,JULIA,TRANSFERENCIA,2022-01-04T15:12:06,1229.52
1520,0004,SANTANDER,JULIA,SAQUE,2022-01-19T20:00:27,445.72
3320,0002,SANTANDER,JULIA,SAQUE,2022-01-08T16:02:11,543.36
1520,0004,SANTANDER,JOAO,DEPOSITO,2022-02-04T08:02:41,1258.71
9999,0004,SANTANDER,ANA,TRANSFERENCIA,2022-02-18T08:46:47,1599.59
3320,0004,SANTANDER,ANA,SAQUE,2022-02-25T07:03:42,1964.08
1044,0001,SANTANDER,CARLOS,SAQUE,2022-02-10T00:11:18,3043.46
1044,0004,SANTANDER,PAULA,TRANSFERENCIA,2022-02-20T19:20:11,1056.39
1520,0007,SANTANDER,BIA,TRANSFERENCIA,2022-01-20T09:22:43,3251.18
2220,0001,SANTANDER,JULIA,DEPOSITO,2022-02-03T21:27:22,4844.43
2220,0007,SANTANDER,JULIA,TRANSFERENCIA,2022-01-20T17:48:06,4039.62
9999,0004,SANTANDER,RAFAEL,DEPOSITO,2022-01-25T07:19:30,342.39
9999,0002,SANTANDER,ANA,TRANSFERENCIA,2022-02-07T13:56:56,4519.89
1520,0001,SANTANDER,BRUNO,SAQUE,2022-01-26T14:33:06,4303.70
9999,0004,SANTANDER,PAULA,DEPOSITO,2022-01-17T07:44:58,2959.96
2220,0004,SANTANDER,FELIPE,DEPOSITO,2022-02-20T23:49:46,4300.17
1520,0007,SANTANDER,BIA,DEPOSITO,2022-01-19T13:37:11,2171.10
9999,0001,SANTANDER,MARIA,SAQUE,2022-01-13T17:31:22,3275.24
2220,0001,SANTANDER,BIA,SAQUE,2022-01-31T08:53:43,4280.45
3320,0001,SANTANDER,JULIA,TRANSFERENCIA,2022-02-14T02:21:16,795.07
3320,0001,SANTANDER,ANA,TRANSFERENCIA,2022-01-08T07:18:07,2861.08
1044,0004,SANTANDER,BRUNO,SAQUE,2022-01-30T14:06:34,4077.73
1044,0007,SANTANDER,FELIPE,SAQUE,2022-01-04T11:04:24,470.16
1044,0007,SANTANDER,BRUNO,SAQUE,2022-01-23T21:30:16,3008.53
1044,0001,SANTANDER,RAFAEL,SAQUE,2022-01-28T22:58:10,943.86
3320,0007,SANTANDER,FELIPE,DEPOSITO,2022-01-24T08:35:51,3368.31
1520,0004,SANTANDER,JOAO,SAQUE,2022-01-06T05:01:24,3216.38
1044,0004,SANTANDER,BIA,TRANSFERENCIA,2022-01-28T13:20:37,328.66
1044,0002,SANTANDER,JOAO,SAQUE,2022-01-28T11:37:47,2646.57
3320,0004,SANTANDER,JOAO,DEPOSITO,2022-01-28T04:29:36,1845.99
9999,0002,SANTANDER,JULIA,SAQUE,2022-02-20T01:10:55,271.49
9999,0007,SANTANDER,JOAO,SAQUE,2022-01-26T17:29:26,1349.88
1044,0002,SANTANDER,MARIA,SAQUE,2022-01-02T04:01:09,2340.82
1520,0002,SANTANDER,JULIA,TRANSFERENCIA,2022-02-01T21:33:58,3513.32
3320,0002,SANTANDER,PAULA,DEPOSITO,2022-01-22T10:03:45,2448.10
1044,0004,SANTANDER,CARLOS,DEPOSITO,2022-02-08T15:01:38,325.29
3320,0007,SANTANDER,ANA,DEPOSITO,2022-01-22T20:51:06,1688.43
1044,0001,SANTANDER,CARLOS,DEPOSITO,2022-01-10T10:46:53,899.44
2220,0007,SANTANDER,BRUNO,SAQUE,2022-02-02T23:17:30,4456.69
3320,0002,SANTANDER,BIA,TRANSFERENCIA,2022-01-13T09:10:56,3036.48
3320,0007,SANTANDER,JOAO,SAQUE,2022-01-07T16:43:16,1729.38
1520,0002,SANTANDER,CARLOS,SAQUE,2022-01-25T05:31:08,2847.40
2220,0002,SANTANDER,PAULA,TRANSFERENCIA,2022-02-22T09:20:43,4862.19
1044,0002,SANTANDER,CARLOS,DEPOSITO,2022-02-15T22:31:45,945.53
9999,0001,SANTANDER,FELIPE,TRANSFERENCIA,2022-02-28T14:39:36,4322.89
3320,0007,SANTANDER,MARIA,TRANSFERENCIA,2022-02-28T07:17:58,549.10
2220,0004,SANTANDER,BIA,SAQUE,2022-02-25T02:02:34,3484.39
1044,0004,SANTANDER,PAULA,TRANSFERENCIA,2022-01-09T11:58:09,4744.73
3320,0001,SANTANDER,MARIA,DEPOSITO,2022-01-19T03:40:43,4915.14
1520,0007,SANTANDER,ANA,TRANSFERENCIA,2022-01-09T15:01:05,230.24
1044,0004,SANTANDER,JULIA,DEPOSITO,2022-01-25T09:18:17,4382.89
2220,0004,SANTANDER,CARLOS,DEPOSITO,2022-01-21T09:57:13,4118.74
9999,0007,SANTANDER,BIA,SAQUE,2022-01-25T13:15:32,737.62
1520,0001,SANTANDER,PAULA,TRANSFERENCIA,2022-01-15T14:05:55,826.58
2220,0007,SANTANDER,RAFAEL,SAQUE,2022-01-31T23:39:01,786.90
9999,0001,SANTANDER,RAFAEL,DEPOSITO,2022-02-22T22:47:50,1598.72
2220,0001,SANTANDER,JOAO,TRANSFERENCIA,2022-01-22T04:40:27,942.59
1044,0002,SANTANDER,JOAO,SAQUE,2022-01-05T05:35:26,2940.42
1520,0007,SANTANDER,JULIA,TRANSFERENCIA,2022-01-14T15:24:48,1711.19
2220,0007,SANTANDER,PAULA,DEPOSITO,2022-01-28T13:02:13,2013.03
9999,0007,SANTANDER,MARIA,DEPOSITO,2022-01-17T02:06:19,2764.15
1044,0007,SANTANDER,JOAO,SAQUE,2022-01-29T02:06:21,1371.81
2220,0002,SANTANDER,JULIA,SAQUE,2022-01-28T20:51:23,4100.41
1044,0007,SANTANDER,RAFAEL,DEPOSITO,2022-01-07T07:35:45,1671.59
2220,0002,SANTANDER,ANA,SAQUE,2022-02-15T04:47:07,1563.73
3320,0004,SANTANDER,MARIA,TRANSFERENCIA,2022-02-05T13:53:32,542.02
2220,0007,SANTANDER,BIA,TRANSFERENCIA,2022-02-07T12:51:16,1795.52
9999,0004,SANTANDER,BIA,DEPOSITO,2022-02-01T18:27:07,3945.56
1520,0001,SANTANDER,JULIA,TRANSFERENCIA,2022-01-22T06:08:20,2239.07
1044,0002,SANTANDER,FELIPE,TRANSFERENCIA,2022-02-08T08:47:35,3684.08
9999,0004,SANTANDER,FELIPE,SAQUE,2022-01-01T20:17:00,2820.20
3320,0002,SANTANDER,ANA,SAQUE,2022-01-26T18:48:42,1693.22
2220,0004,SANTANDER,JULIA,DEPOSITO,2022-01-13T15:59:52,1150.03
2220,0007,SANTANDER,JOAO,DEPOSITO,2022-01-07T19:18:49,1424.42
2220,0004,SANTANDER,JULIA,SAQUE,2022-01-18T22:48:51,3094.52
2220,0001,SANTANDER,RAFAEL,SAQUE,2022-01-22T10:13:11,3950.59
3320,0002,SANTANDER,BIA,TRANSFERENCIA,2022-01-14T20:36:59,610.18
9999,0002,SANTANDER,ANA,TRANSFERENCIA,2022-01-15T10:16:28,1557.67
3320,0002,SANTANDER,FELIPE,TRANSFERENCIA,2022-02-05T20:29:10,165.65
1044,0007,SANTANDER,FELIPE,TRANSFERENCIA,2022-01-26T06:32:33,128.86
2220,0004,SANTANDER,JULIA,TRANSFERENCIA,2022-01-06T06:50:35,4605.82
2220,0002,SANTANDER,CARLOS,DEPOSITO,2022-02-09T02:45:55,2290.08
9999,0001,SANTANDER,JOAO,DEPOSITO,2022-02-19T02:33:09,779.99
1044,0007,SANTANDER,BRUNO,DEPOSITO,2022-02-06T15:08:22,3038.22
9999,0002,SANTANDER,BRUNO,TRANSFERENCIA,2022-01-01T11:21:24,3400.36
9999,0004,SANTANDER,JULIA,TRANSFERENCIA,2022-02-09T15:48:54,2528.29
1044,0001,SANTANDER,RAFAEL,DEPOSITO,2022-02-02T13:30:57,2896.83
1044,0007,SANTANDER,FELIPE,TRANSFERENCIA,2022-02-16T06:50:51,3963.99
2220,0007,SANTANDER,BIA,SAQUE,2022-01-21T11:00:06,4036.16
3320,0004,SANTANDER,PAULA,TRANSFERENCIA,2022-01-16T10:07:23,2439.72
1044,0007,SANTANDER,RAFAEL,TRANSFERENCIA,2022-02-28T19:28:22,3558.31
2220,0001,SANTANDER,CARLOS,DEPOSITO,2022-01-18T04:03:25,962.99
3320,0004,SANTANDER,CARLOS,DEPOSITO,2022-02-10T09:47:14,1989.39
1520,0004,SANTANDER,MARIA,DEPOSITO,2022-02-28T04:55:31,3644.61
2220,0001,SANTANDER,RAFAEL,SAQUE,2022-02-06T17:48:07,4350.57
2220,0002,SANTANDER,RAFAEL,TRANSFERENCIA,2022-02-07T11:42:33,3789.00
9999,0007,SANTANDER,BIA,SAQUE,2022-01-27T09:25:51,4859.34
9999,0004,SANTANDER,JOAO,SAQUE,2022-02-04T23:23:19,417.84
2220,0004,SANTANDER,BRUNO,SAQUE,2022-01-23T06:53:07,3336.44
1044,0001,SANTANDER,RAFAEL,TRANSFERENCIA,2022-01-23T02:56:52,3477.32
3320,0001,SANTANDER,RAFAEL,SAQUE,2022-02-22T20:40:23,139.27
2220,0002,SANTANDER,CARLOS,DEPOSITO,2022-02-10T20:36:01,2928.50
3320,0002,SANTANDER,PAULA,DEPOSITO,2022-02-28T11:51:06,4847.25
3320,0001,SANTANDER,MARIA,TRANSFERENCIA,2022-01-16T07:35:23,800.55
1520,0001,SANTANDER,BRUNO,SAQUE,2022-01-10T07:13:50,2506.37
1044,0002,SANTANDER,JOAO,SAQUE,2022-01-15T21:11:26,1203.06
1520,0004,SANTANDER,FELIPE,SAQUE,2022-01-08T02:33:33,4640.98
3320,0007,SANTANDER,JULIA,TRANSFERENCIA,2022-01-07T11:06:52,1456.15
1520,0002,SANTANDER,MARIA,SAQUE,2022-02-17T02:12:41,228.46
3320,0001,SANTANDER,RAFAEL,TRANSFERENCIA,2022-02-11T09:41:38,2420.05
1520,0001,SANTANDER,FELIPE,TRANSFERENCIA,2022-02-03T18:09:42,3022.37
3320,0001,SANTANDER,PAULA,DEPOSITO,2022-02-01T02:07:13,1994.87
9999,0001,SANTANDER,JOAO,TRANSFERENCIA,2022-01-01T13:17:21,3451.62
9999,0001,SANTANDER,PAULA,DEPOSITO,2022-02-03T06:40:26,4214.63
3320,0002,SANTANDER,CARLOS,DEPOSITO,2022-02-21T10:03:19,1193.05
3320,0007,SANTANDER,MARIA,DEPOSITO,2022-01-08T01:28:27,1563.77
2220,0004,SANTANDER,BRUNO,TRANSFERENCIA,2022-01-12T04:35:45,568.72
1520,0007,SANTANDER,JOAO,SAQUE,2022-02-16T20:36:56,704.02
3320,0001,SANTANDER,CARLOS,SAQUE,2022-01-05T12:33:20,3116.60
9999,0001,SANTANDER,RAFAEL,TRANSFERENCIA,2022-01-20T14:56:23,1415.88
9999,0001,SANTANDER,FELIPE,SAQUE,2022-01-17T06:50:31,567.17
1520,0001,SANTANDER,ANA,TRANSFERENCIA,2022-01-21T20:16:31,890.56
1520,0002,SANTANDER,FELIPE,TRANSFERENCIA,2022-02-04T00:15:56,935.32
2220,0007,SANTANDER,FELIPE,DEPOSITO,2022-01-15T07:49:44,3278.05
1520,0002,SANTANDER,MARIA,SAQUE,2022-01-11T20:17:14,494.54
2220,0004,SANTANDER,CARLOS,SAQUE,2022-02-21T08:58:02,4772.89
3320,0002,SANTANDER,BRUNO,DEPOSITO,2022-01-03T13:55:04,508.47
1520,0007,SANTANDER,PAULA,TRANSFERENCIA,2022-01-11T18:13:17,565.59
2220,0007,SANTANDER,RAFAEL,DEPOSITO,2022-01-14T04:12:08,4765.47
1520,0002,SANTANDER,ANA,SAQUE,2022-02-02T08:09:44,944.82
2220,0004,SANTANDER,FELIPE,DEPOSITO,2022-02-12T22:55:17,1170.08
1520,0002,SANTANDER,FELIPE,SAQUE,2022-02-25T16:03:15,1495.03
2220,0004,SANTANDER,JULIA,TRANSFERENCIA,2022-01-03T05:57:26,1415.28
1520,0004,SANTANDER,JULIA,SAQUE,2022-02-20T16:07:43,1405.78
1520,0001,SANTANDER,ANA,SAQUE,2022-02-13T10:25:16,1612.44
1044,0001,SANTANDER,RAFAEL,DEPOSITO,2022-02-18T17:16:48,1600.23
9999,0004,SANTANDER,BRUNO,DEPOSITO,2022-02-13T08:36:32,312.36
2220,0004,SANTANDER,BRUNO,DEPOSITO,2022-02-17T18:45:48,248.51
1520,0002,SANTANDER,JOAO,TRANSFERENCIA,2022-02-13T15:25:30,1964.12
1044,0001,SANTANDER,ANA,TRANSFERENCIA,2022-01-23T13:16:52,1610.33
1520,0001,SANTANDER,PAULA,SAQUE,2022-02-12T21:37:20,835.82
9999,0007,SANTANDER,JULIA,TRANSFERENCIA,2022-01-14T08:30:14,2742.94
9999,0001,SANTANDER,MARIA,TRANSFERENCIA,2022-02-23T02:56:12,4538.97
3320,0001,SANTANDER,ANA,SAQUE,2022-01-09T17:41:38,3757.28
1520,0002,SANTANDER,CARLOS,SAQUE,2022-02-11T11:23:45,4477.06
2220,0001,SANTANDER,MARIA,TRANSFERENCIA,2022-02-27T22:02:02,198.66
1520,0002,SANTANDER,CARLOS,SAQUE,2022-02-08T22:55:59,1574.68
1520,0007,SANTANDER,CARLOS,DEPOSITO,2022-01-08T12:54:50,3595.36
2220,0001,SANTANDER,BRUNO,DEPOSITO,2022-02-22T12:05:00,1758.87
2220,0007,SANTANDER,RAFAEL,TRANSFERENCIA,2022-02-09T08:58:27,4760.69
1520,0002,SANTANDER,CARLOS,SAQUE,2022-02-13T11:31:18,3691.64
9999,0001,SANTANDER,CARLOS,TRANSFERENCIA,2022-01-29T21:50:13,2715.58
1520,0002,SANTANDER,RAFAEL,TRANSFERENCIA,2022-02-20T14:31:13,603.23
1520,0001,SANTANDER,MARIA,DEPOSITO,2022-02-02T13:13:53,3493.81
2220,0007,SANTANDER,PAULA,DEPOSITO,2022-02-10T09:34:00,4510.69
9999,0004,SANTANDER,FELIPE,DEPOSITO,2022-02-24T19:22:01,1996.13
1520,0001,SANTANDER,PAULA,SAQUE,2022-02-25T04:06:18,767.24
1520,0007,SANTANDER,BRUNO,DEPOSITO,2022-02-02T03:31:59,376.43
2220,0007,SANTANDER,JOAO,SAQUE,2022-01-15T19:30:53,3327.74
9999,0001,SANTANDER,CARLOS,TRANSFERENCIA,2022-02-03T23:34:29,4786.30
1044,0007,SANTANDER,RAFAEL,SAQUE,2022-02-12T18:16:16,2302.78
3320,0004,SANTANDER,JULIA,TRANSFERENCIA,2022-01-15T10:39:20,297.53
1044,0002,SANTANDER,RAFAEL,DEPOSITO,2022-02-20T21:19:18,2820.58
2220,0002,SANTANDER,ANA,TRANSFERENCIA,2022-02-18T17:49:03,2494.76
2220,0002,SANTANDER,BIA,TRANSFERENCIA,2022-01-19T11:08:18,1075.59
1044,0007,SANTANDER,JOAO,SAQUE,2022-01-25T18:02:38,151.03
9999,0002,SANTANDER,BIA,TRANSFERENCIA,2022-02-08T22:07:37,3330.23
3320,0004,SANTANDER,BRUNO,DEPOSITO,2022-02-21T19:38:49,1430.70
3320,0007,SANTANDER,JULIA,TRANSFERENCIA,2022-02-24T02:27:20,1163.36
2220,0004,SANTANDER,FELIPE,TRANSFERENCIA,2022-01-24T06:38:56,3014.45
9999,0007,SANTANDER,PAULA,DEPOSITO,2022-01-17T02:51:30,3945.38
3320,0007,SANTANDER,JULIA,DEPOSITO,2022-01-22T22:01:48,4152.35
1044,0001,SANTANDER,BRUNO,TRANSFERENCIA,2022-01-16T08:15:15,283.55
1520,0007,SANTANDER,BRUNO,SAQUE,2022-01-24T20:51:22,1351.58
1520,0001,SANTANDER,CARLOS,TRANSFERENCIA,2022-01-13T22:21:40,460.24
2220,0002,SANTANDER,CARLOS,TRANSFERENCIA,2022-02-03T08:06:24,886.09
2220,0002,SANTANDER,BRUNO,SAQUE,2022-02-21T06:44:47,2783.47
3320,0002,SANTANDER,JULIA,DEPOSITO,2022-02-14T14:24:35,161.74
1044,0004,SANTANDER,ANA,DEPOSITO,2022-01-12T09:04:48,3701.24
1044,0002,SANTANDER,CARLOS,DEPOSITO,2022-01-15T07:13:46,421.18
1520,0007,SANTANDER,ANA,DEPOSITO,2022-02-25T21:51:33,1325.62
9999,0004,SANTANDER,PAULA,TRANSFERENCIA,2022-01-29T00:59:48,834.34
1520,0004,SANTANDER,FELIPE,TRANSFERENCIA,2022-01-30T03:38:40,1893.45
9999,0001,SANTANDER,ANA,SAQUE,2022-01-16T16:08:09,3120.58
1520,0007,SANTANDER,CARLOS,DEPOSITO,2022-01-17T20:36:16,4510.48
2220,0004,SANTANDER,FELIPE,TRANSFERENCIA,2022-02-27T21:19:15,4392.33
2220,0002,SANTANDER,CARLOS,DEPOSITO,2022-01-20T20:02:51,1616.72
9999,0007,SANTANDER,ANA,TRANSFERENCIA,2022-02-25T08:00:31,4060.10
1044,0002,SANTANDER,JOAO,SAQUE,2022-02-15T02:52:14,1581.11
1520,0004,SANTANDER,ANA,TRANSFERENCIA,2022-01-08T07:26:55,3984.89
3320,0004,SANTANDER,PAULA,TRANSFERENCIA,2022-01-18T05:25:24,4587.09
3320,0001,SANTANDER,ANA,DEPOSITO,2022-02-24T03:32:49,858.41
1044,0002,SANTANDER,MARIA,SAQUE,2022-02-18T20:28:33,459.86
1044,0007,SANTANDER,CARLOS,SAQUE,2022-02-16T10:45:17,2675.83
2220,0002,SANTANDER,CARLOS,SAQUE,2022-01-05T14:33:24,4938.94
1520,0004,SANTANDER,BRUNO,SAQUE,2022-02-11T08:07:28,2104.17
9999,0007,SANTANDER,MARIA,TRANSFERENCIA,2022-01-03T13:42:51,1888.72
9999,0007,SANTANDER,JULIA,TRANSFERENCIA,2022-02-13T06:57:41,4565.76
9999,0001,SANTANDER,FELIPE,SAQUE,2022-02-20T09:03:39,4564.40
9999,0001,SANTANDER,BRUNO,DEPOSITO,2022-01-01T20:51:53,2124.28
1044,0007,SANTANDER,MARIA,DEPOSITO,2022-02-26T10:32:47,45.93
1520,0002,SANTANDER,ANA,SAQUE,2022-01-14T11:24:41,3636.01
3320,0001,SANTANDER,BRUNO,SAQUE,2022-01-01T03:50:22,4548.96
1520,0002,SANTANDER,PAULA,SAQUE,2022-02-24T04:03:07,4641.85
9999,0007,SANTANDER,RAFAEL,SAQUE,2022-01-13T23:27:37,564.99
3320,0001,SANTANDER,RAFAEL,DEPOSITO,2022-01-08T18:17:35,1322.10
9999,0004,SANTANDER,FELIPE,DEPOSITO,2022-01-04T13:29:06,4252.48
9999,0007,SANTANDER,BRUNO,TRANSFERENCIA,2022-02-28T16:36:44,4072.26
2220,0004,SANTANDER,FELIPE,SAQUE,2022-01-06T23:39:53,3237.01
1044,0001,SANTANDER,CARLOS,DEPOSITO,2022-01-14T05:52:11,1287.68
1520,0007,SANTANDER,JULIA,DEPOSITO,2022-01-17T11:08:59,1234.21
9999,0007,SANTANDER,MARIA,TRANSFERENCIA,2022-02-04T08:47:52,2894.50
3320,0004,SANTANDER,BIA,TRANSFERENCIA,2022-02-28T05:13:17,1367.03
1044,0007,SANTANDER,BRUNO,SAQUE,2022-02-17T13:15:52,3511.94
9999,0002,SANTANDER,BIA,SAQUE,2022-01-03T18:54:36,1700.73
2220,0007,SANTANDER,BIA,DEPOSITO,2022-02-28T08:00:30,3206.92
3320,0007,SANTANDER,PAULA,DEPOSITO,2022-01-02T12:58:39,2345.76
1520,0001,SANTANDER,ANA,TRANSFERENCIA,2022-01-22T04:57:04,3026.62
9999,0001,SANTANDER,ANA,SAQUE,2022-01-28T06:10:29,4086.72
3320,0001,SANTANDER,JULIA,DEPOSITO,2022-02-12T02:28:45,3710.63
3320,0004,SANTANDER,RAFAEL,TRANSFERENCIA,2022-02-09T18:56:16,3095.24
2220,0007,SANTANDER,JOAO,TRANSFERENCIA,2022-02-10T16:40:32,1058.18
1044,0007,SANTANDER,BRUNO,SAQUE,2022-02-17T04:51:26,1633.94
1520,0002,SANTANDER,MARIA,SAQUE,2022-01-09T14:27:32,2502.54
3320,0007,SANTANDER,FELIPE,TRANSFERENCIA,2022-01-14T06:42:56,1899.07
1044,0001,SANTANDER,RAFAEL,SAQUE,2022-01-13T16:26:59,4273.17
1044,0004,SANTANDER,JOAO,TRANSFERENCIA,2022-02-03T21:19:18,4913.36
9999,0002,SANTANDER,ANA,DEPOSITO,2022-02-06T06:19:13,1202.77
3320,0004,SANTANDER,JULIA,DEPOSITO,2022-02-13T23:55:54,3819.16
9999,0004,SANTANDER,JOAO,DEPOSITO,2022-02-10T12:30:38,4605.82
1044,0004,SANTANDER,PAULA,SAQUE,2022-02-17T04:05:27,4377.54
1044,0004,SANTANDER,FELIPE,DEPOSITO,2022-01-08T09:12:21,853.15
1044,0004,SANTANDER,BRUNO,DEPOSITO,2022-02-27T12:48:09,4228.66
1520,0001,SANTANDER,PAULA,DEPOSITO,2022-01-17T11:53:22,4260.65
2220,0002,SANTANDER,BIA,DEPOSITO,2022-02-24T14:58:16,3428.58
2220,0004,SANTANDER,FELIPE,SAQUE,2022-02-08T14:01:44,2482.26
9999,0001,SANTANDER,FELIPE,SAQUE,2022-01-22T18:07:19,3324.20
1044,0004,SANTANDER,JOAO,DEPOSITO,2022-01-01T02:08:49,295.19
1044,0001,SANTANDER,ANA,TRANSFERENCIA,2022-01-08T23:25:08,4706.78
1044,0002,SANTANDER,BRUNO,TRANSFERENCIA,2022-02-01T01:22:18,2349.46
1044,0002,SANTANDER,RAFAEL,DEPOSITO,2022-01-07T17:13:33,3536.12
3320,0007,SANTANDER,BRUNO,TRANSFERENCIA,2022-01-25T01:05:03,1669.21
9999,0004,SANTANDER,BRUNO,SAQUE,2022-01-31T07:41:42,655.07
2220,0002,SANTANDER,JOAO,DEPOSITO,2022-01-06T18:45:48,2556.10
3320,0001,SANTANDER,BRUNO,SAQUE,2022-01-20T20:30:12,1318.04
2220,0001,SANTANDER,MARIA,TRANSFERENCIA,2022-02-28T03:20:52,2491.40
2220,0002,SANTANDER,PAULA,SAQUE,2022-02-20T14:40:08,898.61
2220,0004,SANTANDER,BIA,SAQUE,2022-01-22T05:10:11,3458.03
1520,0004,SANTANDER,MARIA,TRANSFERENCIA,2022-01-07T09:41:25,2405.33
2220,0001,SANTANDER,JULIA,SAQUE,2022-01-23T11:13:03,306.72
1044,0004,SANTANDER,CARLOS,SAQUE,2022-02-21T08:59:16,3250.87
3320,0007,SANTANDER,BRUNO,SAQUE,2022-01-18T13:08:29,3385.24
9999,0002,SANTANDER,MARIA,SAQUE,2022-02-15T18:02:08,4553.06
9999,0001,SANTANDER,FELIPE,TRANSFERENCIA,2022-01-07T11:41:17,158.04
3320,0007,SANTANDER,PAULA,TRANSFERENCIA,2022-02-10T02:48:55,2493.85
2220,0007,SANTANDER,PAULA,SAQUE,2022-02-10T09:26:17,1711.00
2220,0007,SANTANDER,CARLOS,DEPOSITO,2022-02-03T20:16:57,1494.68
9999,0001,SANTANDER,JULIA,DEPOSITO,2022-02-18T23:01:15,555.02
1044,0004,SANTANDER,JULIA,DEPOSITO,2022-01-11T18:44:24,540.29
1520,0002,SANTANDER,BRUNO,TRANSFERENCIA,2022-01-20T20:05:50,2871.42
1044,0002,SANTANDER,JULIA,SAQUE,2022-02-22T04:07:50,3091.73
3320,0002,SANTANDER,JULIA,SAQUE,2022-01-08T23:38:41,1029.67
1520,0004,SANTANDER,RAFAEL,DEPOSITO,2022-02-02T15:46:42,3733.81
1520,0007,SANTANDER,JOAO,SAQUE,2022-02-06T13:20:45,1252.74
2220,0002,SANTANDER,BRUNO,SAQUE,2022-02-07T10:17:48,2200.64
1520,0004,SANTANDER,MARIA,TRANSFERENCIA,2022-01-29T19:57:08,1529.24
9999,0007,SANTANDER,BRUNO,SAQUE,2022-01-11T10:10:21,4662.79
2220,0004,SANTANDER,RAFAEL,SAQUE,2022-01-25T18:08:09,3304.85
2220,0007,SANTANDER,JULIA,SAQUE,2022-01-17T22:03:59,2916.08
1520,0007,SANTANDER,BIA,DEPOSITO,2022-02-16T09:47:15,4591.22
1044,0002,SANTANDER,JOAO,SAQUE,2022-01-23T05:21:06,3702.89
1044,0002,SANTANDER,PAULA,DEPOSITO,2022-01-11T20:10:43,804.88
9999,0002,SANTANDER,RAFAEL,DEPOSITO,2022-02-21T12:40:16,4931.83
9999,0001,SANTANDER,BIA,TRANSFERENCIA,2022-02-27T05:33:42,4768.63
1044,0004,SANTANDER,MARIA,DEPOSITO,2022-02-02T09:50:30,3125.08
1520,0004,SANTANDER,ANA,DEPOSITO,2022-01-29T11:13:09,4992.19
2220,0004,SANTANDER,ANA,SAQUE,2022-01-24T03:10:40,4123.51
1520,0001,SANTANDER,CARLOS,SAQUE,2022-02-05T23:05:51,850.21
3320,0007,SANTANDER,PAULA,TRANSFERENCIA,2022-02-05T11:37:33,1651.84
2220,0001,SANTANDER,MARIA,TRANSFERENCIA,2022-02-27T01:57:30,2350.16
2220,0004,SANTANDER,JOAO,SAQUE,2022-01-30T05:59:21,1879.38
1520,0002,SANTANDER,BRUNO,DEPOSITO,2022-01-14T21:48:11,3794.09
1044,0001,SANTANDER,FELIPE,TRANSFERENCIA,2022-01-03T16:54:57,287.42
1044,0001,SANTANDER,PAULA,DEPOSITO,2022-01-04T03:37:06,4143.45
2220,0002,SANTANDER,CARLOS,TRANSFERENCIA,2022-02-11T02:29:41,215.42
3320,0001,SANTANDER,BRUNO,SAQUE,2022-01-22T12:16:20,3318.45
1520,0007,SANTANDER,BIA,TRANSFERENCIA,2022-01-13T09:06:09,4009.66
1520,0007,SANTANDER,CARLOS,DEPOSITO,2022-02-16T17:48:59,1618.74
3320,0007,SANTANDER,ANA,DEPOSITO,2022-01-18T09:31:29,3588.07
3320,0002,SANTANDER,RAFAEL,DEPOSITO,2022-02-17T13:31:00,3436.64
9999,0004,SANTANDER,MARIA,DEPOSITO,2022-01-06T01:42:11,2115.10
2220,0001,SANTANDER,ANA,DEPOSITO,2022-02-15T10:44:34,549.95
1044,0004,SANTANDER,BRUNO,TRANSFERENCIA,2022-02-10T10:16:57,405.67
2220,0007,SANTANDER,RAFAEL,TRANSFERENCIA,2022-01-30T06:35:00,4901.79
9999,0002,SANTANDER,BRUNO,TRANSFERENCIA,2022-01-24T04:52:17,1940.66
2220,0001,SANTANDER,ANA,TRANSFERENCIA,2022-02-05T23:19:04,1568.60
2220,0001,SANTANDER,MARIA,SAQUE,2022-01-21T02:27:43,2935.47
2220,0002,SANTANDER,FELIPE,SAQUE,2022-01-26T07:42:21,4531.59
1520,0002,SANTANDER,ANA,DEPOSITO,2022-02-28T22:23:33,2021.05
9999,0002,SANTANDER,MARIA,SAQUE,2022-02-11T17:10:20,4517.80
2220,0004,SANTANDER,RAFAEL,TRANSFERENCIA,2022-02-07T15:42:56,2899.09
9999,0004,SANTANDER,RAFAEL,DEPOSITO,2022-02-25T10:41:08,3768.57
9999,0007,SANTANDER,JULIA,SAQUE,2022-02-25T12:02:57,2124.86
3320,0001,SANTANDER,ANA,SAQUE,2022-02-18T00:38:34,3135.25
1044,0002,SANTANDER,BRUNO,TRANSFERENCIA,2022-01-18T18:53:33,902.97
1044,0001,SANTANDER,BRUNO,DEPOSITO,2022-01-13T22:15:19,1176.07
1520,0002,SANTANDER,PAULA,DEPOSITO,2022-02-09T08:34:20,2932.46
1520,0001,SANTANDER,PAULA,DEPOSITO,2022-01-20T18:53:14,4865.16
9999,0001,SANTANDER,BIA,TRANSFERENCIA,2022-02-11T06:53:52,1219.34
1520,0004,SANTANDER,ANA,SAQUE,2022-02-07T16:49:11,23.15
3320,0002,SANTANDER,JULIA,SAQUE,2022-02-10T02:53:27,943.63
2220,0007,SANTANDER,JULIA,TRANSFERENCIA,2022-02-04T06:02:59,2452.17
1044,0007,SANTANDER,BIA,TRANSFERENCIA,2022-01-29T02:11:26,831.84
9999,0004,SANTANDER,MARIA,SAQUE,2022-01-29T22:19:01,4399.48
1520,0002,SANTANDER,FELIPE,DEPOSITO,2022-01-20T17:34:55,93.31
3320,0004,SANTANDER,RAFAEL,SAQUE,2022-02-13T03:44:05,1523.73
2220,0002,SANTANDER,ANA,SAQUE,2022-01-23T06:14:01,3935.45
2220,0001,SANTANDER,MARIA,TRANSFERENCIA,2022-02-19T23:41:31,3452.82
3320,0001,SANTANDER,JULIA,TRANSFERENCIA,2022-01-01T07:42:11,3433.97
2220,0004,SANTANDER,RAFAEL,TRANSFERENCIA,2022-02-10T02:32:36,4832.95
1520,0004,SANTANDER,JULIA,TRANSFERENCIA,2022-01-07T05:18:19,3551.14
1520,0002,SANTANDER,RAFAEL,SAQUE,2022-02-15T07:19:59,2422.65
9999,0001,SANTANDER,JULIA,TRANSFERENCIA,2022-02-07T23:48:40,2120.07
2220,0002,SANTANDER,BRUNO,TRANSFERENCIA,2022-01-30T11:42:55,2401.33
9999,0001,SANTANDER,JULIA,SAQUE,2022-02-10T05:01:46,4758.33
1044,0004,SANTANDER,ANA,SAQUE,2022-01-19T16:32:42,1006.06
2220,0001,SANTANDER,FELIPE,TRANSFERENCIA,2022-02-28T08:56:17,1391.12
1520,0002,SANTANDER,PAULA,DEPOSITO,2022-01-22T05:37:32,1725.84
3320,0001,SANTANDER,JULIA,SAQUE,2022-01-25T08:43:02,3698.46
3320,0007,SANTANDER,ANA,DEPOSITO,2022-02-13T20:22:09,4152.51
9999,0004,SANTANDER,JOAO,TRANSFERENCIA,2022-01-25T05:26:06,273.52
2220,0007,SANTANDER,RAFAEL,SAQUE,2022-02-14T06:44:47,3948.64
3320,0007,SANTANDER,ANA,SAQUE,2022-01-28T13:51:29,4246.23
9999,0004,SANTANDER,RAFAEL,TRANSFERENCIA,2022-01-08T00:21:08,2502.99
3320,0002,SANTANDER,RAFAEL,TRANSFERENCIA,2022-01-17T10:22:37,4546.71
1520,0004,SANTANDER,MARIA,DEPOSITO,2022-02-27T00:02:42,2334.56
2220,0007,SANTANDER,CARLOS,TRANSFERENCIA,2022-01-09T15:58:33,1231.21
1520,0007,SANTANDER,ANA,DEPOSITO,2022-02-10T04:31:44,4195.89
3320,0002,SANTANDER,FELIPE,TRANSFERENCIA,2022-02-07T13:08:38,543.50
9999,0004,SANTANDER,CARLOS,TRANSFERENCIA,2022-02-24T17:10:29,3332.38
1520,0002,SANTANDER,BIA,DEPOSITO,2022-02-24T13:19:09,4279.40
9999,0004,SANTANDER,JULIA,TRANSFERENCIA,2022-01-25T20:34:55,3702.03
1044,0007,SANTANDER,PAULA,DEPOSITO,2022-02-08T08:37:17,385.04
3320,0007,SANTANDER,ANA,TRANSFERENCIA,2022-02-03T00:06:33,83.26
1520,0001,SANTANDER,ANA,TRANSFERENCIA,2022-02-03T15:49:12,3601.59
2220,0002,SANTANDER,FELIPE,SAQUE,2022-02-24T18:57:46,3485.13
1044,0002,SANTANDER,BRUNO,SAQUE,2022-01-12T08:40:54,2896.29
1044,0001,SANTANDER,FELIPE,TRANSFERENCIA,2022-02-14T15:07:10,154.42
2220,0001,SANTANDER,RAFAEL,DEPOSITO,2022-01-23T07:20:04,2049.40
9999,0007,SANTANDER,RAFAEL,SAQUE,2022-02-12T13:24:30,679.92
3320,0001,SANTANDER,JULIA,TRANSFERENCIA,2022-01-21T20:12:13,2753.35
9999,0001,SANTANDER,MARIA,SAQUE,2022-01-02T02:34:45,3792.00
9999,0007,SANTANDER,BRUNO,DEPOSITO,2022-02-11T14:44:04,4892.53
2220,0002,SANTANDER,JOAO,SAQUE,2022-02-13T02:07:29,1118.50
1044,0002,SANTANDER,BRUNO,DEPOSITO,2022-02-10T19:53:59,2415.58
2220,0001,SANTANDER,BIA,TRANSFERENCIA,2022-01-01T05:50:58,1738.19
1044,0007,SANTANDER,CARLOS,SAQUE,2022-02-27T04:21:37,2040.78
2220,0001,SANTANDER,ANA,DEPOSITO,2022-02-07T23:18:49,4093.68
3320,0002,SANTANDER,MARIA,DEPOSITO,2022-01-25T09:28:21,3629.29
1520,0004,SANTANDER,CARLOS,DEPOSITO,2022-02-23T09:00:48,3269.36
2220,0002,SANTANDER,JOAO,DEPOSITO,2022-02-20T05:49:31,4840.56
2220,0001,SANTANDER,JOAO,SAQUE,2022-02-02T02:09:27,1062.51
1520,0002,SANTANDER,BIA,SAQUE,2022-02-11T00:18:49,4195.76
2220,0002,SANTANDER,ANA,DEPOSITO,2022-02-18T02:13:14,3887.00
1520,0001,SANTANDER,BIA,DEPOSITO,2022-02-20T01:37:22,259.69
1520,0001,SANTANDER,CARLOS,DEPOSITO,2022-01-12T20:37:50,4160.08
9999,0007,SANTANDER,JOAO,SAQUE,2022-01-03T11:35:41,352.63
9999,0001,SANTANDER,JOAO,DEPOSITO,2022-01-21T08:29:04,2595.74
1044,0004,SANTANDER,BRUNO,DEPOSITO,2022-01-23T12:06:56,3154.39
2220,0004,SANTANDER,JULIA,DEPOSITO,2022-02-25T13:55:01,1160.65
9999,0001,SANTANDER,RAFAEL,TRANSFERENCIA,2022-01-27T19:48:45,524.07
1520,0004,SANTANDER,BIA,DEPOSITO,2022-02-18T07:59:00,339.35
3320,0002,SANTANDER,MARIA,SAQUE,2022-01-02T06:55:36,1751.41
3320,0004,SANTANDER,FELIPE,DEPOSITO,2022-01-07T13:54:05,518.72
9999,0001,SANTANDER,JULIA,DEPOSITO,2022-02-28T08:48:46,1501.86
1520,0004,SANTANDER,FELIPE,TRANSFERENCIA,2022-02-26T01:28:08,1414.15
3320,0004,SANTANDER,BIA,DEPOSITO,2022-02-27T05:55:51,182.72
3320,0002,SANTANDER,JULIA,TRANSFERENCIA,2022-02-22T15:30:50,3548.84
2220,0007,SANTANDER,BRUNO,DEPOSITO,2022-01-04T12:31:26,4968.73
2220,0002,SANTANDER,RAFAEL,TRANSFERENCIA,2022-02-01T02:04:34,4481.47
1520,0002,SANTANDER,CARLOS,SAQUE,2022-01-21T15:03:00,2821.31
2220,0002,SANTANDER,RAFAEL,DEPOSITO,2022-01-28T20:13:22,1451.69
3320,0001,SANTANDER,RAFAEL,SAQUE,2022-02-19T13:37:44,983.57
3320,0002,SANTANDER,BIA,TRANSFERENCIA,2022-01-20T20:35:09,3168.56
2220,0001,SANTANDER,FELIPE,DEPOSITO,2022-02-07T01:50:35,1212.54
3320,0001,SANTANDER,PAULA,SAQUE,2022-02-03T19:29:00,4667.09
9999,0001,SANTANDER,RAFAEL,DEPOSITO,2022-01-12T09:08:30,1113.09
1520,0001,SANTANDER,PAULA,TRANSFERENCIA,2022-02-10T06:55:48,283.35
2220,0007,SANTANDER,BRUNO,DEPOSITO,2022-02-17T21:27:21,358.31
3320,0002,SANTANDER,JOAO,SAQUE,2022-01-06T17:39:21,4609.41
9999,0007,SANTANDER,ANA,DEPOSITO,2022-01-27T04:43:01,168.45
9999,0002,SANTANDER,JULIA,TRANSFERENCIA,2022-01-02T06:09:02,1046.86
1520,0007,SANTANDER,PAULA,DEPOSITO,2022-02-21T10:40:25,2411.39
9999,0002,SANTANDER,CARLOS,TRANSFERENCIA,2022-02-15T20:11:12,3312.29
3320,0007,SANTANDER,ANA,DEPOSITO,2022-02-15T04:18:30,321.66
2220,0004,SANTANDER,BIA,DEPOSITO,2022-02-16T06:36:59,4740.18
1044,0001,SANTANDER,CARLOS,DEPOSITO,2022-01-23T05:19:40,2263.59
3320,0004,SANTANDER,PAULA,TRANSFERENCIA,2022-01-30T04:05:43,4862.84
1044,0002,SANTANDER,ANA,SAQUE,2022-02-10T16:56:55,3273.82
9999,0001,SANTANDER,MARIA,TRANSFERENCIA,2022-02-05T11:12:41,4741.45
1520,0001,SANTANDER,ANA,TRANSFERENCIA,2022-02-12T00:27:06,2382.14
3320,0002,SANTANDER,RAFAEL,DEPOSITO,2022-01-08T05:45:19,1599.52
2220,0004,SANTANDER,BRUNO,DEPOSITO,2022-01-04T14:23:46,3245.40
1520,0007,SANTANDER,RAFAEL,SAQUE,2022-02-22T21:00:03,1012.17
3320,0001,SANTANDER,BIA,SAQUE,2022-01-26T03:55:33,2170.16
1520,0002,SANTANDER,PAULA,DEPOSITO,2022-02-19T10:23:41,4765.40
1520,0002,SANTANDER,CARLOS,TRANSFERENCIA,2022-02-03T09:49:01,1884.73
3320,0002,SANTANDER,RAFAEL,TRANSFERENCIA,2022-01-15T15:13:33,1221.81
9999,0004,SANTANDER,FELIPE,DEPOSITO,2022-02-01T04:02:18,2260.90
1044,0001,SANTANDER,ANA,DEPOSITO,2022-02-15T16:21:54,4266.30
3320,0007,SANTANDER,JULIA,TRANSFERENCIA,2022-02-22T19:24:57,38.77
3320,0002,SANTANDER,CARLOS,TRANSFERENCIA,2022-01-15T02:40:32,2320.47
2220,0001,SANTANDER,RAFAEL,TRANSFERENCIA,2022-02-07T20:01:43,3864.72
9999,0007,SANTANDER,BIA,DEPOSITO,2022-01-25T08:43:34,2407.53
3320,0002,SANTANDER,PAULA,SAQUE,2022-01-21T07:16:46,3422.96
1044,0004,SANTANDER,PAULA,TRANSFERENCIA,2022-02-13T02:21:46,3760.74
3320,0007,SANTANDER,RAFAEL,SAQUE,2022-02-25T10:03:17,4954.39
3320,0001,SANTANDER,BIA,SAQUE,2022-01-18T08:45:28,3619.80
1044,0001,SANTANDER,FELIPE,TRANSFERENCIA,2022-01-22T15:26:30,698.35
1520,0007,SANTANDER,FELIPE,DEPOSITO,2022-01-24T08:45:43,3426.33
1044,0001,SANTANDER,RAFAEL,DEPOSITO,2022-01-27T15:48:19,1709.29
1044,0001,SANTANDER,RAFAEL,TRANSFERENCIA,2022-01-16T22:34:57,1592.17
9999,0002,SANTANDER,MARIA,DEPOSITO,2022-01-01T08:23:20,256.78
3320,0004,SANTANDER,BRUNO,SAQUE,2022-01-03T17:13:17,1015.92
3320,0002,SANTANDER,BRUNO,DEPOSITO,2022-01-19T12:33:32,1632.59
1044,0001,SANTANDER,CARLOS,DEPOSITO,2022-02-26T06:30:01,4066.81
9999,0007,SANTANDER,ANA,DEPOSITO,2022-01-10T17:37:36,2133.74
9999,0007,SANTANDER,FELIPE,SAQUE,2022-01-19T21:40:53,739.65
1044,0001,SANTANDER,RAFAEL,DEPOSITO,2022-01-17T18:13:53,4252.32
2220,0004,SANTANDER,BRUNO,DEPOSITO,2022-01-21T10:05:51,1490.98
2220,0001,SANTANDER,RAFAEL,TRANSFERENCIA,2022-01-17T23:24:15,1055.29
9999,0002,SANTANDER,ANA,TRANSFERENCIA,2022-02-12T15:47:17,886.29
9999,0004,SANTANDER,BRUNO,DEPOSITO,2022-01-21T17:25:02,1965.27
1520,0007,SANTANDER,JULIA,SAQUE,2022-01-02T14:19:21,4259.80
1044,0007,SANTANDER,JOAO,SAQUE,2022-02-15T13:03:27,789.33
2220,0002,SANTANDER,RAFAEL,SAQUE,2022-01-23T21:01:34,4723.47
2220,0004,SANTANDER,BIA,SAQUE,2022-02-20T01:21:26,4127.03
1044,0007,SANTANDER,CARLOS,TRANSFERENCIA,2022-01-08T20:07:43,3158.81
2220,0002,SANTANDER,CARLOS,TRANSFERENCIA,2022-01-22T14:37:29,4292.38
1520,0002,SANTANDER,MARIA,SAQUE,2022-01-10T12:10:23,1941.56
3320,0007,SANTANDER,BRUNO,SAQUE,2022-01-14T22:47:32,2621.28
1044,0004,SANTANDER,CARLOS,SAQUE,2022-01-29T03:59:31,3750.90
9999,0004,SANTANDER,PAULA,TRANSFERENCIA,2022-02-06T17:38:54,762.17
9999,0004,SANTANDER,MARIA,SAQUE,2022-01-01T04:16:14,2557.74
9999,0007,SANTANDER,MARIA,SAQUE,2022-02-07T03:38:18,3655.84
2220,0001,SANTANDER,JOAO,SAQUE,2022-02-07T19:31:17,4455.16
1044,0007,SANTANDER,BIA,SAQUE,2022-01-11T02:06:48,2211.55
9999,0004,SANTANDER,JULIA,TRANSFERENCIA,2022-01-11T06:53:12,4545.16
2220,0002,SANTANDER,CARLOS,DEPOSITO,2022-01-08T01:09:00,4822.05
2220,0007,SANTANDER,PAULA,TRANSFERENCIA,2022-02-22T20:25:17,1440.16
2220,0002,SANTANDER,FELIPE,SAQUE,2022-02-11T19:18:32,1746.38
3320,0004,SANTANDER,FELIPE,SAQUE,2022-02-20T22:56:48,2861.61
1044,0004,SANTANDER,CARLOS,SAQUE,2022-02-14T18:00:35,382.25
1520,0001,SANTANDER,PAULA,SAQUE,2022-02-20T01:55:26,1874.94
3320,0002,SANTANDER,JOAO,DEPOSITO,2022-01-03T22:54:36,4202.83
2220,0007,SANTANDER,MARIA,DEPOSITO,2022-02-22T12:21:39,1699.75
3320,0002,SANTANDER,MARIA,DEPOSITO,2022-01-08T19:45:45,1274.37
9999,0004,SANTANDER,ANA,DEPOSITO,2022-01-07T09:45:45,854.35
9999,0002,SANTANDER,CARLOS,TRANSFERENCIA,2022-01-18T06:14:29,783.91
3320,0001,SANTANDER,ANA,TRANSFERENCIA,2022-01-18T13:45:17,238.75
9999,0004,SANTANDER,FELIPE,SAQUE,2022-02-12T18:24:36,4364.82
9999,0001,SANTANDER,MARIA,SAQUE,2022-02-10T11:48:34,3036.78
3320,0004,SANTANDER,JOAO,DEPOSITO,2022-01-06T12:55:35,2386.66
3320,0002,SANTANDER,CARLOS,TRANSFERENCIA,2022-02-28T06:26:04,317.71
9999,0004,SANTANDER,JULIA,SAQUE,2022-01-24T23:42:10,4091.86
3320,0004,SANTANDER,JOAO,TRANSFERENCIA,2022-01-17T08:22:08,2432.23
9999,0007,SANTANDER,FELIPE,SAQUE,2022-02-24T11:34:59,1152.54
1044,0004,SANTANDER,JOAO,TRANSFERENCIA,2022-01-23T12:31:33,2409.67
2220,0004,SANTANDER,CARLOS,SAQUE,2022-02-27T21:04:12,2920.58
1044,0002,SANTANDER,RAFAEL,DEPOSITO,2022-02-20T22:16:43,96.77
3320,0001,SANTANDER,RAFAEL,DEPOSITO,2022-01-25T17:24:04,4105.83
1044,0007,SANTANDER,JULIA,SAQUE,2022-02-27T08:37:27,3244.60
9999,0004,SANTANDER,JOAO,DEPOSITO,2022-01-06T13:20:47,3769.99
1044,0007,SANTANDER,MARIA,DEPOSITO,2022-02-26T18:06:12,139.63
1044,0001,SANTANDER,RAFAEL,SAQUE,2022-01-21T12:36:22,2333.66
3320,0001,SANTANDER,JOAO,TRANSFERENCIA,2022-01-06T01:08:08,2417.03
1044,0004,SANTANDER,PAULA,TRANSFERENCIA,2022-01-23T11:26:40,2840.43
1520,0007,SANTANDER,MARIA,DEPOSITO,2022-01-25T09:51:40,4270.70
1520,0001,SANTANDER,JULIA,TRANSFERENCIA,2022-01-25T20:59:22,1783.37
9999,0004,SANTANDER,RAFAEL,DEPOSITO,2022-02-01T23:54:58,3371.37
2220,0002,SANTANDER,PAULA,DEPOSITO,2022-01-28T00:06:18,2994.78
2220,0007,SANTANDER,JOAO,DEPOSITO,2022-01-14T02:48:25,1096.39
2220,0001,SANTANDER,CARLOS,DEPOSITO,2022-01-26T13:34:19,518.58
1520,0001,SANTANDER,RAFAEL,SAQUE,2022-01-19T17:37:50,2182.35
9999,0002,SANTANDER,RAFAEL,TRANSFERENCIA,2022-01-15T22:29:51,1778.60
3320,0004,SANTANDER,JOAO,DEPOSITO,2022-01-21T23:11:18,2904.74
1044,0001,SANTANDER,BRUNO,SAQUE,2022-01-14T06:36:34,1980.22
1044,0007,SANTANDER,PAULA,DEPOSITO,2022-01-13T20:30:40,3450.01
2220,0007,SANTANDER,RAFAEL,DEPOSITO,2022-02-24T06:22:37,4676.67
3320,0001,SANTANDER,BRUNO,SAQUE,2022-02-08T20:57:34,2349.93
1520,0007,SANTANDER,ANA,SAQUE,2022-01-26T09:37:48,4171.30
9999,0001,SANTANDER,JULIA,DEPOSITO,2022-01-24T16:48:18,2437.94
1044,0002,SANTANDER,BIA,TRANSFERENCIA,2022-01-23T08:01:34,3779.57
3320,0001,SANTANDER,JULIA,TRANSFERENCIA,2022-02-04T17:57:30,1202.41
1044,0002,SANTANDER,BRUNO,SAQUE,2022-02-20T16:09:30,3267.66
1044,0002,SANTANDER,FELIPE,TRANSFERENCIA,2022-02-24T06:13:27,4183.58
3320,0004,SANTANDER,JOAO,SAQUE,2022-01-09T03:56:14,1270.54
9999,0007,SANTANDER,CARLOS,DEPOSITO,2022-02-01T22:43:33,1362.40
2220,0002,SANTANDER,PAULA,DEPOSITO,2022-01-04T14:04:43,1378.02
9999,0001,SANTANDER,BIA,DEPOSITO,2022-02-14T13:07:49,2670.51
9999,0004,SANTANDER,ANA,DEPOSITO,2022-02-02T15:51:00,2875.25
2220,0002,SANTANDER,BIA,DEPOSITO,2022-01-10T03:15:03,3899.20
1520,0002,SANTANDER,CARLOS,SAQUE,2022-02-03T07:32:04,2351.24
2220,0001,SANTANDER,JOAO,TRANSFERENCIA,2022-01-02T23:01:09,1467.40
1520,0007,SANTANDER,ANA,DEPOSITO,2022-01-27T23:35:09,4452.15
1520,0007,SANTANDER,FELIPE,SAQUE,2022-02-18T19:44:54,3301.52
9999,0007,SANTANDER,PAULA,SAQUE,2022-02-11T04:47:29,4764.48
9999,0001,SANTANDER,BRUNO,DEPOSITO,2022-02-19T03:45:57,2313.51
3320,0007,SANTANDER,JULIA,DEPOSITO,2022-01-07T19:26:53,594.45
1044,0004,SANTANDER,PAULA,TRANSFERENCIA,2022-02-10T17:41:26,2246.82
1520,0002,SANTANDER,BRUNO,DEPOSITO,2022-02-16T07:37:57,3471.50
9999,0001,SANTANDER,RAFAEL,SAQUE,2022-02-26T23:27:05,4200.49
3320,0007,SANTANDER,RAFAEL,TRANSFERENCIA,2022-02-21T20:22:31,2544.95
3320,0004,SANTANDER,BIA,TRANSFERENCIA,2022-02-26T13:19:23,320.84
2220,0001,SANTANDER,RAFAEL,DEPOSITO,2022-01-10T16:49:54,3595.49
1044,0004,SANTANDER,ANA,SAQUE,2022-02-15T03:59:34,3566.60
1520,0004,SANTANDER,JULIA,DEPOSITO,2022-02-10T10:06:45,1016.81
9999,0004,SANTANDER,ANA,TRANSFERENCIA,2022-02-09T04:21:42,4854.74
1520,0007,SANTANDER,MARIA,DEPOSITO,2022-01-25T19:14:40,1277.09
1520,0004,SANTANDER,CARLOS,SAQUE,2022-01-01T11:08:00,296.49
1044,0001,SANTANDER,PAULA,DEPOSITO,2022-02-09T20:03:44,226.63
3320,0001,SANTANDER,JOAO,TRANSFERENCIA,2022-02-11T01:12:56,1562.43
1520,0007,SANTANDER,BIA,DEPOSITO,2022-01-16T10:16:47,2921.98
9999,0002,SANTANDER,FELIPE,TRANSFERENCIA,2022-02-24T13:07:35,2517.01
1044,0004,SANTANDER,FELIPE,DEPOSITO,2022-01-21T00:19:25,3713.46
1044,0007,SANTANDER,BIA,TRANSFERENCIA,2022-02-28T04:15:19,746.86
1044,0001,SANTANDER,BIA,DEPOSITO,2022-01-19T22:09:51,4062.43
2220,0004,SANTANDER,CARLOS,DEPOSITO,2022-02-05T13:21:59,2544.14
2220,0002,SANTANDER,PAULA,SAQUE,2022-01-06T19:25:59,4197.70
1044,0002,SANTANDER,BIA,TRANSFERENCIA,2022-01-14T20:55:24,1773.68
9999,0001,SANTANDER,BRUNO,TRANSFERENCIA,2022-02-18T02:45:02,2298.49
9999,0004,SANTANDER,JULIA,TRANSFERENCIA,2022-02-08T23:06:06,11.11
1520,0007,SANTANDER,CARLOS,SAQUE,2022-01-02T22:39:04,1286.67
3320,0004,SANTANDER,BRUNO,SAQUE,2022-01-05T12:54:55,1468.29
3320,0001,SANTANDER,BRUNO,TRANSFERENCIA,2022-02-08T12:43:03,4233.77
2220,0004,SANTANDER,FELIPE,DEPOSITO,2022-01-01T01:23:34,2189.65
3320,0007,SANTANDER,BIA,TRANSFERENCIA,2022-02-15T12:10:50,513.83
2220,0002,SANTANDER,ANA,SAQUE,2022-02-09T20:22:56,4366.86
1044,0002,SANTANDER,PAULA,SAQUE,2022-02-25T06:57:39,3603.78
1520,0004,SANTANDER,JULIA,TRANSFERENCIA,2022-02-23T04:22:07,3145.74
2220,0007,SANTANDER,PAULA,DEPOSITO,2022-01-14T03:43:21,4664.68
3320,0007,SANTANDER,JOAO,SAQUE,2022-02-03T18:17:40,1560.74
1520,0007,SANTANDER,JULIA,TRANSFERENCIA,2022-01-07T11:31:41,1593.52
1044,0007,SANTANDER,CARLOS,DEPOSITO,2022-01-13T05:51:33,1677.98
1520,0004,SANTANDER,BRUNO,DEPOSITO,2022-02-19T17:54:54,788.72
1520,0002,SANTANDER,BRUNO,TRANSFERENCIA,2022-01-03T01:57:52,1954.51
1520,0004,SANTANDER,ANA,SAQUE,2022-01-18T22:34:34,1964.96
1520,0002,SANTANDER,CARLOS,SAQUE,2022-02-15T18:07:34,1132.95
3320,0002,SANTANDER,JOAO,TRANSFERENCIA,2022-02-11T22:32:20,1920.01
2220,0007,SANTANDER,ANA,DEPOSITO,2022-01-01T09:54:50,1622.28
3320,0004,SANTANDER,FELIPE,TRANSFERENCIA,2022-01-12T01:27:04,3458.34
2220,0004,SANTANDER,JULIA,DEPOSITO,2022-01-22T17:10:26,3506.67
9999,0007,SANTANDER,MARIA,DEPOSITO,2022-02-23T09:56:30,3327.98
1044,0001,SANTANDER,JULIA,TRANSFERENCIA,2022-01-04T02:37:01,4767.90
2220,0002,SANTANDER,FELIPE,SAQUE,2022-01-22T16:58:28,1891.44
2220,0007,SANTANDER,CARLOS,DEPOSITO,2022-02-02T06:11:42,4160.96
3320,0007,SANTANDER,MARIA,DEPOSITO,2022-01-12T13:37:20,151.83
1520,0004,SANTANDER,ANA,DEPOSITO,2022-01-01T19:34:14,1821.49
3320,0004,SANTANDER,JOAO,TRANSFERENCIA,2022-02-08T16:31:13,2658.48
1044,0004,SANTANDER,MARIA,SAQUE,2022-01-19T12:56:59,1719.02
9999,0007,SANTANDER,FELIPE,DEPOSITO,2022-02-24T11:57:43,1986.33
3320,0007,SANTANDER,JULIA,DEPOSITO,2022-02-11T20:02:10,125.75
2220,0002,SANTANDER,ANA,TRANSFERENCIA,2022-02-03T13:51:43,315.48
1520,0007,SANTANDER,BIA,DEPOSITO,2022-02-05T06:23:27,378.71
9999,0002,SANTANDER,PAULA,TRANSFERENCIA,2022-01-25T07:37:24,2940.22
3320,0001,SANTANDER,FELIPE,DEPOSITO,2022-01-20T05:06:24,1336.32
1044,0004,SANTANDER,RAFAEL,TRANSFERENCIA,2022-01-02T22:21:22,3345.52
9999,0007,SANTANDER,BRUNO,TRANSFERENCIA,2022-01-16T11:40:13,560.88
1044,0007,SANTANDER,MARIA,DEPOSITO,2022-01-27T21:59:47,3416.53
1520,0004,SANTANDER,FELIPE,TRANSFERENCIA,2022-02-11T21:32:21,3850.34
3320,0002,SANTANDER,FELIPE,SAQUE,2022-01-26T09:49:42,4514.84
2220,0001,SANTANDER,RAFAEL,SAQUE,2022-01-01T05:37:05,536.95
9999,0001,SANTANDER,FELIPE,TRANSFERENCIA,2022-02-12T23:37:55,362.44
9999,0004,SANTANDER,JOAO,TRANSFERENCIA,2022-02-28T08:38:34,4398.73
1044,0002,SANTANDER,PAULA,DEPOSITO,2022-02-23T18:27:18,3330.47
1520,0002,SANTANDER,BRUNO,TRANSFERENCIA,2022-01-11T16:14:18,2438.18
9999,0002,SANTANDER,JOAO,TRANSFERENCIA,2022-01-02T09:06:00,2606.46
1520,0004,SANTANDER,RAFAEL,TRANSFERENCIA,2022-02-27T13:15:14,3040.52
1520,0004,SANTANDER,RAFAEL,SAQUE,2022-02-23T01:27:04,604.57
1520,0002,SANTANDER,JULIA,DEPOSITO,2022-01-03T10:37:55,1700.24
1520,0001,SANTANDER,JOAO,DEPOSITO,2022-02-06T13:40:10,4904.66
3320,0004,SANTANDER,RAFAEL,TRANSFERENCIA,2022-02-11T22:54:19,4051.98
9999,0001,SANTANDER,FELIPE,SAQUE,2022-01-23T21:43:07,4998.25
1520,0007,SANTANDER,BRUNO,TRANSFERENCIA,2022-01-30T11:06:52,2090.68
3320,0001,SANTANDER,FELIPE,DEPOSITO,2022-02-11T18:21:21,4814.00
2220,0004,SANTANDER,FELIPE,TRANSFERENCIA,2022-01-12T03:23:28,746.01
1044,0002,SANTANDER,BRUNO,SAQUE,2022-01-06T00:10:38,2285.73
1044,0004,SANTANDER,BIA,TRANSFERENCIA,2022-02-01T04:03:28,2994.49
3320,0007,SANTANDER,JOAO,TRANSFERENCIA,2022-01-15T10:20:44,3.44
3320,0001,SANTANDER,CARLOS,TRANSFERENCIA,2022-02-12T00:20:48,1847.85
1044,0007,SANTANDER,MARIA,DEPOSITO,2022-02-07T22:29:50,1772.76
9999,0001,SANTANDER,JULIA,SAQUE,2022-01-28T17:03:08,4899.89
9999,0004,SANTANDER,JOAO,DEPOSITO,2022-01-23T19:52:16,4635.66
9999,0007,SANTANDER,CARLOS,TRANSFERENCIA,2022-01-10T18:00:42,1990.28
1044,0001,SANTANDER,RAFAEL,DEPOSITO,2022-01-14T23:56:08,4378.32
9999,0004,SANTANDER,JULIA,SAQUE,2022-01-13T08:06:48,4235.25
1520,0007,SANTANDER,FELIPE,DEPOSITO,2022-02-23T15:36:50,4587.38
2220,0004,SANTANDER,MARIA,SAQUE,2022-02-10T02:52:27,494.59
3320,0004,SANTANDER,ANA,DEPOSITO,2022-01-25T09:33:38,1603.65
2220,0001,SANTANDER,RAFAEL,TRANSFERENCIA,2022-01-02T07:02:25,3439.46
9999,0002,SANTANDER,BIA,SAQUE,2022-01-31T07:41:35,4422.68
1520,0002,SANTANDER,ANA,DEPOSITO,2022-01-28T02:42:29,4202.16
2220,0004,SANTANDER,BIA,TRANSFERENCIA,2022-02-19T12:15:38,625.80
3320,0001,SANTANDER,BRUNO,TRANSFERENCIA,2022-02-07T04:37:35,1865.08
9999,0002,SANTANDER,FELIPE,DEPOSITO,2022-02-28T01:12:47,2074.52
3320,0007,SANTANDER,BRUNO,TRANSFERENCIA,2022-01-16T20:21:34,695.14
2220,0002,SANTANDER,MARIA,SAQUE,2022-02-15T15:12:17,1702.94
1044,0001,SANTANDER,RAFAEL,SAQUE,2022-02-28T23:11:48,3518.88
1044,0004,SANTANDER,PAULA,TRANSFERENCIA,2022-01-04T04:14:02,805.84
3320,0001,SANTANDER,MARIA,DEPOSITO,2022-02-18T06:24:18,404.25
1520,0007,SANTANDER,FELIPE,TRANSFERENCIA,2022-01-29T18:11:50,1814.91
1520,0002,SANTANDER,BRUNO,TRANSFERENCIA,2022-02-25T11:26:22,1432.03
2220,0002,SANTANDER,ANA,TRANSFERENCIA,2022-01-21T17:36:02,1388.59
1044,0002,SANTANDER,BIA,SAQUE,2022-01-03T23:25:17,3715.18
3320,0002,SANTANDER,MARIA,TRANSFERENCIA,2022-02-11T20:43:50,4190.06
2220,0007,SANTANDER,BIA,TRANSFERENCIA,2022-01-05T20:21:43,4442.29
2220,0007,SANTANDER,CARLOS,DEPOSITO,2022-02-16T19:18:19,3229.85
3320,0001,SANTANDER,MARIA,SAQUE,2022-01-06T23:20:41,1477.08
9999,0002,SANTANDER,RAFAEL,DEPOSITO,2022-01-24T23:19:04,3708.65
9999,0002,SANTANDER,BRUNO,SAQUE,2022-01-09T05:54:28,3212.41
2220,0007,SANTANDER,PAULA,TRANSFERENCIA,2022-02-03T13:45:17,3222.11
3320,0004,SANTANDER,FELIPE,SAQUE,2022-02-01T12:08:43,1059.50
3320,0002,SANTANDER,FELIPE,DEPOSITO,2022-01-13T10:36:29,1801.06
2220,0007,SANTANDER,PAULA,SAQUE,2022-02-14T06:31:44,2281.48
1044,0007,SANTANDER,ANA,SAQUE,2022-01-17T00:08:28,4975.62
9999,0004,SANTANDER,FELIPE,SAQUE,2022-01-10T16:34:06,4678.49
1044,0004,SANTANDER,BRUNO,SAQUE,2022-01-23T01:35:14,3555.17
3320,0002,SANTANDER,BIA,DEPOSITO,2022-02-21T20:50:48,2446.44
9999,0004,SANTANDER,FELIPE,SAQUE,2022-01-28T16:56:30,2311.14
9999,0002,SANTANDER,ANA,TRANSFERENCIA,2022-02-18T20:00:06,3958.19
1044,0007,SANTANDER,PAULA,SAQUE,2022-02-07T05:11:50,2881.57
3320,0002,SANTANDER,RAFAEL,DEPOSITO,2022-01-24T10:22:45,654.88
1520,0002,SANTANDER,ANA,DEPOSITO,2022-02-09T13:04:59,406.99
2220,0007,SANTANDER,BIA,DEPOSITO,2022-02-09T22:53:10,3730.91
2220,0007,SANTANDER,RAFAEL,TRANSFERENCIA,2022-01-07T15:01:48,2599.57
9999,0007,SANTANDER,JULIA,TRANSFERENCIA,2022-02-10T05:18:26,3731.71
1520,0002,SANTANDER,BIA,DEPOSITO,2022-01-29T05:05:31,3901.56
1044,0002,SANTANDER,MARIA,SAQUE,2022-02-24T09:32:08,1677.24
2220,0002,SANTANDER,JULIA,TRANSFERENCIA,2022-02-02T06:03:18,4806.20
1520,0001,SANTANDER,BIA,DEPOSITO,2022-02-14T17:20:13,1069.61
2220,0007,SANTANDER,FELIPE,DEPOSITO,2022-01-20T02:20:56,2526.40
9999,0007,SANTANDER,ANA,DEPOSITO,2022-02-24T15:14:37,4718.33
2220,0007,SANTANDER,BIA,SAQUE,2022-02-16T11:25:49,2770.22
3320,0002,SANTANDER,JOAO,SAQUE,2022-02-23T09:55:14,3590.78
1520,0001,SANTANDER,JOAO,SAQUE,2022-01-25T19:24:38,890.35
2220,0007,SANTANDER,BIA,SAQUE,2022-02-08T08:40:43,911.84
1520,0004,SANTANDER,PAULA,DEPOSITO,2022-02-26T21:52:59,1701.63
1044,0001,SANTANDER,BIA,TRANSFERENCIA,2022-02-08T14:19:54,2227.08
1520,0001,SANTANDER,JOAO,TRANSFERENCIA,2022-01-26T17:53:19,3156.18
1044,0007,SANTANDER,FELIPE,DEPOSITO,2022-01-16T04:57:59,3295.13
2220,0004,SANTANDER,BIA,DEPOSITO,2022-02-11T02:55:03,1748.51
3320,0004,SANTANDER,RAFAEL,SAQUE,2022-01-05T08:33:48,4749.30
1044,0001,SANTANDER,PAULA,SAQUE,2022-02-26T22:13:59,2324.28
1044,0001,SANTANDER,FELIPE,TRANSFERENCIA,2022-01-22T01:58:50,4323.36
1044,0002,SANTANDER,JULIA,DEPOSITO,2022-01-23T12:37:52,4722.79
2220,0004,SANTANDER,PAULA,TRANSFERENCIA,2022-02-16T23:56:43,2489.03
3320,0004,SANTANDER,FELIPE,DEPOSITO,2022-02-02T12:09:19,2660.63
2220,0004,SANTANDER,JOAO,SAQUE,2022-01-07T18:10:38,46.37
9999,0007,SANTANDER,BIA,SAQUE,2022-01-25T22:17:45,6.05
2220,0001,SANTANDER,FELIPE,TRANSFERENCIA,2022-01-03T21:32:47,4777.90
2220,0001,SANTANDER,BIA,TRANSFERENCIA,2022-01-04T10:05:34,2407.36
1044,0007,SANTANDER,BRUNO,TRANSFERENCIA,2022-02-10T00:44:02,3021.63
2220,0004,SANTANDER,PAULA,SAQUE,2022-01-09T17:57:13,2297.86
3320,0004,SANTANDER,JULIA,DEPOSITO,2022-02-07T20:52:41,2116.55
3320,0001,SANTANDER,JULIA,SAQUE,2022-02-03T19:30:57,3786.08
2220,0004,SANTANDER,FELIPE,DEPOSITO,2022-02-01T15:27:34,2660.56
2220,0007,SANTANDER,JULIA,DEPOSITO,2022-01-02T00:30:48,2373.27
9999,0001,SANTANDER,JOAO,TRANSFERENCIA,2022-02-18T11:15:53,880.11
3320,0004,SANTANDER,PAULA,DEPOSITO,2022-01-27T00:33:14,4736.49
2220,0001,SANTANDER,FELIPE,TRANSFERENCIA,2022-02-06T18:50:54,441.75
9999,0002,SANTANDER,BRUNO,TRANSFERENCIA,2022-01-23T23:10:00,537.48
9999,0007,SANTANDER,FELIPE,DEPOSITO,2022-02-02T09:41:02,1972.92
1044,0004,SANTANDER,JULIA,TRANSFERENCIA,2022-01-04T17:07:43,2915.76
1520,0004,SANTANDER,BRUNO,DEPOSITO,2022-01-22T03:18:21,4994.19
1520,0007,SANTANDER,JULIA,DEPOSITO,2022-01-15T02:05:29,3555.32
1520,0001,SANTANDER,ANA,TRANSFERENCIA,2022-01-08T11:56:12,1944.82
1520,0007,SANTANDER,RAFAEL,DEPOSITO,2022-01-06T09:15:41,4355.60
9999,0001,SANTANDER,MARIA,SAQUE,2022-02-05T08:03:17,3825.97
3320,0007,SANTANDER,JULIA,TRANSFERENCIA,2022-02-10T08:27:19,1825.09
3320,0007,SANTANDER,FELIPE,TRANSFERENCIA,2022-01-31T18:26:13,2904.14
9999,0007,SANTANDER,PAULA,DEPOSITO,2022-02-15T12:24:50,3485.17
1044,0004,SANTANDER,CARLOS,TRANSFERENCIA,2022-02-27T13:08:52,2924.27
1520,0007,SANTANDER,MARIA,SAQUE,2022-02-27T01:42:32,4599.75
2220,0001,SANTANDER,ANA,DEPOSITO,2022-02-23T07:28:45,916.22
2220,0001,SANTANDER,JOAO,TRANSFERENCIA,2022-01-13T08:36:46,2869.83
3320,0001,SANTANDER,JULIA,SAQUE,2022-02-07T23:19:01,2547.06
3320,0007,SANTANDER,CARLOS,DEPOSITO,2022-01-02T21:55:51,783.86
3320,0007,SANTANDER,RAFAEL,TRANSFERENCIA,2022-01-28T21:03:19,379.64
2220,0007,SANTANDER,MARIA,TRANSFERENCIA,2022-01-14T03:31:21,3709.51
1520,0004,SANTANDER,FELIPE,TRANSFERENCIA,2022-02-06T08:26:19,316.56
9999,0004,SANTANDER,BRUNO,SAQUE,2022-02-15T21:59:10,2179.23
1044,0004,SANTANDER,RAFAEL,TRANSFERENCIA,2022-01-16T04:41:49,776.54
1044,0004,SANTANDER,FELIPE,TRANSFERENCIA,2022-02-23T02:07:33,1616.49
2220,0001,SANTANDER,BRUNO,SAQUE,2022-01-01T13:22:47,3919.39
3320,0002,SANTANDER,RAFAEL,TRANSFERENCIA,2022-01-18T05:13:20,3042.16
3320,0002,SANTANDER,ANA,SAQUE,2022-02-22T17:40:22,4269.45
9999,0007,SANTANDER,MARIA,DEPOSITO,2022-01-19T19:47:17,1754.40
9999,0007,SANTANDER,CARLOS,DEPOSITO,2022-01-16T05:01:04,2053.28
1044,0007,SANTANDER,CARLOS,DEPOSITO,2022-01-27T21:24:40,3379.77
1044,0001,SANTANDER,PAULA,TRANSFERENCIA,2022-01-15T15:36:01,4484.43
3320,0001,SANTANDER,JOAO,SAQUE,2022-02-23T11:03:22,4746.00
1520,0001,SANTANDER,RAFAEL,DEPOSITO,2022-01-31T16:32:51,2016.20
1044,0004,SANTANDER,JOAO,TRANSFERENCIA,2022-02-02T20:34:19,2715.14
1520,0004,SANTANDER,RAFAEL,SAQUE,2022-01-11T13:41:27,8.54
9999,0007,SANTANDER,PAULA,TRANSFERENCIA,2022-02-17T18:01:45,4018.77
1044,0004,SANTANDER,PAULA,DEPOSITO,2022-01-08T16:58:02,2941.77
2220,0007,SANTANDER,BRUNO,SAQUE,2022-02-07T07:00:40,3929.24
1044,0007,SANTANDER,ANA,SAQUE,2022-01-22T06:54:29,1170.62
2220,0007,SANTANDER,CARLOS,TRANSFERENCIA,2022-02-25T17:41:34,2042.71
3320,0002,SANTANDER,PAULA,TRANSFERENCIA,2022-01-15T08:37:30,781.93
2220,0002,SANTANDER,RAFAEL,SAQUE,2022-01-08T05:02:56,1725.30
3320,0002,SANTANDER,PAULA,DEPOSITO,2022-01-21T01:43:47,2747.53
2220,0002,SANTANDER,CARLOS,DEPOSITO,2022-01-05T21:09:28,1616.34
3320,0001,SANTANDER,BIA,DEPOSITO,2022-01-01T20:12:35,1598.14
1520,0004,SANTANDER,PAULA,SAQUE,2022-02-10T11:00:06,133.08
2220,0007,SANTANDER,FELIPE,TRANSFERENCIA,2022-01-08T09:10:29,1349.14
9999,0007,SANTANDER,PAULA,SAQUE,2022-02-09T18:38:47,1888.87
9999,0004,SANTANDER,BIA,SAQUE,2022-02-28T21:14:36,2783.69
2220,0004,SANTANDER,PAULA,TRANSFERENCIA,2022-01-23T12:14:24,1944.95
1044,0002,SANTANDER,BIA,DEPOSITO,2022-02-21T08:00:21,2636.24
9999,0007,SANTANDER,CARLOS,TRANSFERENCIA,2022-02-27T19:50:27,3415.42
1044,0004,SANTANDER,PAULA,SAQUE,2022-01-24T18:17:10,567.04
9999,0004,SANTANDER,CARLOS,DEPOSITO,2022-02-28T08:15:39,4663.60
1520,0007,SANTANDER,JULIA,TRANSFERENCIA,2022-02-01T01:57:48,906.27
2220,0004,SANTANDER,PAULA,DEPOSITO,2022-02-16T22:20:22,1389.06
2220,0002,SANTANDER,MARIA,SAQUE,2022-01-22T13:54:12,2538.44
9999,0007,SANTANDER,PAULA,DEPOSITO,2022-02-07T05:35:31,4512.42
1520,0001,SANTANDER,RAFAEL,TRANSFERENCIA,2022-02-20T09:42:24,2345.91
1044,0007,SANTANDER,BIA,TRANSFERENCIA,2022-02-22T05:19:11,4241.87
3320,0002,SANTANDER,FELIPE,TRANSFERENCIA,2022-01-04T22:20:58,3196.61
1520,0001,SANTANDER,ANA,TRANSFERENCIA,2022-01-02T04:39:00,1599.13
1044,0001,SANTANDER,PAULA,SAQUE,2022-02-06T20:57:39,1611.10
1044,0004,SANTANDER,JOAO,DEPOSITO,2022-02-25T01:50:48,336.72
3320,0004,SANTANDER,CARLOS,SAQUE,2022-01-29T04:47:50,2044.34
2220,0001,SANTANDER,FELIPE,SAQUE,2022-01-23T17:56:31,1235.57
1520,0007,SANTANDER,ANA,SAQUE,2022-01-20T15:06:34,1859.92
3320,0004,SANTANDER,BIA,DEPOSITO,2022-01-31T11:08:00,4663.58
9999,0001,SANTANDER,BIA,DEPOSITO,2022-01-16T04:30:34,2519.34
1520,0007,SANTANDER,JOAO,TRANSFERENCIA,2022-02-17T13:59:05,2801.14
1044,0007,SANTANDER,RAFAEL,TRANSFERENCIA,2022-02-23T14:19:27,732.35
2220,0002,SANTANDER,PAULA,DEPOSITO,2022-01-25T00:50:07,237.96
2220,0007,SANTANDER,JULIA,TRANSFERENCIA,2022-02-20T01:08:07,3623.95
2220,0007,SANTANDER,BRUNO,SAQUE,2022-02-25T06:22:34,2498.09
9999,0007,SANTANDER,RAFAEL,DEPOSITO,2022-02-02T12:33:08,4880.43
1520,0004,SANTANDER,CARLOS,DEPOSITO,2022-01-05T12:02:54,2219.01
3320,0007,SANTANDER,FELIPE,TRANSFERENCIA,2022-01-03T15:23:10,3431.66
1520,0007,SANTANDER,BIA,SAQUE,2022-01-18T16:00:44,3448.99
3320,0007,SANTANDER,ANA,SAQUE,2022-02-13T13:24:17,2584.45
1044,0004,SANTANDER,BRUNO,SAQUE,2022-01-02T12:34:58,1663.50
1044,0001,SANTANDER,ANA,DEPOSITO,2022-02-18T12:47:37,606.21
2220,0007,SANTANDER,ANA,SAQUE,2022-02-26T16:56:37,2756.18
2220,0002,SANTANDER,CARLOS,TRANSFERENCIA,2022-01-31T15:42:27,2768.53
9999,0007,SANTANDER,JOAO,TRANSFERENCIA,2022-02-18T14:58:54,1521.49
2220,0004,SANTANDER,ANA,SAQUE,2022-02-23T11:02:18,4032.26
1044,0002,SANTANDER,BRUNO,DEPOSITO,2022-02-16T08:00:01,710.53
9999,0002,SANTANDER,BIA,DEPOSITO,2022-01-04T05:26:50,3847.35
1520,0004,SANTANDER,MARIA,SAQUE,2022-01-05T09:53:14,2044.32
2220,0007,SANTANDER,FELIPE,SAQUE,2022-01-13T11:24:26,2674.11
1044,0007,SANTANDER,RAFAEL,SAQUE,2022-02-23T16:05:44,2250.06
1520,0002,SANTANDER,PAULA,TRANSFERENCIA,2022-02-02T09:20:32,1122.75
9999,0002,SANTANDER,MARIA,DEPOSITO,2022-02-25T16:21:44,854.07
1520,0002,SANTANDER,PAULA,SAQUE,2022-02-16T13:10:59,1207.43
2220,0002,SANTANDER,BIA,SAQUE,2022-02-21T09:05:01,1860.52
3320,0001,SANTANDER,BRUNO,TRANSFERENCIA,2022-01-26T07:43:04,3417.66
9999,0002,SANTANDER,BRUNO,TRANSFERENCIA,2022-01-13T00:03:40,2117.50
3320,0002,SANTANDER,RAFAEL,DEPOSITO,2022-02-11T07:38:33,1680.52
2220,0001,SANTANDER,BRUNO,DEPOSITO,2022-02-16T16:13:33,1857.60
1044,0004,SANTANDER,PAULA,SAQUE,2022-02-01T18:18:04,1453.76
1520,0004,SANTANDER,PAULA,DEPOSITO,2022-01-13T16:52:33,1769.60
1520,0004,SANTANDER,JOAO,SAQUE,2022-02-01T20:47:01,3442.54
9999,0001,SANTANDER,JOAO,TRANSFERENCIA,2022-02-22T11:38:29,4559.81
1044,0007,SANTANDER,FELIPE,SAQUE,2022-02-03T06:20:39,2422.67
1044,0004,SANTANDER,PAULA,TRANSFERENCIA,2022-01-15T11:08:45,233.28
1520,0002,SANTANDER,CARLOS,SAQUE,2022-01-02T14:15:08,3965.06
1520,0004,SANTANDER,JOAO,DEPOSITO,2022-01-30T09:58:59,2899.69
1520,0007,SANTANDER,BRUNO,SAQUE,2022-02-20T18:40:16,3355.91
2220,0001,SANTANDER,MARIA,DEPOSITO,2022-02-05T14:31:44,3148.80
2220,0001,SANTANDER,JULIA,TRANSFERENCIA,2022-01-28T15:00:33,84.21
1044,0007,SANTANDER,ANA,SAQUE,2022-01-05T02:04:54,208.11
1044,0004,SANTANDER,RAFAEL,DEPOSITO,2022-01-04T07:01:54,4744.87
9999,0002,SANTANDER,FELIPE,TRANSFERENCIA,2022-02-16T08:47:24,116.50
9999,0001,SANTANDER,BRUNO,DEPOSITO,2022-02-28T22:22:14,3948.38
9999,0002,SANTANDER,ANA,DEPOSITO,2022-02-03T19:33:39,3695.77
9999,0001,SANTANDER,JULIA,TRANSFERENCIA,2022-02-08T05:29:02,1056.62
3320,0007,SANTANDER,CARLOS,DEPOSITO,2022-01-14T14:28:03,4354.27
1044,0004,SANTANDER,ANA,TRANSFERENCIA,2022-01-10T10:40:32,2423.08
9999,0002,SANTANDER,JULIA,DEPOSITO,2022-01-07T06:34:44,3911.96
1044,0002,SANTANDER,CARLOS,DEPOSITO,2022-02-09T12:18:45,2007.49
3320,0001,SANTANDER,JOAO,TRANSFERENCIA,2022-01-04T09:14:39,1299.99
3320,0001,SANTANDER,CARLOS,TRANSFERENCIA,2022-02-23T09:54:44,4339.03
9999,0007,SANTANDER,PAULA,TRANSFERENCIA,2022-01-17T02:08:53,4211.00
1520,0004,SANTANDER,JOAO,TRANSFERENCIA,2022-02-25T20:40:14,1883.02
2220,0001,SANTANDER,BIA,TRANSFERENCIA,2022-02-18T17:39:20,4726.16
3320,0001,SANTANDER,PAULA,SAQUE,2022-02-27T06:46:02,2505.92
1520,0007,SANTANDER,BRUNO,TRANSFERENCIA,2022-02-24T11:06:34,514.13
1520,0002,SANTANDER,RAFAEL,DEPOSITO,2022-02-06T20:49:48,3014.09
3320,0001,SANTANDER,ANA,SAQUE,2022-01-10T19:41:30,1905.73
1044,0004,SANTANDER,BRUNO,DEPOSITO,2022-01-15T21:35:55,1849.09
3320,0001,SANTANDER,FELIPE,DEPOSITO,2022-01-22T06:23:26,2109.10
3320,0007,SANTANDER,BRUNO,TRANSFERENCIA,2022-02-18T14:25:57,2262.69
3320,0002,SANTANDER,BIA,DEPOSITO,2022-02-18T08:49:25,3959.11
9999,0004,SANTANDER,PAULA,DEPOSITO,2022-02-05T07:51:18,186.59
1520,0007,SANTANDER,MARIA,DEPOSITO,2022-01-23T11:31:39,3260.49
1520,0004,SANTANDER,PAULA,SAQUE,2022-02-11T04:41:42,185.08
1044,0002,SANTANDER,BRUNO,SAQUE,2022-01-26T17:37:28,4171.55
1044,0007,SANTANDER,MARIA,DEPOSITO,2022-02-02T07:52:21,185.42
1044,0004,SANTANDER,MARIA,DEPOSITO,2022-01-18T23:54:31,2151.27
1044,0004,SANTANDER,RAFAEL,TRANSFERENCIA,2022-01-14T22:13:34,2998.38
2220,0004,SANTANDER,ANA,DEPOSITO,2022-01-09T09:07:10,3299.64
9999,0001,SANTANDER,JULIA,TRANSFERENCIA,2022-02-14T22:39:07,2788.97
1044,0007,SANTANDER,BRUNO,SAQUE,2022-01-03T00:44:32,3015.10
9999,0002,SANTANDER,PAULA,SAQUE,2022-02-27T16:39:17,1961.49
1044,0002,SANTANDER,CARLOS,SAQUE,2022-02-16T03:20:55,3350.92
1520,0007,SANTANDER,CARLOS,TRANSFERENCIA,2022-01-12T18:06:08,1555.65
1044,0004,SANTANDER,JOAO,SAQUE,2022-02-12T06:23:37,3469.26
3320,0004,SANTANDER,JULIA,DEPOSITO,2022-01-16T00:59:43,1628.42
1044,0007,SANTANDER,MARIA,TRANSFERENCIA,2022-01-20T04:06:29,717.75
2220,0002,SANTANDER,MARIA,SAQUE,2022-02-21T18:49:28,1279.90
1520,0004,SANTANDER,ANA,SAQUE,2022-01-01T20:43:26,2878.62
1044,0004,SANTANDER,FELIPE,TRANSFERENCIA,2022-02-05T03:35:09,3863.89
2220,0004,SANTANDER,JOAO,DEPOSITO,2022-02-09T00:38:31,4513.18
9999,0001,SANTANDER,RAFAEL,DEPOSITO,2022-02-21T00:43:02,4613.38
1520,0007,SANTANDER,FELIPE,DEPOSITO,2022-01-07T23:21:17,757.33
3320,0002,SANTANDER,CARLOS,SAQUE,2022-01-18T21:31:18,3283.22
3320,0007,SANTANDER,RAFAEL,SAQUE,2022-01-25T02:25:09,758.08
2220,0002,SANTANDER,PAULA,SAQUE,2022-01-24T16:11:41,774.10
2220,0002,SANTANDER,PAULA,DEPOSITO,2022-02-11T16:54:41,2195.39
2220,0004,SANTANDER,RAFAEL,TRANSFERENCIA,2022-01-13T00:03:29,2903.59
1044,0007,SANTANDER,RAFAEL,DEPOSITO,2022-02-14T10:45:42,3763.06
9999,0002,SANTANDER,BIA,DEPOSITO,2022-01-27T01:37:06,3035.88
3320,0001,SANTANDER,JULIA,DEPOSITO,2022-02-17T11:24:53,1733.54
2220,0002,SANTANDER,BRUNO,DEPOSITO,2022-02-18T23:52:54,1303.91
9999,0001,SANTANDER,ANA,SAQUE,2022-02-09T06:10:30,3246.03
2220,0002,SANTANDER,FELIPE,SAQUE,2022-01-19T13:58:12,379.14
1520,0002,SANTANDER,MARIA,DEPOSITO,2022-02-13T17:00:21,2984.77
1044,0002,SANTANDER,CARLOS,SAQUE,2022-01-21T03:12:42,2773.34
9999,0002,SANTANDER,JULIA,SAQUE,2022-01-10T21:13:56,3271.27
1520,0001,SANTANDER,MARIA,DEPOSITO,2022-02-09T02:37:35,1398.46
1520,0002,SANTANDER,JULIA,DEPOSITO,2022-01-14T02:58:24,2689.19
1520,0002,SANTANDER,RAFAEL,TRANSFERENCIA,2022-02-05T11:21:39,4775.23
1520,0001,SANTANDER,ANA,DEPOSITO,2022-01-24T09:29:59,2817.28
9999,0001,SANTANDER,ANA,DEPOSITO,2022-01-24T21:23:05,1301.19
1520,0004,SANTANDER,BIA,SAQUE,2022-01-03T02:04:20,3369.08
2220,0001,SANTANDER,RAFAEL,DEPOSITO,2022-01-18T19:14:10,1179.17
2220,0004,SANTANDER,JOAO,DEPOSITO,2022-02-08T13:29:31,190.33
3320,0007,SANTANDER,FELIPE,SAQUE,2022-01-31T04:32:27,4314.26
2220,0002,SANTANDER,FELIPE,DEPOSITO,2022-01-11T04:07:16,3192.00
9999,0002,SANTANDER,BRUNO,TRANSFERENCIA,2022-01-10T15:23:03,4713.88
3320,0004,SANTANDER,JOAO,DEPOSITO,2022-01-13T04:08:21,326.23
9999,0004,SANTANDER,JOAO,SAQUE,2022-02-01T08:49:36,4332.37
9999,0007,SANTANDER,JOAO,DEPOSITO,2022-01-14T04:46:55,3545.77
9999,0001,SANTANDER,JOAO,TRANSFERENCIA,2022-02-16T08:55:15,3213.19
3320,0007,SANTANDER,RAFAEL,DEPOSITO,2022-02-10T14:56:28,4663.96
1520,0002,SANTANDER,BRUNO,TRANSFERENCIA,2022-01-10T00:34:21,3814.24
9999,0002,SANTANDER,MARIA,DEPOSITO,2022-01-05T01:48:08,2213.18
3320,0007,SANTANDER,JULIA,SAQUE,2022-02-21T00:23:50,3429.83
2220,0001,SANTANDER,CARLOS,SAQUE,2022-02-26T04:09:06,90.43
9999,0001,SANTANDER,BIA,SAQUE,2022-01-03T12:58:17,4567.14
1044,0007,SANTANDER,FELIPE,DEPOSITO,2022-01-04T20:11:17,2412.40
3320,0004,SANTANDER,PAULA,DEPOSITO,2022-02-19T20:55:41,4126.80
2220,0002,SANTANDER,MARIA,SAQUE,2022-01-17T08:01:24,2309.77
9999,0001,SANTANDER,ANA,SAQUE,2022-01-15T19:45:40,2980.67
3320,0002,SANTANDER,FELIPE,TRANSFERENCIA,2022-02-14T00:45:50,3353.43
3320,0004,SANTANDER,CARLOS,SAQUE,2022-01-11T21:17:24,1484.28
3320,0004,SANTANDER,PAULA,DEPOSITO,2022-01-29T07:34:22,1174.39
1520,0007,SANTANDER,CARLOS,DEPOSITO,2022-02-28T06:27:36,1342.06
9999,0001,SANTANDER,JOAO,DEPOSITO,2022-02-25T17:29:30,869.32
1044,0007,SANTANDER,JULIA,DEPOSITO,2022-02-09T21:54:40,4934.96
9999,0002,SANTANDER,PAULA,DEPOSITO,2022-02-04T21:38:21,4890.37
1044,0001,SANTANDER,CARLOS,DEPOSITO,2022-02-22T19:58:19,1220.80
2220,0004,SANTANDER,JOAO,SAQUE,2022-02-18T12:37:18,3738.64
1520,0001,SANTANDER,JULIA,SAQUE,2022-02-13T02:07:50,3947.93
1520,0001,SANTANDER,JULIA,DEPOSITO,2022-02-27T01:06:52,3533.36
1520,0004,SANTANDER,JULIA,SAQUE,2022-01-23T23:01:50,550.85
1044,0007,SANTANDER,BIA,DEPOSITO,2022-01-26T16:39:38,92.91
1520,0001,SANTANDER,CARLOS,DEPOSITO,2022-01-04T00:13:18,454.08
9999,0002,SANTANDER,JULIA,DEPOSITO,2022-01-19T00:27:43,36.67
2220,0002,SANTANDER,FELIPE,DEPOSITO,2022-01-06T07:07:50,3433.19
3320,0001,SANTANDER,BRUNO,TRANSFERENCIA,2022-01-27T19:53:23,653.13
2220,0007,SANTANDER,JULIA,SAQUE,2022-01-12T08:33:47,1896.32
1044,0001,SANTANDER,RAFAEL,SAQUE,2022-01-19T11:26:03,527.91
1520,0007,SANTANDER,MARIA,TRANSFERENCIA,2022-02-13T13:57:42,606.26
9999,0004,SANTANDER,ANA,DEPOSITO,2022-01-25T06:39:20,231.96
1520,0004,SANTANDER,JOAO,TRANSFERENCIA,2022-01-08T03:30:24,2990.49
1520,0001,SANTANDER,ANA,DEPOSITO,2022-02-12T19:32:55,3989.83
3320,0004,SANTANDER,FELIPE,DEPOSITO,2022-01-22T22:13:27,1824.64
1044,0001,SANTANDER,PAULA,DEPOSITO,2022-01-24T04:03:03,1808.19
1044,0001,SANTANDER,JULIA,TRANSFERENCIA,2022-01-03T17:32:57,751.21
3320,0007,SANTANDER,PAULA,SAQUE,2022-01-06T06:34:49,1984.87
1044,0007,SANTANDER,JOAO,SAQUE,2022-01-29T15:03:24,2906.02
3320,0004,SANTANDER,PAULA,DEPOSITO,2022-02-13T02:06:59,1438.46
1044,0001,SANTANDER,ANA,DEPOSITO,2022-01-09T07:06:47,2492.38
3320,0002,SANTANDER,FELIPE,TRANSFERENCIA,2022-02-18T03:44:26,4318.85
9999,0007,SANTANDER,ANA,SAQUE,2022-02-08T05:32:21,4925.16
1044,0007,SANTANDER,RAFAEL,TRANSFERENCIA,2022-02-20T21:15:32,2974.28
1520,0007,SANTANDER,RAFAEL,SAQUE,2022-01-10T13:49:59,2387.28
1520,0004,SANTANDER,MARIA,SAQUE,2022-01-07T11:24:07,1291.03
1044,0001,SANTANDER,FELIPE,DEPOSITO,2022-02-18T14:50:04,1559.46
1044,0004,SANTANDER,BRUNO,DEPOSITO,2022-01-22T01:15:31,372.74
3320,0007,SANTANDER,MARIA,TRANSFERENCIA,2022-02-15T15:05:35,4478.61
1044,0001,SANTANDER,BIA,SAQUE,2022-02-09T19:03:34,2012.03
1044,0004,SANTANDER,ANA,TRANSFERENCIA,2022-01-06T04:40:30,2714.20
2220,0001,SANTANDER,JULIA,DEPOSITO,2022-01-01T17:20:09,4464.01
1520,0007,SANTANDER,BRUNO,SAQUE,2022-02-14T19:23:16,145.61
1520,0002,SANTANDER,JOAO,SAQUE,2022-01-11T01:14:21,3360.84
2220,0002,SANTANDER,RAFAEL,SAQUE,2022-01-09T18:49:13,3323.67
9999,0001,SANTANDER,PAULA,SAQUE,2022-01-03T21:00:15,4687.68
1044,0007,SANTANDER,BIA,DEPOSITO,2022-02-04T17:23:56,4775.14
2220,0004,SANTANDER,JOAO,SAQUE,2022-01-07T04:19:06,2849.11
1044,0004,SANTANDER,FELIPE,DEPOSITO,2022-01-06T13:24:14,3548.33
2220,0002,SANTANDER,CARLOS,SAQUE,2022-01-12T22:32:45,2106.31
1044,0002,SANTANDER,CARLOS,TRANSFERENCIA,2022-01-17T18:01:09,1515.48
1520,0001,SANTANDER,CARLOS,DEPOSITO,2022-01-31T18:54:18,4388.37
2220,0007,SANTANDER,FELIPE,DEPOSITO,2022-02-21T06:43:25,730.13
3320,0001,SANTANDER,BRUNO,DEPOSITO,2022-01-13T06:17:27,3711.98
1520,0007,SANTANDER,RAFAEL,DEPOSITO,2022-02-08T20:50:22,275.02
9999,0004,SANTANDER,MARIA,TRANSFERENCIA,2022-02-02T19:27:26,3067.29
3320,0004,SANTANDER,BRUNO,DEPOSITO,2022-01-31T22:23:48,735.16
2220,0004,SANTANDER,BRUNO,DEPOSITO,2022-02-01T12:43:35,942.44
3320,0001,SANTANDER,BRUNO,DEPOSITO,2022-02-26T08:38:07,3962.76
1520,0007,SANTANDER,JOAO,DEPOSITO,2022-01-28T23:04:17,517.90
3320,0007,SANTANDER,MARIA,SAQUE,2022-01-29T05:08:55,3204.20
3320,0001,SANTANDER,JOAO,DEPOSITO,2022-02-22T18:01:54,2993.51
1520,0007,SANTANDER,RAFAEL,DEPOSITO,2022-02-25T23:34:53,4178.22
1044,0007,SANTANDER,BRUNO,SAQUE,2022-01-11T19:45:27,2787.58
9999,0002,SANTANDER,JOAO,DEPOSITO,2022-01-11T08:06:40,3477.80
1044,0004,SANTANDER,CARLOS,DEPOSITO,2022-01-30T18:03:40,4189.23
3320,0002,SANTANDER,CARLOS,TRANSFERENCIA,2022-01-22T15:23:11,1856.23
9999,0007,SANTANDER,JULIA,DEPOSITO,2022-02-28T13:02:56,2389.60
1520,0007,SANTANDER,RAFAEL,DEPOSITO,2022-01-16T04:03:28,4180.67
1044,0002,SANTANDER,MARIA,TRANSFERENCIA,2022-02-16T23:04:22,3985.30
1044,0001,SANTANDER,CARLOS,SAQUE,2022-02-24T17:04:15,1072.12
1520,0001,SANTANDER,MARIA,TRANSFERENCIA,2022-02-01T19:04:10,3107.27
9999,0007,SANTANDER,CARLOS,TRANSFERENCIA,2022-01-02T17:35:32,3689.02
1044,0002,SANTANDER,BIA,SAQUE,2022-02-01T19:14:51,3621.57
1044,0001,SANTANDER,BIA,DEPOSITO,2022-02-16T21:41:14,4608.58
3320,0001,SANTANDER,RAFAEL,DEPOSITO,2022-02-13T09:22:54,3649.88
2220,0007,SANTANDER,RAFAEL,SAQUE,2022-02-08T12:26:37,4731.68
9999,0002,SANTANDER,CARLOS,SAQUE,2022-02-11T08:42:01,4699.60
1520,0001,SANTANDER,BIA,DEPOSITO,2022-01-27T03:46:02,177.13
2220,0002,SANTANDER,PAULA,TRANSFERENCIA,2022-01-03T12:25:14,2553.10
9999,0001,SANTANDER,BRUNO,TRANSFERENCIA,2022-01-20T13:15:33,446.06
1520,0002,SANTANDER,MARIA,DEPOSITO,2022-02-26T13:28:54,1661.85
3320,0002,SANTANDER,FELIPE,SAQUE,2022-01-24T10:32:30,4777.90
3320,0004,SANTANDER,BRUNO,DEPOSITO,2022-02-18T09:17:03,685.88
1520,0002,SANTANDER,RAFAEL,DEPOSITO,2022-02-11T15:27:11,617.31
3320,0007,SANTANDER,MARIA,DEPOSITO,2022-01-09T22:12:35,948.21
3320,0007,SANTANDER,PAULA,SAQUE,2022-01-14T23:29:01,1008.55
2220,0002,SANTANDER,PAULA,DEPOSITO,2022-01-18T11:11:35,4541.10
1520,0004,SANTANDER,FELIPE,SAQUE,2022-01-25T12:40:19,926.49
2220,0002,SANTANDER,PAULA,DEPOSITO,2022-01-11T20:49:24,1848.71
9999,0007,SANTANDER,MARIA,TRANSFERENCIA,2022-01-28T21:53:47,718.23
1520,0004,SANTANDER,BIA,SAQUE,2022-02-02T00:58:22,1131.90
1520,0004,SANTANDER,ANA,TRANSFERENCIA,2022-02-23T03:31:44,2458.99
9999,0002,SANTANDER,BRUNO,DEPOSITO,2022-01-18T16:24:18,2443.33
2220,0004,SANTANDER,PAULA,SAQUE,2022-01-22T14:31:31,2603.34
1520,0007,SANTANDER,MARIA,SAQUE,2022-02-26T14:28:39,743.79
3320,0004,SANTANDER,MARIA,SAQUE,2022-01-08T03:37:19,1197.66
3320,0001,SANTANDER,MARIA,SAQUE,2022-02-16T03:49:05,1641.54
1044,0001,SANTANDER,FELIPE,DEPOSITO,2022-02-09T07:43:53,4871.76
1044,0004,SANTANDER,MARIA,SAQUE,2022-01-21T11:58:00,698.03
3320,0002,SANTANDER,JULIA,SAQUE,2022-01-04T05:46:52,2789.02
3320,0004,SANTANDER,PAULA,SAQUE,2022-02-25T21:03:40,1522.73
9999,0001,SANTANDER,JULIA,DEPOSITO,2022-01-02T03:48:58,4919.92
1044,0007,SANTANDER,RAFAEL,SAQUE,2022-02-16T13:50:24,3090.23
1520,0002,SANTANDER,MARIA,DEPOSITO,2022-02-23T18:39:52,929.83
2220,0001,SANTANDER,RAFAEL,SAQUE,2022-02-27T20:54:50,1046.49
1520,0004,SANTANDER,MARIA,TRANSFERENCIA,2022-01-23T12:19:53,373.49
2220,0004,SANTANDER,CARLOS,TRANSFERENCIA,2022-02-28T02:45:52,2722.78
3320,0001,SANTANDER,JULIA,DEPOSITO,2022-01-28T00:30:01,4923.05
2220,0002,SANTANDER,RAFAEL,SAQUE,2022-01-10T07:02:20,1117.44
3320,0007,SANTANDER,JOAO,TRANSFERENCIA,2022-01-25T07:01:31,2874.74
2220,0002,SANTANDER,CARLOS,DEPOSITO,2022-01-31T09:42:53,1543.62
2220,0007,SANTANDER,JOAO,SAQUE,2022-02-01T03:41:18,4568.95
1044,0004,SANTANDER,RAFAEL,TRANSFERENCIA,2022-01-13T15:18:53,4270.43
1044,0001,SANTANDER,MARIA,TRANSFERENCIA,2022-01-03T15:55:29,3339.08
3320,0002,SANTANDER,RAFAEL,DEPOSITO,2022-01-06T15:03:14,4030.05
3320,0004,SANTANDER,PAULA,DEPOSITO,2022-02-27T10:25:59,4876.46
3320,0004,SANTANDER,RAFAEL,DEPOSITO,2022-02-04T09:07:42,1096.69
1520,0004,SANTANDER,BRUNO,DEPOSITO,2022-01-10T17:45:02,1606.32
3320,0002,SANTANDER,JOAO,DEPOSITO,2022-01-02T13:36:06,1907.25
2220,0007,SANTANDER,JOAO,TRANSFERENCIA,2022-02-08T23:46:14,1066.61
3320,0001,SANTANDER,MARIA,TRANSFERENCIA,2022-01-07T16:59:12,3593.45
1520,0001,SANTANDER,BIA,DEPOSITO,2022-02-02T17:10:20,3718.07
1520,0002,SANTANDER,PAULA,SAQUE,2022-01-12T01:50:47,4205.28
1044,0001,SANTANDER,JULIA,DEPOSITO,2022-02-17T20:31:39,3114.22
2220,0001,SANTANDER,JULIA,DEPOSITO,2022-02-25T13:24:27,3155.49
3320,0001,SANTANDER,BRUNO,SAQUE,2022-02-22T06:41:04,2903.97
1520,0001,SANTANDER,CARLOS,DEPOSITO,2022-02-20T05:32:08,648.82
2220,0002,SANTANDER,MARIA,DEPOSITO,2022-01-18T17:17:00,4140.80
2220,0004,SANTANDER,FELIPE,DEPOSITO,2022-02-11T21:41:55,2794.84
2220,0002,SANTANDER,FELIPE,DEPOSITO,2022-02-01T04:36:32,304.04
2220,0004,SANTANDER,FELIPE,TRANSFERENCIA,2022-02-28T19:51:35,121.36
3320,0007,SANTANDER,PAULA,TRANSFERENCIA,2022-01-12T14:47:52,647.80
2220,0002,SANTANDER,JOAO,TRANSFERENCIA,2022-02-03T13:16:05,2383.95
9999,0001,SANTANDER,JULIA,DEPOSITO,2022-02-01T03:34:04,56.86
9999,0001,SANTANDER,BIA,TRANSFERENCIA,2022-02-10T05:38:57,2698.50
1044,0004,SANTANDER,ANA,DEPOSITO,2022-02-01T17:07:51,4757.36
2220,0001,SANTANDER,PAULA,DEPOSITO,2022-01-29T14:03:25,4980.27
1520,0004,SANTANDER,CARLOS,SAQUE,2022-02-05T02:30:09,4521.02
1044,0004,SANTANDER,BRUNO,DEPOSITO,2022-01-28T05:51:51,49.09
3320,0001,SANTANDER,MARIA,TRANSFERENCIA,2022-02-08T05:03:27,3230.30
1044,0002,SANTANDER,JOAO,SAQUE,2022-01-07T22:44:01,1121.16
1044,0001,SANTANDER,CARLOS,SAQUE,2022-02-03T21:29:45,3688.90
9999,0001,SANTANDER,BRUNO,TRANSFERENCIA,2022-02-16T11:34:48,96.51
1520,0004,SANTANDER,CARLOS,DEPOSITO,2022-02-04T21:20:50,1547.34
1044,0001,SANTANDER,JOAO,SAQUE,2022-01-04T21:40:24,4447.41
1520,0001,SANTANDER,CARLOS,TRANSFERENCIA,2022-02-10T00:49:50,1275.10
1044,0004,SANTANDER,BIA,DEPOSITO,2022-02-07T09:13:02,2642.59
3320,0004,SANTANDER,RAFAEL,DEPOSITO,2022-02-04T01:54:18,852.81
2220,0001,SANTANDER,CARLOS,TRANSFERENCIA,2022-02-26T09:44:23,3025.45
1044,0007,SANTANDER,BRUNO,SAQUE,2022-01-31T16:55:46,2217.97
1520,0001,SANTANDER,JULIA,TRANSFERENCIA,2022-01-04T20:05:40,3483.71
9999,0004,SANTANDER,MARIA,SAQUE,2022-02-19T05:43:41,561.41
1520,0007,SANTANDER,ANA,SAQUE,2022-02-06T04:50:23,300.33
1520,0004,SANTANDER,BIA,DEPOSITO,2022-02-28T09:58:29,113.46
3320,0001,SANTANDER,ANA,SAQUE,2022-02-12T15:23:33,4340.22
1520,0007,SANTANDER,CARLOS,SAQUE,2022-02-12T00:35:05,3419.13
2220,0007,SANTANDER,BRUNO,SAQUE,2022-01-10T20:33:55,3129.59
3320,0002,SANTANDER,JULIA,SAQUE,2022-02-26T16:40:30,2293.37
2220,0001,SANTANDER,FELIPE,DEPOSITO,2022-01-30T20:02:08,4817.08
1520,0007,SANTANDER,RAFAEL,DEPOSITO,2022-01-29T09:37:50,1391.04
9999,0007,SANTANDER,CARLOS,DEPOSITO,2022-02-19T00:54:46,3035.09
3320,0004,SANTANDER,CARLOS,SAQUE,2022-02-22T15:30:58,1140.42
9999,0001,SANTANDER,MARIA,SAQUE,2022-02-13T02:26:17,3163.94
1044,0004,SANTANDER,PAULA,TRANSFERENCIA,2022-02-27T20:04:26,4085.29
3320,0007,SANTANDER,ANA,TRANSFERENCIA,2022-01-09T23:06:50,3588.21
1044,0004,SANTANDER,RAFAEL,TRANSFERENCIA,2022-01-30T16:26:51,101.06
1520,0004,SANTANDER,BRUNO,DEPOSITO,2022-02-22T20:34:40,1276.09
2220,0002,SANTANDER,BIA,SAQUE,2022-01-29T01:52:33,2802.19
9999,0007,SANTANDER,RAFAEL,SAQUE,2022-02-16T06:32:13,3759.97
2220,0007,SANTANDER,PAULA,DEPOSITO,2022-01-25T17:21:43,4268.65
2220,0002,SANTANDER,PAULA,TRANSFERENCIA,2022-01-05T09:31:31,1608.82
1044,0002,SANTANDER,ANA,SAQUE,2022-02-24T15:39:31,498.98
9999,0007,SANTANDER,MARIA,DEPOSITO,2022-01-13T07:27:27,4233.56
9999,0007,SANTANDER,CARLOS,DEPOSITO,2022-02-12T06:07:45,4033.85
2220,0007,SANTANDER,BRUNO,SAQUE,2022-01-08T22:10:29,2942.05
9999,0002,SANTANDER,ANA,SAQUE,2022-02-06T22:44:27,4193.18
3320,0004,SANTANDER,BIA,TRANSFERENCIA,2022-01-21T10:43:17,567.01
2220,0007,SANTANDER,JOAO,TRANSFERENCIA,2022-02-04T11:17:44,2102.88
2220,0004,SANTANDER,BIA,SAQUE,2022-01-03T12:57:08,3142.13
2220,0002,SANTANDER,BIA,TRANSFERENCIA,2022-02-10T08:34:50,2425.20
1044,0004,SANTANDER,PAULA,DEPOSITO,2022-02-16T17:33:11,4583.59
1520,0004,SANTANDER,JOAO,DEPOSITO,2022-02-13T17:13:54,4229.51
2220,0001,SANTANDER,FELIPE,DEPOSITO,2022-01-02T18:34:34,3486.36
1044,0004,SANTANDER,CARLOS,DEPOSITO,2022-01-28T09:30:49,179.87
9999,0004,SANTANDER,PAULA,DEPOSITO,2022-01-13T20:00:51,1851.64
3320,0007,SANTANDER,CARLOS,DEPOSITO,2022-02-23T08:36:05,1346.16
1044,0004,SANTANDER,PAULA,DEPOSITO,2022-02-09T19:22:13,1053.40
1044,0004,SANTANDER,FELIPE,SAQUE,2022-02-02T10:11:38,132.90
9999,0004,SANTANDER,JULIA,SAQUE,2022-02-13T14:59:11,803.58
2220,0002,SANTANDER,RAFAEL,TRANSFERENCIA,2022-01-14T21:00:18,2374.54
9999,0004,SANTANDER,RAFAEL,TRANSFERENCIA,2022-02-18T08:22:35,301.90
9999,0004,SANTANDER,FELIPE,TRANSFERENCIA,2022-02-11T09:32:06,4084.72
1520,0002,SANTANDER,BRUNO,DEPOSITO,2022-02-22T11:00:16,156.53
3320,0007,SANTANDER,BRUNO,TRANSFERENCIA,2022-01-30T17:34:20,1321.75
3320,0004,SANTANDER,JULIA,TRANSFERENCIA,2022-02-04T23:41:48,231.87
2220,0007,SANTANDER,MARIA,DEPOSITO,2022-02-04T10:56:48,1120.45
2220,0007,SANTANDER,RAFAEL,DEPOSITO,2022-01-14T13:12:48,1391.69
1520,0007,SANTANDER,CARLOS,TRANSFERENCIA,2022-01-07T06:35:52,2932.51
2220,0002,SANTANDER,BRUNO,TRANSFERENCIA,2022-02-02T09:30:51,109.51
2220,0002,SANTANDER,ANA,TRANSFERENCIA,2022-01-18T01:57:04,1722.00
1520,0007,SANTANDER,BIA,SAQUE,2022-02-03T20:29:26,2136.03
2220,0001,SANTANDER,PAULA,TRANSFERENCIA,2022-02-19T11:30:42,710.48
1520,0007,SANTANDER,JOAO,SAQUE,2022-02-20T20:44:32,317.50
3320,0004,SANTANDER,BIA,SAQUE,2022-01-14T17:31:49,1043.29
2220,0004,SANTANDER,JULIA,SAQUE,2022-02-11T23:05:23,2871.52
3320,0004,SANTANDER,BIA,DEPOSITO,2022-01-10T11:35:07,2761.45
1520,0007,SANTANDER,BIA,TRANSFERENCIA,2022-02-04T05:17:13,4538.23
9999,0001,SANTANDER,MARIA,TRANSFERENCIA,2022-01-17T22:43:03,2862.24
1044,0007,SANTANDER,CARLOS,SAQUE,2022-01-25T00:11:52,341.79
1520,0002,SANTANDER,RAFAEL,DEPOSITO,2022-02-28T05:03:34,4528.49
1044,0007,SANTANDER,ANA,TRANSFERENCIA,2022-02-03T20:56:44,480.35
1520,0002,SANTANDER,JOAO,SAQUE,2022-01-23T09:04:35,2814.85
1520,0004,SANTANDER,BIA,DEPOSITO,2022-02-11T23:08:56,3400.20
9999,0004,SANTANDER,FELIPE,SAQUE,2022-02-25T17:25:10,4737.28
1044,0002,SANTANDER,RAFAEL,TRANSFERENCIA,2022-01-21T04:13:41,3605.33
1044,0004,SANTANDER,FELIPE,TRANSFERENCIA,2022-02-18T15:12:09,1500.25
3320,0007,SANTANDER,PAULA,SAQUE,2022-01-30T18:10:33,3139.41
1044,0001,SANTANDER,JULIA,SAQUE,2022-01-18T09:49:26,4371.13
2220,0002,SANTANDER,MARIA,DEPOSITO,2022-02-25T20:54:25,1022.54
1520,0007,SANTANDER,FELIPE,DEPOSITO,2022-01-05T12:32:46,4744.00
1044,0004,SANTANDER,JULIA,SAQUE,2022-02-11T05:12:00,2218.13
9999,0002,SANTANDER,CARLOS,TRANSFERENCIA,2022-01-30T15:14:36,3378.19
9999,0002,SANTANDER,PAULA,SAQUE,2022-02-08T07:25:34,4770.89
2220,0007,SANTANDER,BIA,SAQUE,2022-02-19T12:51:11,4398.55
9999,0004,SANTANDER,BIA,SAQUE,2022-01-17T15:32:46,4275.30
2220,0007,SANTANDER,FELIPE,TRANSFERENCIA,2022-02-17T08:10:25,2401.15
2220,0007,SANTANDER,BIA,SAQUE,2022-01-06T01:11:24,1473.53
2220,0007,SANTANDER,FELIPE,TRANSFERENCIA,2022-02-06T14:50:01,4331.13
2220,0004,SANTANDER,FELIPE,TRANSFERENCIA,2022-01-28T08:24:18,502.56
1044,0007,SANTANDER,JULIA,SAQUE,2022-02-19T21:13:24,251.93
1520,0004,SANTANDER,JOAO,DEPOSITO,2022-01-08T12:34:18,3522.12
1520,0007,SANTANDER,MARIA,TRANSFERENCIA,2022-01-07T16:55:28,674.12
1044,0002,SANTANDER,JULIA,DEPOSITO,2022-01-06T11:01:23,4941.90
3320,0007,SANTANDER,ANA,DEPOSITO,2022-02-21T08:54:47,4615.89
1044,0007,SANTANDER,JULIA,DEPOSITO,2022-01-31T20:38:40,150.79
9999,0002,SANTANDER,ANA,SAQUE,2022-01-07T03:02:02,3308.95
1520,0001,SANTANDER,ANA,TRANSFERENCIA,2022-01-30T08:02:38,1847.52
2220,0002,SANTANDER,MARIA,SAQUE,2022-02-16T07:50:20,288.63
1520,0001,SANTANDER,PAULA,DEPOSITO,2022-02-25T01:44:07,953.60
2220,0004,SANTANDER,BRUNO,SAQUE,2022-02-18T12:18:44,4994.63
1520,0002,SANTANDER,MARIA,TRANSFERENCIA,2022-02-13T05:38:07,1066.34
3320,0002,SANTANDER,BIA,DEPOSITO,2022-01-05T07:12:03,418.05
1520,0001,SANTANDER,CARLOS,TRANSFERENCIA,2022-01-17T16:20:02,2069.24
1520,0002,SANTANDER,FELIPE,TRANSFERENCIA,2022-01-26T08:21:13,78.74
1520,0007,SANTANDER,MARIA,SAQUE,2022-02-20T21:31:00,1906.96
1044,0007,SANTANDER,BRUNO,SAQUE,2022-01-17T14:37:26,4577.83
1044,0001,SANTANDER,CARLOS,SAQUE,2022-02-03T03:29:59,2712.88
1520,0004,SANTANDER,PAULA,SAQUE,2022-01-07T05:28:03,4150.42
1520,0001,SANTANDER,CARLOS,DEPOSITO,2022-01-06T02:32:50,415.44
1044,0002,SANTANDER,MARIA,TRANSFERENCIA,2022-01-11T22:09:24,2861.30
1044,0007,SANTANDER,JOAO,SAQUE,2022-02-16T18:57:09,2031.77
3320,0004,SANTANDER,PAULA,DEPOSITO,2022-02-28T22:17:58,2185.67
1520,0004,SANTANDER,CARLOS,TRANSFERENCIA,2022-02-02T06:17:04,1880.74
1044,0007,SANTANDER,ANA,SAQUE,2022-01-27T12:59:10,846.54
1044,0007,SANTANDER,CARLOS,SAQUE,2022-02-07T13:17:09,2953.72
1044,0007,SANTANDER,MARIA,TRANSFERENCIA,2022-02-17T18:30:17,1688.21
1044,0001,SANTANDER,RAFAEL,SAQUE,2022-02-18T09:55:19,3886.10
1520,0001,SANTANDER,CARLOS,TRANSFERENCIA,2022-02-24T04:24:33,4136.86
1520,0007,SANTANDER,JOAO,DEPOSITO,2022-02-24T00:21:46,106.29
1520,0007,SANTANDER,ANA,DEPOSITO,2022-02-17T14:02:13,211.15
3320,0007,SANTANDER,PAULA,TRANSFERENCIA,2022-02-23T05:52:09,1907.70
1044,0001,SANTANDER,CARLOS,DEPOSITO,2022-01-29T03:01:53,457.95
1044,0004,SANTANDER,FELIPE,TRANSFERENCIA,2022-01-26T07:11:17,3829.00
2220,0007,SANTANDER,JOAO,TRANSFERENCIA,2022-02-22T07:32:15,303.86
1044,0001,SANTANDER,MARIA,DEPOSITO,2022-01-13T00:36:44,1137.43
9999,0007,SANTANDER,FELIPE,DEPOSITO,2022-02-19T12:01:53,1261.08
9999,0007,SANTANDER,JOAO,DEPOSITO,2022-01-14T21:09:59,1274.68
2220,0001,SANTANDER,CARLOS,SAQUE,2022-01-01T12:59:51,2226.98
2220,0001,SANTANDER,PAULA,TRANSFERENCIA,2022-01-02T00:43:20,221.41
9999,0001,SANTANDER,CARLOS,SAQUE,2022-02-11T08:30:08,1800.38
2220,0002,SANTANDER,JULIA,TRANSFERENCIA,2022-02-15T09:25:08,1957.78
1520,0001,SANTANDER,ANA,DEPOSITO,2022-01-12T19:06:46,4327.87
1520,0004,SANTANDER,JOAO,SAQUE,2022-02-17T23:50:06,2162.67
1520,0007,SANTANDER,ANA,SAQUE,2022-02-22T03:01:53,4403.01
1520,0007,SANTANDER,PAULA,TRANSFERENCIA,2022-01-25T07:31:26,895.92
1044,0004,SANTANDER,ANA,DEPOSITO,2022-02-12T09:49:11,514.13
2220,0007,SANTANDER,PAULA,SAQUE,2022-02-12T02:03:18,2139.92
3320,0001,SANTANDER,BIA,TRANSFERENCIA,2022-01-16T11:14:49,3992.10
3320,0002,SANTANDER,CARLOS,TRANSFERENCIA,2022-01-12T09:22:33,1295.47
1520,0002,SANTANDER,MARIA,DEPOSITO,2022-01-16T09:11:33,2262.92
3320,0004,SANTANDER,BIA,DEPOSITO,2022-02-21T22:01:32,1111.02
2220,0007,SANTANDER,CARLOS,TRANSFERENCIA,2022-01-06T06:43:34,4476.64
9999,0001,SANTANDER,FELIPE,TRANSFERENCIA,2022-01-05T08:42:54,1727.12
9999,0004,SANTANDER,CARLOS,TRANSFERENCIA,2022-02-15T04:17:02,3140.62
2220,0001,SANTANDER,MARIA,SAQUE,2022-01-17T00:52:43,1711.87
2220,0002,SANTANDER,JOAO,TRANSFERENCIA,2022-01-21T23:43:56,2075.29
1520,0001,SANTANDER,FELIPE,DEPOSITO,2022-02-17T15:51:16,4119.19
1520,0001,SANTANDER,BRUNO,TRANSFERENCIA,2022-01-17T08:24:22,3588.70
2220,0002,SANTANDER,PAULA,SAQUE,2022-01-22T23:44:52,4507.74
1044,0004,SANTANDER,BIA,SAQUE,2022-01-31T21:05:10,617.13
2220,0007,SANTANDER,MARIA,DEPOSITO,2022-02-10T03:10:32,759.22
9999,0007,SANTANDER,ANA,TRANSFERENCIA,2022-02-08T12:04:09,4618.54
3320,0007,SANTANDER,JOAO,SAQUE,2022-02-04T22:16:00,1218.10
2220,0007,SANTANDER,JULIA,SAQUE,2022-01-06T21:14:20,3094.53
3320,0004,SANTANDER,CARLOS,DEPOSITO,2022-01-05T11:11:20,4025.56
1520,0007,SANTANDER,BIA,DEPOSITO,2022-01-02T18:44:18,3063.05
9999,0007,SANTANDER,JULIA,TRANSFERENCIA,2022-02-24T06:12:17,2490.59
1520,0002,SANTANDER,CARLOS,SAQUE,2022-01-06T10:19:09,4911.22
1520,0007,SANTANDER,BRUNO,DEPOSITO,2022-02-22T10:05:16,1465.07
1044,0002,SANTANDER,BIA,SAQUE,2022-01-03T15:39:40,3782.58
1044,0007,SANTANDER,JOAO,SAQUE,2022-01-31T09:45:45,4182.87
2220,0001,SANTANDER,RAFAEL,TRANSFERENCIA,2022-02-18T04:55:35,4438.03
2220,0004,SANTANDER,BIA,TRANSFERENCIA,2022-01-24T18:50:08,2352.08
9999,0001,SANTANDER,CARLOS,DEPOSITO,2022-02-15T09:18:13,4418.01
1520,0004,SANTANDER,RAFAEL,SAQUE,2022-01-06T14:24:57,1314.76
1520,0002,SANTANDER,PAULA,TRANSFERENCIA,2022-02-21T10:26:53,2885.17
3320,0007,SANTANDER,BRUNO,DEPOSITO,2022-02-05T18:16:02,568.80
3320,0001,SANTANDER,JOAO,DEPOSITO,2022-01-05T20:21:10,4485.63
1520,0004,SANTANDER,PAULA,DEPOSITO,2022-01-30T00:12:47,2411.50
9999,0001,SANTANDER,RAFAEL,DEPOSITO,2022-01-18T11:18:46,2424.09
1520,0007,SANTANDER,FELIPE,TRANSFERENCIA,2022-01-16T23:34:08,2507.37
1520,0007,SANTANDER,FELIPE,DEPOSITO,2022-01-31T13:22:58,1119.26
1520,0004,SANTANDER,FELIPE,TRANSFERENCIA,2022-02-05T00:33:29,365.76
1044,0001,SANTANDER,MARIA,SAQUE,2022-02-01T23:44:06,785.85
2220,0001,SANTANDER,MARIA,DEPOSITO,2022-02-23T16:15:06,2551.21
1044,0001,SANTANDER,ANA,SAQUE,2022-01-21T05:17:26,4916.95
9999,0001,SANTANDER,RAFAEL,TRANSFERENCIA,2022-01-26T22:41:54,439.88
1520,0004,SANTANDER,MARIA,DEPOSITO,2022-01-10T21:16:39,636.75
1520,0007,SANTANDER,CARLOS,TRANSFERENCIA,2022-01-05T01:12:07,4887.70
1044,0001,SANTANDER,ANA,DEPOSITO,2022-02-26T08:36:35,3018.93
3320,0002,SANTANDER,FELIPE,DEPOSITO,2022-02-09T12:45:54,3501.09
3320,0007,SANTANDER,RAFAEL,TRANSFERENCIA,2022-02-26T16:37:19,1326.88
3320,0007,SANTANDER,BIA,SAQUE,2022-01-05T01:57:56,2837.19
3320,0004,SANTANDER,FELIPE,SAQUE,2022-02-28T12:27:48,243.14
1520,0004,SANTANDER,BRUNO,SAQUE,2022-02-09T22:47:21,4056.18
2220,0001,SANTANDER,FELIPE,DEPOSITO,2022-01-12T22:50:23,1018.72
3320,0004,SANTANDER,BIA,SAQUE,2022-01-14T07:00:30,3226.26
9999,0001,SANTANDER,BIA,SAQUE,2022-02-11T18:33:50,1947.47
1044,0002,SANTANDER,BRUNO,DEPOSITO,2022-01-21T03:39:18,4839.64
1044,0002,SANTANDER,MARIA,TRANSFERENCIA,2022-01-30T17:34:32,4505.74
1044,0004,SANTANDER,ANA,DEPOSITO,2022-02-23T14:04:28,3803.39
1044,0001,SANTANDER,RAFAEL,TRANSFERENCIA,2022-02-01T00:45:21,4961.17
1044,0007,SANTANDER,JULIA,TRANSFERENCIA,2022-01-11T11:09:59,2671.01
9999,0007,SANTANDER,BRUNO,SAQUE,2022-01-24T06:53:56,4878.68
1520,0002,SANTANDER,JULIA,SAQUE,2022-01-28T07:13:21,779.12
3320,0002,SANTANDER,JULIA,TRANSFERENCIA,2022-02-20T07:22:07,2626.24
3320,0001,SANTANDER,BIA,DEPOSITO,2022-01-01T09:28:39,3842.81
1044,0001,SANTANDER,BIA,TRANSFERENCIA,2022-01-15T21:49:13,2478.80
1044,0001,SANTANDER,JOAO,DEPOSITO,2022-01-24T19:15:41,3874.14
9999,0007,SANTANDER,BRUNO,DEPOSITO,2022-02-20T00:15:49,1516.76
1520,0007,SANTANDER,FELIPE,DEPOSITO,2022-01-05T03:47:16,3691.37
2220,0004,SANTANDER,PAULA,TRANSFERENCIA,2022-02-19T03:37:24,3030.27
2220,0002,SANTANDER,BRUNO,TRANSFERENCIA,2022-01-03T19:26:36,1785.26
2220,0002,SANTANDER,RAFAEL,SAQUE,2022-02-23T20:40:08,3873.37
3320,0002,SANTANDER,JULIA,SAQUE,2022-02-24T18:46:30,2302.51
1520,0002,SANTANDER,CARLOS,DEPOSITO,2022-02-18T13:02:59,252.83
2220,0004,SANTANDER,MARIA,TRANSFERENCIA,2022-02-08T11:09:04,693.90
1520,0007,SANTANDER,JULIA,DEPOSITO,2022-02-14T16:47:46,2637.48
3320,0001,SANTANDER,BRUNO,TRANSFERENCIA,2022-02-25T17:28:15,1936.65
1520,0007,SANTANDER,BRUNO,TRANSFERENCIA,2022-02-20T20:01:43,317.41
3320,0007,SANTANDER,BIA,SAQUE,2022-01-31T06:01:45,3634.83
3320,0004,SANTANDER,FELIPE,TRANSFERENCIA,2022-01-26T20:25:44,1887.79
9999,0001,SANTANDER,BRUNO,TRANSFERENCIA,2022-01-08T06:56:44,3388.40
9999,0002,SANTANDER,FELIPE,TRANSFERENCIA,2022-01-28T17:13:40,505.21
9999,0007,SANTANDER,BIA,DEPOSITO,2022-01-01T19:32:44,1085.50
1520,0001,SANTANDER,RAFAEL,SAQUE,2022-01-26T16:06:19,2794.26
1520,0004,SANTANDER,CARLOS,DEPOSITO,2022-02-21T12:38:17,4930.41
9999,0001,SANTANDER,CARLOS,TRANSFERENCIA,2022-01-24T22:48:52,962.80
2220,0004,SANTANDER,RAFAEL,DEPOSITO,2022-02-14T10:54:47,4580.01
3320,0007,SANTANDER,JOAO,SAQUE,2022-01-10T16:55:15,1083.54
9999,0001,SANTANDER,BRUNO,TRANSFERENCIA,2022-02-11T00:29:25,3738.72
2220,0004,SANTANDER,JOAO,DEPOSITO,2022-02-28T19:42:38,4420.83
2220,0004,SANTANDER,JULIA,TRANSFERENCIA,2022-01-03T08:36:54,2656.49
9999,0001,SANTANDER,JULIA,DEPOSITO,2022-02-20T21:05:49,865.72
1044,0002,SANTANDER,PAULA,SAQUE,2022-01-13T07:17:11,2091.92
9999,0007,SANTANDER,JOAO,DEPOSITO,2022-01-08T19:06:08,1668.84
1044,0007,SANTANDER,RAFAEL,TRANSFERENCIA,2022-01-10T13:21:36,1175.44
2220,0002,SANTANDER,MARIA,DEPOSITO,2022-01-17T05:20:39,4865.39
1520,0007,SANTANDER,ANA,DEPOSITO,2022-01-14T08:27:26,1351.23
9999,0004,SANTANDER,CARLOS,SAQUE,2022-01-20T01:37:46,4175.50
2220,0002,SANTANDER,PAULA,SAQUE,2022-01-04T18:55:20,1759.93
9999,0007,SANTANDER,BRUNO,DEPOSITO,2022-01-14T02:15:08,161.10
1044,0001,SANTANDER,PAULA,TRANSFERENCIA,2022-01-27T15:01:46,3575.20
2220,0004,SANTANDER,JOAO,SAQUE,2022-02-02T05:44:22,2211.65
1044,0007,SANTANDER,BRUNO,SAQUE,2022-01-12T08:16:00,2999.89
2220,0004,SANTANDER,BRUNO,DEPOSITO,2022-01-13T03:46:20,1581.16
1044,0004,SANTANDER,FELIPE,DEPOSITO,2022-02-02T10:30:36,2811.52
2220,0007,SANTANDER,PAULA,SAQUE,2022-01-18T08:17:51,2863.20
1520,0007,SANTANDER,FELIPE,SAQUE,2022-02-10T18:43:32,2361.42
1044,0001,SANTANDER,BRUNO,TRANSFERENCIA,2022-01-03T06:41:28,495.37
1044,0001,SANTANDER,JULIA,TRANSFERENCIA,2022-01-16T21:18:38,2192.03
3320,0007,SANTANDER,RAFAEL,TRANSFERENCIA,2022-01-22T05:26:51,4945.12
9999,0002,SANTANDER,JULIA,TRANSFERENCIA,2022-02-28T19:40:11,2624.16
3320,0002,SANTANDER,ANA,TRANSFERENCIA,2022-01-25T13:15:47,2116.60
9999,0007,SANTANDER,FELIPE,TRANSFERENCIA,2022-02-10T00:40:53,4467.31
1520,0001,SANTANDER,JULIA,DEPOSITO,2022-02-08T23:25:57,1865.25
1044,0001,SANTANDER,RAFAEL,DEPOSITO,2022-01-20T11:49:50,2453.57
1520,0004,SANTANDER,BIA,SAQUE,2022-02-09T20:20:40,729.15
3320,0004,SANTANDER,JOAO,TRANSFERENCIA,2022-02-08T17:14:42,158.24
1520,0002,SANTANDER,BRUNO,DEPOSITO,2022-01-28T16:57:25,4276.91
1520,0007,SANTANDER,MARIA,DEPOSITO,2022-02-28T17:26:43,3916.16
9999,0001,SANTANDER,JOAO,SAQUE,2022-02-27T23:47:26,532.79
2220,0004,SANTANDER,BIA,DEPOSITO,2022-01-30T23:48:08,1699.75
1044,0002,SANTANDER,JOAO,SAQUE,2022-01-10T07:53:48,2373.38
9999,0004,SANTANDER,BRUNO,SAQUE,2022-02-17T15:54:54,3636.17
3320,0001,SANTANDER,ANA,SAQUE,2022-01-13T16:09:55,1700.03
9999,0007,SANTANDER,JULIA,SAQUE,2022-02-18T10:55:43,3868.87
3320,0002,SANTANDER,MARIA,DEPOSITO,2022-02-08T12:41:49,1868.21
2220,0001,SANTANDER,JOAO,TRANSFERENCIA,2022-02-13T10:35:52,296.53
9999,0007,SANTANDER,MARIA,SAQUE,2022-02-18T00:42:21,466.94
1044,0001,SANTANDER,FELIPE,DEPOSITO,2022-01-04T06:07:08,4752.41
2220,0004,SANTANDER,FELIPE,SAQUE,2022-02-14T12:06:29,4969.75
1044,0002,SANTANDER,CARLOS,TRANSFERENCIA,2022-01-30T18:26:34,3814.17
2220,0004,SANTANDER,FELIPE,DEPOSITO,2022-02-04T13:50:52,305.30
1044,0002,SANTANDER,CARLOS,DEPOSITO,2022-02-17T14:35:09,3359.88
1044,0001,SANTANDER,MARIA,DEPOSITO,2022-01-02T10:39:30,785.65
1044,0004,SANTANDER,JULIA,TRANSFERENCIA,2022-02-23T08:16:28,2687.89
2220,0004,SANTANDER,ANA,TRANSFERENCIA,2022-02-24T11:05:05,2468.23
1044,0002,SANTANDER,JOAO,DEPOSITO,2022-01-07T18:32:07,3365.86
1044,0002,SANTANDER,RAFAEL,TRANSFERENCIA,2022-01-16T23:45:13,3813.74
1520,0001,SANTANDER,BRUNO,DEPOSITO,2022-01-23T10:15:00,103.33
3320,0002,SANTANDER,BIA,DEPOSITO,2022-02-14T11:10:53,3524.83
1044,0004,SANTANDER,JULIA,SAQUE,2022-01-15T02:59:32,2966.12
1044,0004,SANTANDER,PAULA,TRANSFERENCIA,2022-02-11T14:40:49,4743.55
2220,0004,SANTANDER,JOAO,DEPOSITO,2022-02-15T20:53:00,4715.52
3320,0004,SANTANDER,BRUNO,TRANSFERENCIA,2022-01-27T14:20:39,4567.64
2220,0002,SANTANDER,RAFAEL,SAQUE,2022-01-29T17:18:30,514.77
1520,0007,SANTANDER,PAULA,TRANSFERENCIA,2022-01-08T05:32:36,109.89
9999,0007,SANTANDER,RAFAEL,DEPOSITO,2022-01-29T07:24:02,4921.48
9999,0002,SANTANDER,BIA,TRANSFERENCIA,2022-01-25T01:01:15,331.07
1044,0002,SANTANDER,MARIA,SAQUE,2022-02-18T19:31:21,634.11
1044,0004,SANTANDER,BIA,DEPOSITO,2022-01-05T21:14:13,4837.59
3320,0004,SANTANDER,RAFAEL,TRANSFERENCIA,2022-01-07T22:27:52,9.82
1044,0007,SANTANDER,BIA,TRANSFERENCIA,2022-02-25T03:14:48,443.88
9999,0004,SANTANDER,JULIA,DEPOSITO,2022-02-04T01:17:30,4461.30
1044,0001,SANTANDER,FELIPE,SAQUE,2022-01-28T20:20:32,1023.67
1044,0004,SANTANDER,JOAO,TRANSFERENCIA,2022-02-15T09:06:59,3459.19
9999,0001,SANTANDER,BRUNO,TRANSFERENCIA,2022-01-22T00:22:39,356.51
3320,0004,SANTANDER,BIA,TRANSFERENCIA,2022-01-29T09:28:47,1194.01
2220,0004,SANTANDER,ANA,TRANSFERENCIA,2022-01-02T23:53:04,3712.39
3320,0001,SANTANDER,FELIPE,TRANSFERENCIA,2022-01-16T21:04:16,367.55
1520,0001,SANTANDER,FELIPE,DEPOSITO,2022-01-30T23:00:50,3187.30
1520,0001,SANTANDER,ANA,DEPOSITO,2022-01-26T11:50:45,3841.07
9999,0002,SANTANDER,PAULA,TRANSFERENCIA,2022-02-14T05:55:37,260.19
1520,0004,SANTANDER,JOAO,DEPOSITO,2022-01-03T10:34:34,3108.96
1520,0007,SANTANDER,FELIPE,DEPOSITO,2022-01-22T02:22:32,928.33
2220,0002,SANTANDER,CARLOS,TRANSFERENCIA,2022-01-20T15:03:41,650.88
1044,0007,SANTANDER,FELIPE,SAQUE,2022-02-18T03:50:20,3032.24
1520,0004,SANTANDER,PAULA,SAQUE,2022-02-16T17:25:30,2567.61
3320,0007,SANTANDER,BIA,TRANSFERENCIA,2022-02-18T10:11:22,2473.67
1044,0002,SANTANDER,JULIA,TRANSFERENCIA,2022-02-27T04:16:35,3108.96
3320,0007,SANTANDER,BIA,SAQUE,2022-02-20T09:46:27,1503.41
1044,0004,SANTANDER,MARIA,TRANSFERENCIA,2022-02-26T22:00:41,2727.19
3320,0004,SANTANDER,PAULA,TRANSFERENCIA,2022-02-25T05:10:00,768.91
3320,0007,SANTANDER,FELIPE,TRANSFERENCIA,2022-02-28T17:02:26,90.26
2220,0004,SANTANDER,MARIA,DEPOSITO,2022-02-28T13:44:17,3617.77
1044,0002,SANTANDER,PAULA,DEPOSITO,2022-02-13T08:01:53,4261.46
9999,0007,SANTANDER,MARIA,DEPOSITO,2022-02-02T04:26:02,3673.14
3320,0002,SANTANDER,MARIA,TRANSFERENCIA,2022-02-13T07:11:13,2871.09
3320,0001,SANTANDER,JULIA,TRANSFERENCIA,2022-01-30T00:09:35,4086.60
1044,0007,SANTANDER,MARIA,TRANSFERENCIA,2022-02-11T01:42:39,3747.45
2220,0007,SANTANDER,ANA,TRANSFERENCIA,2022-01-05T21:52:39,713.35
1520,0001,SANTANDER,JOAO,SAQUE,2022-02-18T10:05:00,2642.19
1044,0004,SANTANDER,RAFAEL,TRANSFERENCIA,2022-02-15T01:21:00,282.95
1520,0004,SANTANDER,MARIA,TRANSFERENCIA,2022-01-13T03:49:19,4711.55
3320,0001,SANTANDER,BRUNO,SAQUE,2022-01-10T06:39:23,3070.72
1520,0004,SANTANDER,JULIA,DEPOSITO,2022-02-07T04:37:57,4931.40
3320,0002,SANTANDER,RAFAEL,DEPOSITO,2022-02-25T21:07:07,4534.41
3320,0007,SANTANDER,CARLOS,TRANSFERENCIA,2022-02-07T08:38:56,3873.76
3320,0007,SANTANDER,RAFAEL,TRANSFERENCIA,2022-02-16T04:31:45,1586.98
1520,0001,SANTANDER,ANA,SAQUE,2022-01-26T06:11:14,3798.50
3320,0007,SANTANDER,FELIPE,TRANSFERENCIA,2022-01-03T13:15:15,2222.92
2220,0002,SANTANDER,MARIA,DEPOSITO,2022-01-30T02:33:09,1256.23
9999,0004,SANTANDER,MARIA,TRANSFERENCIA,2022-02-24T19:20:46,1878.67
1044,0004,SANTANDER,BIA,TRANSFERENCIA,2022-02-07T07:37:59,879.88
1044,0002,SANTANDER,RAFAEL,DEPOSITO,2022-01-01T14:46:43,4829.31
3320,0007,SANTANDER,PAULA,TRANSFERENCIA,2022-01-08T05:30:37,4219.14
2220,0002,SANTANDER,BRUNO,TRANSFERENCIA,2022-02-02T04:14:55,28.69
2220,0001,SANTANDER,ANA,TRANSFERENCIA,2022-01-11T15:52:17,4478.60
3320,0004,SANTANDER,MARIA,TRANSFERENCIA,2022-01-12T12:19:38,3951.75
3320,0001,SANTANDER,RAFAEL,DEPOSITO,2022-02-13T23:24:21,653.77
1520,0007,SANTANDER,ANA,TRANSFERENCIA,2022-01-11T05:37:57,1370.17
1044,0007,SANTANDER,BRUNO,SAQUE,2022-02-09T15:07:59,4030.29
2220,0007,SANTANDER,JOAO,SAQUE,2022-02-02T07:41:58,273.91
1044,0002,SANTANDER,CARLOS,SAQUE,2022-01-08T21:09:17,6.04
3320,0007,SANTANDER,ANA,DEPOSITO,2022-02-14T00:58:08,1893.07
1044,0007,SANTANDER,ANA,DEPOSITO,2022-02-08T07:58:23,1814.40
2220,0002,SANTANDER,FELIPE,TRANSFERENCIA,2022-02-16T06:34:31,2398.99
1044,0001,SANTANDER,JOAO,DEPOSITO,2022-01-01T06:19:33,2166.67
1044,0001,SANTANDER,FELIPE,SAQUE,2022-01-24T15:46:31,273.52
1044,0007,SANTANDER,FELIPE,SAQUE,2022-01-31T03:47:38,3515.17
1520,0007,SANTANDER,MARIA,DEPOSITO,2022-02-02T11:14:35,1102.29
2220,0002,SANTANDER,JOAO,DEPOSITO,2022-01-20T18:58:53,3880.37
1044,0002,SANTANDER,RAFAEL,TRANSFERENCIA,2022-01-01T00:09:46,4754.75
9999,0001,SANTANDER,BRUNO,SAQUE,2022-02-26T04:39:29,1012.76
9999,0007,SANTANDER,MARIA,DEPOSITO,2022-01-06T10:52:45,2395.54
1520,0007,SANTANDER,BRUNO,SAQUE,2022-02-08T13:47:37,3019.90
3320,0007,SANTANDER,PAULA,SAQUE,2022-02-02T04:49:31,2881.32
1044,0001,SANTANDER,MARIA,DEPOSITO,2022-02-25T17:47:47,3199.29
2220,0007,SANTANDER,BIA,DEPOSITO,2022-01-20T16:23:57,520.44
9999,0004,SANTANDER,BRUNO,DEPOSITO,2022-01-04T03:12:59,2839.01
9999,0007,SANTANDER,JOAO,TRANSFERENCIA,2022-02-14T18:38:27,1356.45
2220,0001,SANTANDER,FELIPE,SAQUE,2022-02-28T17:57:11,4314.24
9999,0002,SANTANDER,JOAO,TRANSFERENCIA,2022-02-17T13:59:15,2705.74
1044,0007,SANTANDER,PAULA,TRANSFERENCIA,2022-02-22T08:19:49,2542.69
9999,0002,SANTANDER,CARLOS,SAQUE,2022-02-14T04:51:15,1741.73
2220,0007,SANTANDER,RAFAEL,TRANSFERENCIA,2022-02-11T19:50:55,4981.17
2220,0004,SANTANDER,RAFAEL,SAQUE,2022-01-23T18:02:00,62.04
1520,0007,SANTANDER,MARIA,DEPOSITO,2022-01-25T23:39:13,2441.15
1044,0004,SANTANDER,JOAO,SAQUE,2022-01-19T20:58:58,4260.28
3320,0007,SANTANDER,PAULA,SAQUE,2022-01-09T12:42:08,329.12
1044,0007,SANTANDER,PAULA,TRANSFERENCIA,2022-02-20T16:04:29,4835.34
1044,0001,SANTANDER,RAFAEL,SAQUE,2022-02-21T21:57:51,913.37
1044,0007,SANTANDER,CARLOS,TRANSFERENCIA,2022-01-12T13:20:16,3203.92
2220,0001,SANTANDER,BRUNO,DEPOSITO,2022-01-06T10:20:30,2839.93
3320,0002,SANTANDER,MARIA,DEPOSITO,2022-02-25T08:20:06,2042.16
3320,0007,SANTANDER,RAFAEL,SAQUE,2022-01-22T14:57:19,591.69
9999,0001,SANTANDER,ANA,SAQUE,2022-02-19T18:34:42,3635.90
3320,0007,SANTANDER,BIA,SAQUE,2022-01-03T13:21:39,1379.57
2220,0001,SANTANDER,CARLOS,DEPOSITO,2022-01-30T15:20:39,1407.83
1044,0001,SANTANDER,ANA,TRANSFERENCIA,2022-02-23T01:02:36,325.49
1520,0002,SANTANDER,BIA,DEPOSITO,2022-01-16T02:50:21,2473.07
9999,0001,SANTANDER,MARIA,TRANSFERENCIA,2022-01-16T14:04:18,2170.64
9999,0001,SANTANDER,JOAO,TRANSFERENCIA,2022-02-18T14:19:33,4219.61
2220,0001,SANTANDER,BRUNO,TRANSFERENCIA,2022-01-08T01:12:17,4462.80
1044,0004,SANTANDER,MARIA,DEPOSITO,2022-02-11T10:08:43,4355.56
2220,0001,SANTANDER,MARIA,DEPOSITO,2022-02-15T07:14:52,3424.50
9999,0004,SANTANDER,FELIPE,SAQUE,2022-02-09T17:34:15,4442.99
2220,0001,SANTANDER,RAFAEL,SAQUE,2022-02-03T05:35:04,3702.16
1044,0002,SANTANDER,CARLOS,TRANSFERENCIA,2022-01-02T03:08:40,1275.47
2220,0007,SANTANDER,BIA,TRANSFERENCIA,2022-02-01T07:00:35,3508.62
3320,0004,SANTANDER,JOAO,SAQUE,2022-01-23T09:02:25,294.54
1520,0004,SANTANDER,MARIA,TRANSFERENCIA,2022-02-20T11:30:48,4324.37
1520,0007,SANTANDER,ANA,TRANSFERENCIA,2022-02-24T05:08:01,3044.70
3320,0002,SANTANDER,CARLOS,TRANSFERENCIA,2022-01-30T11:47:13,3168.70
2220,0007,SANTANDER,CARLOS,TRANSFERENCIA,2022-01-10T18:16:34,3050.50
9999,0004,SANTANDER,RAFAEL,SAQUE,2022-01-18T14:06:33,4977.03
1520,0001,SANTANDER,MARIA,SAQUE,2022-01-14T05:34:05,4304.53
2220,0002,SANTANDER,JULIA,DEPOSITO,2022-01-13T23:59:36,4916.57
2220,0007,SANTANDER,PAULA,SAQUE,2022-02-21T14:29:36,1637.54
1044,0002,SANTANDER,BRUNO,TRANSFERENCIA,2022-01-17T17:29:45,1174.71
1044,0004,SANTANDER,CARLOS,SAQUE,2022-01-28T00:23:14,1281.08
3320,0001,SANTANDER,JULIA,TRANSFERENCIA,2022-01-01T09:44:54,586.83
1044,0004,SANTANDER,PAULA,DEPOSITO,2022-02-28T10:48:33,1383.04
1520,0004,SANTANDER,MARIA,SAQUE,2022-02-22T23:29:43,3814.28
1044,0004,SANTANDER,JULIA,SAQUE,2022-01-20T21:10:39,2353.29
1520,0002,SANTANDER,BIA,DEPOSITO,2022-01-24T12:23:52,587.91
1044,0002,SANTANDER,ANA,SAQUE,2022-01-22T09:29:16,736.89
3320,0004,SANTANDER,FELIPE,SAQUE,2022-01-20T20:33:27,2845.12
2220,0007,SANTANDER,ANA,DEPOSITO,2022-01-17T02:17:47,2758.99
2220,0002,SANTANDER,JULIA,DEPOSITO,2022-01-02T20:17:05,62.57
1044,0004,SANTANDER,ANA,TRANSFERENCIA,2022-02-20T19:08:54,222.45
1044,0002,SANTANDER,BIA,DEPOSITO,2022-01-05T01:05:29,2379.80
9999,0002,SANTANDER,RAFAEL,DEPOSITO,2022-01-19T04:09:55,1827.21
1044,0007,SANTANDER,FELIPE,TRANSFERENCIA,2022-01-19T09:02:30,4336.59
2220,0001,SANTANDER,BRUNO,SAQUE,2022-02-05T01:39:37,4344.80
2220,0002,SANTANDER,BRUNO,SAQUE,2022-02-20T20:01:18,303.38
1044,0002,SANTANDER,FELIPE,DEPOSITO,2022-01-14T22:37:29,3778.91
1520,0007,SANTANDER,PAULA,DEPOSITO,2022-01-02T22:48:21,318.52
1044,0002,SANTANDER,FELIPE,TRANSFERENCIA,2022-02-13T14:47:52,3736.58
3320,0004,SANTANDER,MARIA,DEPOSITO,2022-02-13T02:11:41,2384.52
1044,0007,SANTANDER,RAFAEL,TRANSFERENCIA,2022-02-10T22:00:08,1058.51
2220,0001,SANTANDER,JULIA,DEPOSITO,2022-02-27T07:03:39,2939.67
2220,0001,SANTANDER,RAFAEL,SAQUE,2022-02-02T07:24:47,1241.62
3320,0001,SANTANDER,FELIPE,TRANSFERENCIA,2022-01-15T13:36:26,3273.93
3320,0007,SANTANDER,ANA,DEPOSITO,2022-02-05T07:38:20,4225.34
2220,0007,SANTANDER,CARLOS,DEPOSITO,2022-02-02T06:01:27,569.75
1044,0007,SANTANDER,FELIPE,SAQUE,2022-01-15T20:57:46,61.11
3320,0004,SANTANDER,BRUNO,DEPOSITO,2022-01-27T02:24:49,4000.11
3320,0007,SANTANDER,MARIA,SAQUE,2022-02-20T06:34:38,285.35
1520,0007,SANTANDER,JOAO,TRANSFERENCIA,2022-02-11T23:51:04,2851.94
3320,0004,SANTANDER,ANA,SAQUE,2022-01-04T14:04:22,4755.89
9999,0002,SANTANDER,RAFAEL,TRANSFERENCIA,2022-01-15T18:05:55,3082.15
1520,0007,SANTANDER,FELIPE,TRANSFERENCIA,2022-02-20T03:03:30,4999.65
2220,0001,SANTANDER,CARLOS,TRANSFERENCIA,2022-01-19T00:20:31,2424.23
1044,0007,SANTANDER,MARIA,SAQUE,2022-01-24T19:58:41,2108.12
3320,0001,SANTANDER,ANA,DEPOSITO,2022-02-28T02:35:55,1665.94
2220,0002,SANTANDER,ANA,TRANSFERENCIA,2022-01-04T08:32:06,3433.22
2220,0004,SANTANDER,MARIA,SAQUE,2022-01-21T19:15:21,1596.20
9999,0001,SANTANDER,RAFAEL,TRANSFERENCIA,2022-02-20T09:20:18,4679.97
1520,0001,SANTANDER,MARIA,SAQUE,2022-02-14T16:47:09,498.21
9999,0002,SANTANDER,JULIA,TRANSFERENCIA,2022-02-08T20:39:33,129.31
2220,0001,SANTANDER,RAFAEL,TRANSFERENCIA,2022-02-02T09:33:47,4907.82
9999,0004,SANTANDER,CARLOS,DEPOSITO,2022-01-21T07:59:03,4011.29
2220,0002,SANTANDER,MARIA,SAQUE,2022-01-17T20:57:02,2158.24
2220,0007,SANTANDER,BRUNO,SAQUE,2022-02-24T06:43:27,3906.91
3320,0001,SANTANDER,BIA,SAQUE,2022-02-18T23:06:35,275.05
1044,0002,SANTANDER,RAFAEL,DEPOSITO,2022-01-24T08:51:00,234.24
9999,0007,SANTANDER,BIA,DEPOSITO,2022-02-01T23:40:27,4792.81
2220,0004,SANTANDER,FELIPE,SAQUE,2022-02-23T21:59:55,608.52
1520,0001,SANTANDER,RAFAEL,TRANSFERENCIA,2022-02-15T21:03:39,1397.09
3320,0001,SANTANDER,JULIA,SAQUE,2022-01-12T22:42:36,798.29
2220,0004,SANTANDER,BIA,TRANSFERENCIA,2022-02-12T19:03:26,1546.54
1520,0002,SANTANDER,JOAO,SAQUE,2022-01-21T15:11:15,535.33
1520,0007,SANTANDER,RAFAEL,SAQUE,2022-02-13T11:22:47,3932.97
1520,0004,SANTANDER,FELIPE,TRANSFERENCIA,2022-01-24T17:43:16,4343.45
2220,0004,SANTANDER,RAFAEL,TRANSFERENCIA,2022-02-23T12:52:12,460.37
1520,0004,SANTANDER,BIA,SAQUE,2022-01-03T08:20:02,2073.11
1520,0004,SANTANDER,MARIA,DEPOSITO,2022-02-03T09:44:25,652.31
2220,0002,SANTANDER,BRUNO,SAQUE,2022-02-23T17:07:49,4441.08
1520,0001,SANTANDER,BIA,DEPOSITO,2022-01-22T20:51:46,485.22
1520,0001,SANTANDER,MARIA,DEPOSITO,2022-02-28T10:40:59,3294.40
3320,0004,SANTANDER,MARIA,SAQUE,2022-02-08T12:58:39,4337.34
3320,0002,SANTANDER,JULIA,TRANSFERENCIA,2022-01-02T17:57:15,376.73
2220,0001,SANTANDER,FELIPE,SAQUE,2022-02-24T22:08:31,3263.72
9999,0001,SANTANDER,BIA,DEPOSITO,2022-01-01T11:22:59,374.67
1044,0007,SANTANDER,BIA,DEPOSITO,2022-01-08T23:55:29,4326.67
3320,0007,SANTANDER,JOAO,DEPOSITO,2022-02-18T02:12:18,714.99
2220,0002,SANTANDER,JOAO,TRANSFERENCIA,2022-01-28T09:53:44,1822.94
9999,0001,SANTANDER,BRUNO,TRANSFERENCIA,2022-01-20T20:58:45,3449.78
1044,0002,SANTANDER,JULIA,SAQUE,2022-02-05T04:29:57,137.08
2220,0002,SANTANDER,BRUNO,SAQUE,2022-02-01T14:22:24,4870.69
1520,0004,SANTANDER,BIA,DEPOSITO,2022-02-06T16:29:30,4691.87
2220,0002,SANTANDER,JOAO,DEPOSITO,2022-01-08T05:52:23,4050.87
1044,0001,SANTANDER,JULIA,SAQUE,2022-01-13T04:36:42,147.56
2220,0007,SANTANDER,JULIA,SAQUE,2022-02-26T22:37:22,4174.69
3320,0004,SANTANDER,JOAO,DEPOSITO,2022-01-31T00:57:10,467.72
3320,0004,SANTANDER,BIA,TRANSFERENCIA,2022-02-10T17:45:20,2074.95
3320,0002,SANTANDER,BIA,SAQUE,2022-01-22T13:59:17,3976.99
3320,0004,SANTANDER,PAULA,DEPOSITO,2022-01-20T11:27:40,1107.20
1520,0004,SANTANDER,RAFAEL,SAQUE,2022-01-02T03:10:44,139.29
9999,0004,SANTANDER,MARIA,DEPOSITO,2022-01-14T17:58:55,3408.64
2220,0004,SANTANDER,JOAO,SAQUE,2022-01-31T02:32:20,2153.19
3320,0001,SANTANDER,CARLOS,DEPOSITO,2022-02-05T05:12:20,28.19
1520,0002,SANTANDER,BIA,DEPOSITO,2022-02-05T22:33:17,4336.37
1044,0004,SANTANDER,BRUNO,TRANSFERENCIA,2022-01-28T22:05:48,3214.52
1520,0001,SANTANDER,RAFAEL,SAQUE,2022-02-28T00:59:16,107.26
3320,0002,SANTANDER,JOAO,SAQUE,2022-02-06T10:31:03,4887.71
1520,0001,SANTANDER,BRUNO,TRANSFERENCIA,2022-01-02T12:52:14,4215.53
1520,0007,SANTANDER,ANA,SAQUE,2022-02-14T07:34:34,4845.21
1520,0002,SANTANDER,BRUNO,DEPOSITO,2022-02-15T22:32:37,3170.35
1520,0004,SANTANDER,BRUNO,SAQUE,2022-02-08T00:09:01,3237.87
3320,0004,SANTANDER,JULIA,TRANSFERENCIA,2022-02-28T15:38:41,3369.67
1044,0007,SANTANDER,RAFAEL,TRANSFERENCIA,2022-02-24T04:27:49,4158.29
2220,0002,SANTANDER,JOAO,SAQUE,2022-01-01T08:08:41,1286.20
9999,0007,SANTANDER,MARIA,SAQUE,2022-01-23T01:48:25,1917.88
1044,0002,SANTANDER,CARLOS,DEPOSITO,2022-02-06T13:31:45,3760.65
1520,0004,SANTANDER,CARLOS,SAQUE,2022-02-15T12:53:05,575.87
9999,0007,SANTANDER,CARLOS,DEPOSITO,2022-01-22T03:42:13,323.07
1044,0004,SANTANDER,BIA,DEPOSITO,2022-02-04T11:30:49,77.61
9999,0001,SANTANDER,JOAO,SAQUE,2022-01-02T19:01:31,4900.33
9999,0004,SANTANDER,CARLOS,DEPOSITO,2022-01-20T00:14:44,4869.44
2220,0004,SANTANDER,FELIPE,DEPOSITO,2022-01-14T11:53:20,2967.92
3320,0007,SANTANDER,MARIA,SAQUE,2022-01-03T09:47:56,2827.90
3320,0004,SANTANDER,ANA,SAQUE,2022-02-20T15:13:19,583.02
2220,0004,SANTANDER,PAULA,SAQUE,2022-01-15T15:32:57,4180.36
2220,0001,SANTANDER,PAULA,DEPOSITO,2022-01-11T21:47:04,2460.43
2220,0001,SANTANDER,FELIPE,SAQUE,2022-02-05T05:51:50,849.83
1044,0002,SANTANDER,MARIA,SAQUE,2022-01-25T17:16:28,3715.27
2220,0007,SANTANDER,FELIPE,SAQUE,2022-02-23T00:14:52,141.80
9999,0004,SANTANDER,CARLOS,SAQUE,2022-02-17T17:56:43,1850.51
1520,0001,SANTANDER,BRUNO,SAQUE,2022-02-13T14:33:04,3070.68
1044,0004,SANTANDER,RAFAEL,SAQUE,2022-02-23T18:14:12,568.94
3320,0002,SANTANDER,JULIA,TRANSFERENCIA,2022-02-09T10:17:21,3092.57
1520,0001,SANTANDER,RAFAEL,SAQUE,2022-02-26T19:14:54,2117.00
1044,0007,SANTANDER,MARIA,SAQUE,2022-01-06T21:55:23,3907.42
2220,0004,SANTANDER,BRUNO,DEPOSITO,2022-02-09T16:33:26,4183.75
2220,0007,SANTANDER,CARLOS,DEPOSITO,2022-02-23T21:15:08,4083.16
2220,0002,SANTANDER,ANA,SAQUE,2022-02-23T21:25:53,1308.16
1044,0001,SANTANDER,MARIA,TRANSFERENCIA,2022-01-30T16:20:20,1239.82
9999,0002,SANTANDER,ANA,DEPOSITO,2022-01-02T12:22:56,4403.27
9999,0002,SANTANDER,RAFAEL,DEPOSITO,2022-01-12T15:10:05,42.42
9999,0004,SANTANDER,ANA,SAQUE,2022-01-25T08:36:09,1192.85
3320,0004,SANTANDER,ANA,SAQUE,2022-01-02T02:06:48,1231.33
9999,0007,SANTANDER,ANA,TRANSFERENCIA,2022-01-12T10:32:32,2684.08
1520,0001,SANTANDER,ANA,SAQUE,2022-02-21T11:11:01,4281.39
9999,0001,SANTANDER,ANA,SAQUE,2022-01-02T11:12:56,4853.82
2220,0002,SANTANDER,JOAO,TRANSFERENCIA,2022-02-22T13:14:41,1125.68
1520,0002,SANTANDER,RAFAEL,TRANSFERENCIA,2022-01-29T02:36:18,93.78
2220,0007,SANTANDER,PAULA,DEPOSITO,2022-02-27T12:33:24,712.46
1520,0001,SANTANDER,JOAO,DEPOSITO,2022-01-02T05:35:51,4223.15
1520,0007,SANTANDER,JOAO,TRANSFERENCIA,2022-02-04T08:52:09,4891.37
1044,0004,SANTANDER,ANA,TRANSFERENCIA,2022-01-27T22:15:51,123.47
2220,0001,SANTANDER,CARLOS,SAQUE,2022-02-19T12:00:03,2273.53
2220,0007,SANTANDER,JULIA,TRANSFERENCIA,2022-01-30T15:08:27,1229.17
1044,0004,SANTANDER,BRUNO,DEPOSITO,2022-02-11T05:24:52,3041.81
9999,0007,SANTANDER,BIA,SAQUE,2022-02-24T16:20:31,1886.29
2220,0002,SANTANDER,FELIPE,TRANSFERENCIA,2022-02-16T04:51:07,1092.98
1044,0002,SANTANDER,PAULA,SAQUE,2022-01-19T12:15:31,3382.27
9999,0001,SANTANDER,BIA,TRANSFERENCIA,2022-01-04T21:52:57,1633.00
2220,0004,SANTANDER,MARIA,DEPOSITO,2022-01-07T02:32:50,3426.45
1044,0002,SANTANDER,JOAO,DEPOSITO,2022-02-08T13:29:11,2592.30
3320,0002,SANTANDER,BIA,TRANSFERENCIA,2022-02-13T02:29:48,1923.87
9999,0001,SANTANDER,BRUNO,SAQUE,2022-02-04T09:23:53,4051.94
1520,0001,SANTANDER,PAULA,SAQUE,2022-01-16T13:09:32,3403.86
3320,0002,SANTANDER,BRUNO,TRANSFERENCIA,2022-01-24T07:58:28,2207.74
3320,0007,SANTANDER,JULIA,TRANSFERENCIA,2022-01-05T09:27:41,337.85
1520,0004,SANTANDER,JULIA,DEPOSITO,2022-01-08T06:55:40,943.02
2220,0001,SANTANDER,BRUNO,TRANSFERENCIA,2022-02-24T12:28:40,715.30
1520,0001,SANTANDER,MARIA,TRANSFERENCIA,2022-01-28T20:38:32,2306.87
3320,0001,SANTANDER,PAULA,SAQUE,2022-01-25T18:58:54,2306.86
2220,0002,SANTANDER,ANA,DEPOSITO,2022-01-12T18:02:54,1403.57
1044,0004,SANTANDER,BRUNO,DEPOSITO,2022-02-13T21:23:10,4513.66
3320,0001,SANTANDER,MARIA,DEPOSITO,2022-02-19T16:42:37,2669.43
9999,0002,SANTANDER,BRUNO,DEPOSITO,2022-01-23T11:11:15,2367.62
1520,0001,SANTANDER,RAFAEL,TRANSFERENCIA,2022-02-20T17:56:23,4440.17
1044,0002,SANTANDER,RAFAEL,SAQUE,2022-01-05T09:40:01,623.75
9999,0004,SANTANDER,PAULA,TRANSFERENCIA,2022-01-11T02:27:07,2023.60
2220,0001,SANTANDER,RAFAEL,TRANSFERENCIA,2022-01-05T14:04:33,4450.30
1044,0001,SANTANDER,RAFAEL,TRANSFERENCIA,2022-01-04T15:57:26,3755.53
3320,0004,SANTANDER,CARLOS,DEPOSITO,2022-01-18T22:06:36,2779.18
3320,0007,SANTANDER,MARIA,DEPOSITO,2022-01-20T22:12:35,1312.25
2220,0001,SANTANDER,RAFAEL,DEPOSITO,2022-01-22T02:52:54,3820.74
2220,0002,SANTANDER,MARIA,DEPOSITO,2022-02-24T18:09:20,976.54
1520,0001,SANTANDER,JULIA,DEPOSITO,2022-01-13T23:32:07,3815.81
9999,0002,SANTANDER,RAFAEL,TRANSFERENCIA,2022-01-01T16:06:36,1528.34
1520,0002,SANTANDER,JOAO,TRANSFERENCIA,2022-02-20T22:32:23,3935.79
3320,0004,SANTANDER,BIA,SAQUE,2022-01-08T20:31:42,2009.80
2220,0007,SANTANDER,CARLOS,TRANSFERENCIA,2022-01-18T22:53:54,3627.05
3320,0007,SANTANDER,RAFAEL,SAQUE,2022-01-20T18:06:26,4389.07
2220,0002,SANTANDER,FELIPE,TRANSFERENCIA,2022-02-17T07:40:58,4049.35
9999,0001,SANTANDER,RAFAEL,SAQUE,2022-02-05T07:39:56,1727.43
3320,0002,SANTANDER,ANA,TRANSFERENCIA,2022-02-18T22:03:46,2675.11
1520,0002,SANTANDER,MARIA,SAQUE,2022-02-08T14:18:03,2433.92
2220,0001,SANTANDER,JULIA,SAQUE,2022-02-18T21:36:28,1555.23
2220,0007,SANTANDER,BRUNO,SAQUE,2022-01-16T00:06:19,2554.99
1044,0001,SANTANDER,PAULA,SAQUE,2022-02-10T03:50:41,4566.85
1044,0001,SANTANDER,JOAO,DEPOSITO,2022-01-03T22:33:44,1241.66
1520,0007,SANTANDER,PAULA,TRANSFERENCIA,2022-01-08T05:41:04,869.00
9999,0002,SANTANDER,PAULA,TRANSFERENCIA,2022-01-22T11:53:05,3009.08
9999,0004,SANTANDER,BIA,SAQUE,2022-01-06T14:49:52,3885.69
3320,0002,SANTANDER,PAULA,TRANSFERENCIA,2022-02-20T04:26:48,482.93
2220,0004,SANTANDER,JULIA,TRANSFERENCIA,2022-01-31T17:58:06,1226.19
2220,0002,SANTANDER,JULIA,SAQUE,2022-01-05T03:35:08,2193.92
1044,0007,SANTANDER,MARIA,TRANSFERENCIA,2022-01-09T07:13:21,1703.96
3320,0002,SANTANDER,JOAO,TRANSFERENCIA,2022-02-07T17:58:34,2491.99
1520,0001,SANTANDER,BIA,DEPOSITO,2022-02-07T10:47:00,2456.57
1520,0004,SANTANDER,MARIA,SAQUE,2022-02-24T12:03:46,4436.99
1520,0004,SANTANDER,CARLOS,DEPOSITO,2022-01-11T05:07:05,4959.44
3320,0001,SANTANDER,RAFAEL,SAQUE,2022-02-10T18:16:16,641.67
9999,0007,SANTANDER,CARLOS,TRANSFERENCIA,2022-02-02T00:19:05,2014.07
3320,0007,SANTANDER,RAFAEL,TRANSFERENCIA,2022-02-23T23:56:39,2129.22
1520,0007,SANTANDER,JULIA,SAQUE,2022-02-13T21:28:27,2296.50
2220,0001,SANTANDER,BRUNO,SAQUE,2022-02-02T05:12:28,3203.47
3320,0007,SANTANDER,RAFAEL,TRANSFERENCIA,2022-02-26T12:27:36,247.14
1044,0007,SANTANDER,CARLOS,SAQUE,2022-02-10T02:05:27,2968.72
1044,0002,SANTANDER,BRUNO,DEPOSITO,2022-01-24T15:49:24,3377.61
2220,0004,SANTANDER,BRUNO,SAQUE,2022-02-19T05:51:53,1362.52
3320,0004,SANTANDER,PAULA,DEPOSITO,2022-02-16T18:20:55,3572.66
9999,0004,SANTANDER,BIA,SAQUE,2022-01-27T20:27:58,4822.73
9999,0002,SANTANDER,BRUNO,SAQUE,2022-02-22T00:19:30,4864.82
9999,0002,SANTANDER,PAULA,DEPOSITO,2022-01-31T07:08:24,2707.09
9999,0002,SANTANDER,JULIA,TRANSFERENCIA,2022-02-06T15:14:31,188.62
3320,0004,SANTANDER,CARLOS,DEPOSITO,2022-01-01T10:07:42,912.89
2220,0007,SANTANDER,JOAO,SAQUE,2022-01-12T16:53:02,4930.49
9999,0002,SANTANDER,BIA,DEPOSITO,2022-02-27T01:28:25,2777.40
1520,0007,SANTANDER,MARIA,TRANSFERENCIA,2022-01-01T07:50:50,4812.71
2220,0007,SANTANDER,JULIA,SAQUE,2022-02-27T04:42:08,1459.47
3320,0001,SANTANDER,CARLOS,SAQUE,2022-02-17T15:45:20,1278.05
3320,0007,SANTANDER,BIA,TRANSFERENCIA,2022-01-01T22:23:10,2563.02
2220,0004,SANTANDER,ANA,SAQUE,2022-01-02T11:22:16,2620.52
1520,0007,SANTANDER,JOAO,DEPOSITO,2022-02-18T18:45:58,1035.68
3320,0001,SANTANDER,JULIA,SAQUE,2022-01-30T12:20:56,162.36
2220,0004,SANTANDER,BIA,DEPOSITO,2022-01-18T15:11:02,1795.47
1520,0001,SANTANDER,BRUNO,DEPOSITO,2022-02-13T12:38:11,1822.84
1044,0007,SANTANDER,CARLOS,TRANSFERENCIA,2022-02-06T16:51:57,1061.73
3320,0001,SANTANDER,JOAO,TRANSFERENCIA,2022-02-18T02:23:19,3348.52
1520,0004,SANTANDER,BRUNO,SAQUE,2022-02-02T18:09:41,4953.67
2220,0002,SANTANDER,RAFAEL,TRANSFERENCIA,2022-01-28T13:24:56,579.87
9999,0007,SANTANDER,JOAO,SAQUE,2022-02-11T21:40:40,4640.61
1520,0007,SANTANDER,MARIA,TRANSFERENCIA,2022-02-03T06:57:03,969.20
1520,0007,SANTANDER,BRUNO,DEPOSITO,2022-01-03T00:34:35,4022.73
3320,0004,SANTANDER,CARLOS,TRANSFERENCIA,2022-02-06T08:42:25,1883.64
2220,0001,SANTANDER,RAFAEL,SAQUE,2022-01-29T11:33:32,1065.40
2220,0007,SANTANDER,ANA,DEPOSITO,2022-02-02T06:32:51,4234.94
1044,0004,SANTANDER,BRUNO,SAQUE,2022-02-07T07:57:46,2783.42
1044,0002,SANTANDER,BRUNO,SAQUE,2022-02-06T04:30:17,972.59
9999,0002,SANTANDER,CARLOS,TRANSFERENCIA,2022-02-27T04:03:07,4763.05
9999,0007,SANTANDER,BRUNO,TRANSFERENCIA,2022-01-05T20:55:32,2734.13
1520,0007,SANTANDER,ANA,TRANSFERENCIA,2022-02-23T23:30:50,181.95
1520,0004,SANTANDER,JOAO,SAQUE,2022-02-10T16:25:29,4905.66
1044,0007,SANTANDER,CARLOS,DEPOSITO,2022-01-11T05:21:44,691.43
2220,0001,SANTANDER,BIA,SAQUE,2022-02-13T17:00:25,3062.71
3320,0002,SANTANDER,BIA,SAQUE,2022-01-03T03:18:36,3003.70
1044,0004,SANTANDER,JULIA,SAQUE,2022-01-16T20:34:33,424.75
3320,0004,SANTANDER,ANA,DEPOSITO,2022-02-12T16:10:13,3033.69
9999,0001,SANTANDER,JOAO,DEPOSITO,2022-01-19T00:20:12,1713.85
2220,0007,SANTANDER,FELIPE,SAQUE,2022-01-06T13:45:15,1908.57
3320,0007,SANTANDER,ANA,DEPOSITO,2022-02-21T03:43:17,4876.06
2220,0001,SANTANDER,ANA,SAQUE,2022-01-06T02:34:51,1424.81
3320,0007,SANTANDER,PAULA,DEPOSITO,2022-02-16T22:06:49,4772.02
2220,0004,SANTANDER,BIA,TRANSFERENCIA,2022-01-20T14:03:28,3717.17
3320,0004,SANTANDER,BIA,DEPOSITO,2022-02-16T13:10:34,1091.39
1520,0007,SANTANDER,PAULA,DEPOSITO,2022-02-01T21:18:39,3897.54
9999,0001,SANTANDER,FELIPE,SAQUE,2022-02-28T17:15:57,1529.39
1044,0001,SANTANDER,FELIPE,TRANSFERENCIA,2022-01-27T23:23:29,4510.88
3320,0002,SANTANDER,BRUNO,TRANSFERENCIA,2022-02-13T09:17:12,2019.01
1044,0001,SANTANDER,JULIA,TRANSFERENCIA,2022-02-07T17:37:36,1935.02
1044,0007,SANTANDER,RAFAEL,TRANSFERENCIA,2022-02-26T14:46:36,1954.85
1520,0007,SANTANDER,RAFAEL,DEPOSITO,2022-01-23T12:28:16,2824.66
1520,0004,SANTANDER,MARIA,TRANSFERENCIA,2022-01-24T05:43:30,1618.44
1520,0004,SANTANDER,BIA,SAQUE,2022-01-28T07:49:48,3949.98
1044,0007,SANTANDER,CARLOS,SAQUE,2022-02-14T11:18:50,267.43
3320,0004,SANTANDER,CARLOS,DEPOSITO,2022-02-03T08:37:19,3631.99
2220,0007,SANTANDER,MARIA,SAQUE,2022-02-28T09:45:30,1670.90
2220,0002,SANTANDER,RAFAEL,DEPOSITO,2022-01-27T22:04:33,4524.25
2220,0004,SANTANDER,MARIA,TRANSFERENCIA,2022-01-24T20:29:41,3055.14
1044,0007,SANTANDER,JOAO,SAQUE,2022-02-13T13:51:32,2731.15
9999,0001,SANTANDER,JULIA,DEPOSITO,2022-02-10T04:28:07,2616.45
9999,0001,SANTANDER,JOAO,TRANSFERENCIA,2022-02-06T03:00:19,2675.17
2220,0007,SANTANDER,JOAO,TRANSFERENCIA,2022-02-15T14:27:41,1791.78
1520,0002,SANTANDER,BIA,TRANSFERENCIA,2022-01-21T22:08:02,4190.36
9999,0002,SANTANDER,ANA,DEPOSITO,2022-02-13T20:53:13,4187.78
2220,0004,SANTANDER,BRUNO,SAQUE,2022-01-09T22:21:12,3815.61
2220,0007,SANTANDER,MARIA,TRANSFERENCIA,2022-02-09T03:39:10,907.30
2220,0007,SANTANDER,RAFAEL,DEPOSITO,2022-01-07T19:06:56,2019.37
3320,0002,SANTANDER,RAFAEL,DEPOSITO,2022-01-21T03:48:44,3955.81
1520,0002,SANTANDER,JOAO,SAQUE,2022-01-14T19:50:51,3721.37
2220,0002,SANTANDER,CARLOS,TRANSFERENCIA,2022-02-20T01:41:55,2107.47
1520,0004,SANTANDER,BRUNO,DEPOSITO,2022-02-05T13:27:53,4045.99
1044,0007,SANTANDER,PAULA,SAQUE,2022-01-31T08:52:52,1125.76
1044,0004,SANTANDER,JULIA,DEPOSITO,2022-02-24T16:13:30,3249.55
1044,0001,SANTANDER,FELIPE,SAQUE,2022-02-15T03:42:32,1902.07
1520,0001,SANTANDER,MARIA,TRANSFERENCIA,2022-01-18T03:35:08,4320.32
9999,0002,SANTANDER,CARLOS,TRANSFERENCIA,2022-01-16T21:01:45,2663.64
1520,0002,SANTANDER,JOAO,DEPOSITO,2022-01-24T21:26:36,4292.60
1044,0001,SANTANDER,CARLOS,TRANSFERENCIA,2022-02-04T10:57:54,1997.53
2220,0007,SANTANDER,BIA,SAQUE,2022-01-04T17:21:24,4637.01
9999,0002,SANTANDER,JULIA,SAQUE,2022-01-09T16:29:22,3928.39
1044,0002,SANTANDER,CARLOS,SAQUE,2022-01-27T10:42:01,4461.82
1520,0004,SANTANDER,PAULA,DEPOSITO,2022-02-19T21:46:30,3447.87
3320,0007,SANTANDER,BRUNO,TRANSFERENCIA,2022-02-10T12:14:44,4880.32
1520,0002,SANTANDER,PAULA,DEPOSITO,2022-02-25T09:38:14,3714.07
3320,0002,SANTANDER,JULIA,SAQUE,2022-02-01T21:59:10,2180.01
9999,0004,SANTANDER,FELIPE,SAQUE,2022-01-10T02:17:17,2757.50
1044,0004,SANTANDER,PAULA,DEPOSITO,2022-02-06T17:17:00,420.79
3320,0004,SANTANDER,JOAO,TRANSFERENCIA,2022-02-10T05:39:50,1407.43
1520,0002,SANTANDER,MARIA,TRANSFERENCIA,2022-01-30T19:10:35,315.92
2220,0002,SANTANDER,FELIPE,TRANSFERENCIA,2022-02-09T14:34:21,1843.64
3320,0002,SANTANDER,CARLOS,TRANSFERENCIA,2022-02-11T13:22:27,1847.91
1044,0004,SANTANDER,BRUNO,TRANSFERENCIA,2022-01-07T04:04:36,638.24
1520,0002,SANTANDER,RAFAEL,DEPOSITO,2022-02-09T22:32:20,2275.35
3320,0007,SANTANDER,CARLOS,DEPOSITO,2022-01-06T00:42:07,381.55
9999,0002,SANTANDER,RAFAEL,TRANSFERENCIA,2022-01-12T02:51:34,4463.17
3320,0004,SANTANDER,JULIA,DEPOSITO,2022-01-26T10:51:05,4127.93
1044,0007,SANTANDER,FELIPE,TRANSFERENCIA,2022-02-11T01:16:47,4030.71
1520,0007,SANTANDER,RAFAEL,SAQUE,2022-01-25T02:01:14,3911.07
9999,0004,SANTANDER,PAULA,DEPOSITO,2022-01-08T02:03:53,1225.07
1044,0001,SANTANDER,PAULA,TRANSFERENCIA,2022-01-27T12:37:23,3092.57
9999,0004,SANTANDER,JOAO,DEPOSITO,2022-02-22T00:12:54,4423.60
3320,0004,SANTANDER,JOAO,DEPOSITO,2022-01-31T14:37:39,3844.44
2220,0004,SANTANDER,MARIA,SAQUE,2022-01-06T18:32:36,2008.18
1520,0007,SANTANDER,MARIA,SAQUE,2022-02-03T20:42:43,3856.73
2220,0002,SANTANDER,PAULA,SAQUE,2022-02-01T20:45:07,1192.77
1520,0002,SANTANDER,MARIA,DEPOSITO,2022-02-21T22:58:40,1365.09
1044,0002,SANTANDER,BIA,DEPOSITO,2022-01-27T08:33:35,4460.30
3320,0001,SANTANDER,ANA,DEPOSITO,2022-01-02T15:17:53,306.85
3320,0002,SANTANDER,MARIA,TRANSFERENCIA,2022-02-04T11:01:30,4670.51
1520,0007,SANTANDER,RAFAEL,DEPOSITO,2022-01-24T14:04:58,76.45
1044,0002,SANTANDER,BIA,SAQUE,2022-01-04T16:25:11,1200.23
1044,0002,SANTANDER,FELIPE,TRANSFERENCIA,2022-01-16T10:37:59,4399.78
3320,0001,SANTANDER,ANA,TRANSFERENCIA,2022-02-05T08:53:33,3845.09
1044,0004,SANTANDER,BRUNO,SAQUE,2022-02-19T00:42:40,1508.37
2220,0004,SANTANDER,BRUNO,DEPOSITO,2022-02-12T23:16:03,2732.28
3320,0002,SANTANDER,BIA,SAQUE,2022-02-28T11:36:21,2902.68
1044,0002,SANTANDER,MARIA,SAQUE,2022-02-26T03:39:33,3410.51
1520,0004,SANTANDER,PAULA,TRANSFERENCIA,2022-02-12T17:01:12,2654.24
3320,0001,SANTANDER,BIA,DEPOSITO,2022-02-16T19:49:59,901.37
9999,0002,SANTANDER,BIA,DEPOSITO,2022-02-20T08:02:04,993.69
1520,0007,SANTANDER,ANA,TRANSFERENCIA,2022-02-27T03:20:06,4286.18
9999,0004,SANTANDER,BRUNO,TRANSFERENCIA,2022-01-02T17:18:15,4163.06
1044,0004,SANTANDER,BRUNO,SAQUE,2022-02-01T00:12:48,3394.89
2220,0007,SANTANDER,JOAO,SAQUE,2022-01-16T04:46:16,2238.10
9999,0007,SANTANDER,ANA,TRANSFERENCIA,2022-02-13T21:14:00,4112.85
1520,0001,SANTANDER,FELIPE,SAQUE,2022-02-17T03:36:59,1707.67
3320,0001,SANTANDER,CARLOS,DEPOSITO,2022-02-26T20:07:40,4556.14
2220,0004,SANTANDER,JULIA,TRANSFERENCIA,2022-01-03T00:37:47,3164.30
1044,0004,SANTANDER,PAULA,DEPOSITO,2022-01-19T11:03:57,3069.77
1520,0002,SANTANDER,CARLOS,TRANSFERENCIA,2022-01-25T19:07:32,4123.64
1044,0001,SANTANDER,PAULA,SAQUE,2022-01-10T19:54:37,2871.21
1520,0001,SANTANDER,MARIA,SAQUE,2022-01-18T13:28:03,290.56
3320,0007,SANTANDER,PAULA,SAQUE,2022-01-07T23:48:20,3675.14
9999,0004,SANTANDER,FELIPE,DEPOSITO,2022-01-09T00:21:55,4894.01
2220,0007,SANTANDER,BRUNO,DEPOSITO,2022-02-16T22:26:27,332.34
1520,0007,SANTANDER,BIA,SAQUE,2022-02-03T15:33:41,915.57
1044,0007,SANTANDER,ANA,SAQUE,2022-01-03T10:06:46,2719.00
1520,0002,SANTANDER,JOAO,TRANSFERENCIA,2022-01-01T12:02:13,377.10
2220,0001,SANTANDER,RAFAEL,SAQUE,2022-01-18T07:52:24,453.81
3320,0001,SANTANDER,JOAO,DEPOSITO,2022-01-29T15:52:48,348.26
2220,0007,SANTANDER,CARLOS,SAQUE,2022-01-04T15:48:33,2749.65
1520,0004,SANTANDER,FELIPE,TRANSFERENCIA,2022-01-23T19:55:07,483.02
2220,0002,SANTANDER,JULIA,SAQUE,2022-01-30T04:40:32,1910.54
1044,0004,SANTANDER,PAULA,SAQUE,2022-01-04T16:51:54,1904.52
2220,0001,SANTANDER,BRUNO,DEPOSITO,2022-01-24T00:00:39,2457.73
2220,0002,SANTANDER,MARIA,DEPOSITO,2022-01-12T20:51:37,2717.38
1520,0001,SANTANDER,PAULA,SAQUE,2022-01-03T11:14:37,2519.41
1044,0007,SANTANDER,BIA,TRANSFERENCIA,2022-01-05T12:19:23,3632.35
1520,0007,SANTANDER,JOAO,TRANSFERENCIA,2022-02-03T11:32:51,3837.21
1044,0007,SANTANDER,BRUNO,TRANSFERENCIA,2022-02-02T03:23:03,2697.22
1044,0007,SANTANDER,ANA,DEPOSITO,2022-02-27T12:46:44,107.42
3320,0002,SANTANDER,BRUNO,TRANSFERENCIA,2022-02-14T18:35:58,4353.55
1044,0004,SANTANDER,PAULA,TRANSFERENCIA,2022-01-09T01:40:39,4167.45
1520,0002,SANTANDER,PAULA,TRANSFERENCIA,2022-01-28T09:56:01,2700.13
2220,0004,SANTANDER,FELIPE,SAQUE,2022-01-05T04:09:30,2690.70
1044,0004,SANTANDER,JULIA,SAQUE,2022-01-26T16:28:44,4385.01
1520,0004,SANTANDER,BIA,TRANSFERENCIA,2022-01-17T21:40:33,131.18
2220,0001,SANTANDER,JOAO,SAQUE,2022-01-15T22:38:50,1963.85
2220,0004,SANTANDER,ANA,DEPOSITO,2022-02-13T08:49:07,1736.74
9999,0007,SANTANDER,CARLOS,TRANSFERENCIA,2022-01-09T16:13:27,4742.44
3320,0002,SANTANDER,ANA,SAQUE,2022-01-11T02:33:49,2356.06
3320,0002,SANTANDER,JOAO,SAQUE,2022-02-03T21:07:52,2535.28
1520,0007,SANTANDER,FELIPE,DEPOSITO,2022-01-22T20:34:45,3426.10
1520,0001,SANTANDER,CARLOS,TRANSFERENCIA,2022-01-02T06:19:09,2676.80
9999,0007,SANTANDER,MARIA,SAQUE,2022-01-17T03:25:41,3859.09
9999,0001,SANTANDER,CARLOS,DEPOSITO,2022-01-23T11:49:10,301.33
1044,0007,SANTANDER,PAULA,SAQUE,2022-01-10T00:08:12,500.52
2220,0001,SANTANDER,BRUNO,TRANSFERENCIA,2022-01-11T06:18:20,4.95
9999,0001,SANTANDER,PAULA,DEPOSITO,2022-02-11T15:25:55,4870.91
1044,0002,SANTANDER,MARIA,DEPOSITO,2022-01-15T18:44:51,4660.62
2220,0002,SANTANDER,PAULA,SAQUE,2022-01-08T01:23:00,63.46
1520,0007,SANTANDER,RAFAEL,DEPOSITO,2022-02-21T01:37:16,3224.25
1044,0007,SANTANDER,CARLOS,SAQUE,2022-01-29T05:40:15,2363.82
3320,0004,SANTANDER,BIA,DEPOSITO,2022-02-11T12:41:10,2746.73
1044,0002,SANTANDER,PAULA,DEPOSITO,2022-01-19T00:47:12,1714.62
1044,0007,SANTANDER,PAULA,DEPOSITO,2022-02-22T06:29:22,2915.12
9999,0007,SANTANDER,PAULA,SAQUE,2022-02-25T14:07:04,1870.26
2220,0007,SANTANDER,JOAO,SAQUE,2022-01-16T15:21:25,4870.85
3320,0007,SANTANDER,JOAO,SAQUE,2022-01-26T17:35:03,3382.09
1520,0004,SANTANDER,JOAO,TRANSFERENCIA,2022-02-12T17:01:50,3980.31
1520,0004,SANTANDER,MARIA,TRANSFERENCIA,2022-02-06T21:24:56,3642.25
3320,0002,SANTANDER,JULIA,SAQUE,2022-01-30T19:15:39,2438.83
2220,0002,SANTANDER,ANA,TRANSFERENCIA,2022-02-27T09:09:19,2093.40
1520,0004,SANTANDER,BIA,TRANSFERENCIA,2022-02-03T10:54:19,3433.80
3320,0002,SANTANDER,RAFAEL,DEPOSITO,2022-01-09T21:30:15,1968.34
9999,0001,SANTANDER,BRUNO,SAQUE,2022-02-23T03:51:53,3675.82
9999,0001,SANTANDER,ANA,TRANSFERENCIA,2022-02-09T16:10:36,1988.63
3320,0001,SANTANDER,BIA,TRANSFERENCIA,2022-01-06T15:06:54,1757.44
1520,0002,SANTANDER,CARLOS,SAQUE,2022-01-27T14:43:34,4078.56
3320,0007,SANTANDER,JULIA,DEPOSITO,2022-02-12T05:53:59,2637.72
9999,0007,SANTANDER,PAULA,TRANSFERENCIA,2022-01-25T03:48:36,1422.59
3320,0004,SANTANDER,CARLOS,SAQUE,2022-02-11T04:56:01,2319.36
3320,0001,SANTANDER,RAFAEL,DEPOSITO,2022-01-29T04:17:09,1207.82
9999,0007,SANTANDER,CARLOS,DEPOSITO,2022-01-30T06:21:45,653.28
3320,0002,SANTANDER,BRUNO,TRANSFERENCIA,2022-01-23T22:31:06,3647.11
9999,0007,SANTANDER,JOAO,TRANSFERENCIA,2022-01-17T17:22:01,2918.92
1044,0001,SANTANDER,BRUNO,TRANSFERENCIA,2022-01-17T09:18:40,2801.19
9999,0001,SANTANDER,RAFAEL,DEPOSITO,2022-02-03T19:56:45,1324.80
3320,0007,SANTANDER,FELIPE,DEPOSITO,2022-02-16T06:58:11,4528.99
3320,0001,SANTANDER,FELIPE,DEPOSITO,2022-02-20T14:30:25,481.79
9999,0007,SANTANDER,BRUNO,DEPOSITO,2022-01-22T15:29:24,1330.50
1044,0001,SANTANDER,BIA,DEPOSITO,2022-01-25T11:55:27,1306.91
2220,0007,SANTANDER,ANA,TRANSFERENCIA,2022-01-18T16:20:06,4249.05
3320,0004,SANTANDER,BRUNO,TRANSFERENCIA,2022-02-08T22:39:51,2580.70
1044,0001,SANTANDER,BRUNO,TRANSFERENCIA,2022-01-18T06:43:15,333.59
1044,0001,SANTANDER,PAULA,SAQUE,2022-01-25T00:48:09,1858.46
3320,0004,SANTANDER,ANA,DEPOSITO,2022-02-14T02:32:40,146.80
1044,0001,SANTANDER,JOAO,DEPOSITO,2022-02-12T16:23:28,1299.82
1044,0001,SANTANDER,PAULA,DEPOSITO,2022-02-10T17:31:19,1562.70
2220,0004,SANTANDER,MARIA,SAQUE,2022-02-22T23:23:46,3332.78
1520,0002,SANTANDER,PAULA,DEPOSITO,2022-01-05T12:15:57,2477.51
3320,0002,SANTANDER,ANA,TRANSFERENCIA,2022-01-28T18:46:45,2703.75
3320,0004,SANTANDER,ANA,SAQUE,2022-01-28T20:36:47,4130.72
9999,0001,SANTANDER,BRUNO,SAQUE,2022-01-19T08:23:53,4399.91
3320,0004,SANTANDER,MARIA,DEPOSITO,2022-02-11T03:47:58,3501.14
1044,0004,SANTANDER,BRUNO,SAQUE,2022-01-26T10:36:55,494.43
9999,0001,SANTANDER,JOAO,TRANSFERENCIA,2022-01-10T16:35:25,1465.21
2220,0002,SANTANDER,BIA,TRANSFERENCIA,2022-01-08T17:14:44,3147.15
9999,0002,SANTANDER,ANA,TRANSFERENCIA,2022-01-25T07:28:34,1409.37
1520,0001,SANTANDER,FELIPE,DEPOSITO,2022-02-16T02:25:28,368.36
2220,0007,SANTANDER,MARIA,DEPOSITO,2022-02-07T09:31:31,3236.23
1044,0002,SANTANDER,BIA,SAQUE,2022-02-27T08:17:57,481.46
2220,0004,SANTANDER,CARLOS,DEPOSITO,2022-02-25T08:00:51,4550.36
1044,0001,SANTANDER,RAFAEL,SAQUE,2022-01-19T16:05:21,144.95
9999,0002,SANTANDER,FELIPE,TRANSFERENCIA,2022-01-05T08:12:53,4311.21
1044,0001,SANTANDER,BIA,TRANSFERENCIA,2022-02-07T18:34:43,1629.64
1044,0001,SANTANDER,FELIPE,TRANSFERENCIA,2022-02-24T20:39:01,1226.28
2220,0004,SANTANDER,ANA,SAQUE,2022-02-10T09:16:19,3200.14
9999,0007,SANTANDER,FELIPE,TRANSFERENCIA,2022-01-02T09:13:02,4644.06
3320,0007,SANTANDER,ANA,DEPOSITO,2022-01-18T07:44:52,4953.47
1520,0001,SANTANDER,RAFAEL,SAQUE,2022-02-05T10:38:30,2898.49
1520,0001,SANTANDER,RAFAEL,TRANSFERENCIA,2022-02-19T15:46:57,68.53
3320,0001,SANTANDER,JOAO,DEPOSITO,2022-01-19T22:39:21,2280.87
3320,0007,SANTANDER,RAFAEL,TRANSFERENCIA,2022-02-16T12:17:46,3148.51
3320,0001,SANTANDER,JULIA,SAQUE,2022-02-14T02:36:12,353.53
9999,0001,SANTANDER,BRUNO,TRANSFERENCIA,2022-01-17T12:15:27,4697.75
3320,0007,SANTANDER,BRUNO,TRANSFERENCIA,2022-02-08T00:27:56,837.51
1044,0004,SANTANDER,MARIA,DEPOSITO,2022-01-07T13:53:46,4877.72
9999,0001,SANTANDER,PAULA,SAQUE,2022-01-13T07:40:17,2272.26
3320,0002,SANTANDER,BIA,DEPOSITO,2022-01-16T00:26:23,3311.36
2220,0002,SANTANDER,ANA,TRANSFERENCIA,2022-01-24T01:54:25,1532.45
3320,0007,SANTANDER,JULIA,TRANSFERENCIA,2022-02-26T13:37:00,3857.02
9999,0007,SANTANDER,CARLOS,TRANSFERENCIA,2022-02-01T10:31:11,1756.39
1520,0001,SANTANDER,BIA,SAQUE,2022-01-23T07:14:31,4700.79
1044,0004,SANTANDER,RAFAEL,TRANSFERENCIA,2022-02-03T19:55:08,2278.24
3320,0002,SANTANDER,CARLOS,DEPOSITO,2022-01-21T22:15:41,3238.55
9999,0001,SANTANDER,BRUNO,SAQUE,2022-02-28T05:47:54,134.70
1044,0007,SANTANDER,ANA,SAQUE,2022-01-02T19:13:35,3491.30
3320,0007,SANTANDER,MARIA,DEPOSITO,2022-02-26T19:35:00,3007.66
1520,0004,SANTANDER,MARIA,DEPOSITO,2022-02-15T10:33:24,2831.94
3320,0001,SANTANDER,FELIPE,DEPOSITO,2022-02-27T20:18:39,3903.96
9999,0001,SANTANDER,CARLOS,DEPOSITO,2022-01-26T13:26:17,4610.77
1520,0001,SANTANDER,RAFAEL,TRANSFERENCIA,2022-01-12T17:55:35,2366.56
3320,0004,SANTANDER,ANA,TRANSFERENCIA,2022-01-30T05:02:05,2680.63
2220,0004,SANTANDER,BIA,DEPOSITO,2022-01-05T04:01:34,4208.50
9999,0002,SANTANDER,BRUNO,SAQUE,2022-02-23T15:42:52,4556.67
9999,0007,SANTANDER,ANA,TRANSFERENCIA,2022-02-22T10:26:42,4201.62
2220,0002,SANTANDER,JOAO,SAQUE,2022-02-24T02:56:49,3189.04
1520,0004,SANTANDER,PAULA,SAQUE,2022-01-08T19:11:26,2849.66
2220,0004,SANTANDER,JULIA,TRANSFERENCIA,2022-02-01T05:50:56,2232.37
3320,0002,SANTANDER,ANA,DEPOSITO,2022-02-06T06:34:38,4366.34
2220,0001,SANTANDER,RAFAEL,DEPOSITO,2022-02-11T04:48:04,4089.94
1520,0001,SANTANDER,MARIA,DEPOSITO,2022-02-24T13:50:54,556.99
3320,0007,SANTANDER,FELIPE,DEPOSITO,2022-01-19T04:17:02,1467.69
1044,0007,SANTANDER,JOAO,SAQUE,2022-01-14T03:33:02,4865.49
1044,0001,SANTANDER,BIA,TRANSFERENCIA,2022-01-04T20:42:31,1966.34
2220,0002,SANTANDER,CARLOS,TRANSFERENCIA,2022-01-27T03:32:58,3905.73
1520,0004,SANTANDER,PAULA,TRANSFERENCIA,2022-02-17T01:10:43,4487.80
1044,0007,SANTANDER,PAULA,DEPOSITO,2022-02-14T11:24:01,1932.31
1520,0002,SANTANDER,ANA,DEPOSITO,2022-01-13T19:39:17,3347.15
9999,0001,SANTANDER,BIA,SAQUE,2022-01-06T12:19:19,185.73
2220,0002,SANTANDER,CARLOS,TRANSFERENCIA,2022-02-14T16:21:08,1537.67
1520,0001,SANTANDER,CARLOS,SAQUE,2022-01-05T10:09:45,3390.11
3320,0002,SANTANDER,JOAO,DEPOSITO,2022-02-24T17:26:57,2384.19
1044,0007,SANTANDER,JULIA,SAQUE,2022-02-12T00:18:50,4963.29
3320,0007,SANTANDER,BRUNO,DEPOSITO,2022-02-13T15:00:05,1800.24
1044,0004,SANTANDER,FELIPE,DEPOSITO,2022-02-19T09:52:36,2068.69
1044,0007,SANTANDER,RAFAEL,DEPOSITO,2022-01-03T09:01:09,3623.86
2220,0007,SANTANDER,CARLOS,TRANSFERENCIA,2022-02-16T07:22:54,2626.19
2220,0004,SANTANDER,RAFAEL,DEPOSITO,2022-01-11T19:58:09,1121.60
1520,0001,SANTANDER,FELIPE,DEPOSITO,2022-02-04T05:02:11,1306.71
1044,0004,SANTANDER,JULIA,SAQUE,2022-01-28T17:45:44,2224.17
9999,0004,SANTANDER,FELIPE,TRANSFERENCIA,2022-01-26T18:40:19,3177.54
9999,0004,SANTANDER,CARLOS,DEPOSITO,2022-01-01T14:06:16,1433.94
1520,0004,SANTANDER,ANA,SAQUE,2022-02-01T22:29:14,3332.13
2220,0002,SANTANDER,JULIA,DEPOSITO,2022-01-04T22:04:24,2137.57
1044,0001,SANTANDER,MARIA,TRANSFERENCIA,2022-01-11T03:22:53,2953.10
1520,0002,SANTANDER,RAFAEL,TRANSFERENCIA,2022-02-12T19:18:41,4277.67
1044,0004,SANTANDER,ANA,TRANSFERENCIA,2022-01-28T03:04:12,818.50
9999,0001,SANTANDER,JULIA,SAQUE,2022-01-15T17:37:35,1444.77
9999,0007,SANTANDER,PAULA,TRANSFERENCIA,2022-01-09T11:00:28,405.82
1520,0001,SANTANDER,BRUNO,DEPOSITO,2022-02-14T17:42:13,1473.27
3320,0007,SANTANDER,JOAO,DEPOSITO,2022-02-22T23:06:58,3118.98
1520,0004,SANTANDER,BIA,SAQUE,2022-02-12T13:45:14,497.71
1044,0002,SANTANDER,BRUNO,TRANSFERENCIA,2022-01-27T08:11:03,2352.17
9999,0002,SANTANDER,CARLOS,DEPOSITO,2022-02-07T21:46:51,3486.52
9999,0002,SANTANDER,RAFAEL,DEPOSITO,2022-01-08T21:53:55,1955.42
1520,0007,SANTANDER,PAULA,DEPOSITO,2022-01-30T19:39:33,4837.94
1044,0001,SANTANDER,RAFAEL,DEPOSITO,2022-01-19T08:31:21,407.39
9999,0007,SANTANDER,ANA,SAQUE,2022-01-07T12:55:22,4526.03
2220,0001,SANTANDER,JOAO,DEPOSITO,2022-01-19T19:23:24,3316.60
3320,0007,SANTANDER,JOAO,DEPOSITO,2022-01-31T22:17:14,3484.87
2220,0004,SANTANDER,JOAO,SAQUE,2022-02-21T14:32:30,3762.75
1044,0004,SANTANDER,BIA,DEPOSITO,2022-02-22T05:03:13,3812.83
2220,0007,SANTANDER,BIA,DEPOSITO,2022-02-06T08:15:05,2826.83
1520,0002,SANTANDER,BRUNO,TRANSFERENCIA,2022-01-09T18:48:16,1136.52
2220,0002,SANTANDER,PAULA,SAQUE,2022-01-11T14:26:39,3906.68
3320,0004,SANTANDER,BIA,DEPOSITO,2022-01-11T14:15:07,856.08
3320,0004,SANTANDER,ANA,TRANSFERENCIA,2022-01-17T17:47:11,1009.90
1044,0001,SANTANDER,FELIPE,DEPOSITO,2022-02-03T17:48:03,1596.95
2220,0001,SANTANDER,MARIA,DEPOSITO,2022-01-18T09:25:29,4054.99
2220,0004,SANTANDER,JULIA,DEPOSITO,2022-01-10T23:16:16,4552.09
1044,0002,SANTANDER,RAFAEL,DEPOSITO,2022-01-20T12:44:27,669.85
1520,0002,SANTANDER,JULIA,SAQUE,2022-02-15T02:45:50,1282.92
1520,0002,SANTANDER,RAFAEL,TRANSFERENCIA,2022-01-08T05:03:18,223.31
2220,0001,SANTANDER,PAULA,DEPOSITO,2022-01-23T13:34:07,4152.25
1044,0002,SANTANDER,JULIA,DEPOSITO,2022-02-10T07:17:48,11.30
2220,0002,SANTANDER,JULIA,TRANSFERENCIA,2022-02-05T14:20:01,1991.00
1520,0007,SANTANDER,FELIPE,TRANSFERENCIA,2022-02-23T03:15:40,3320.18
2220,0001,SANTANDER,FELIPE,DEPOSITO,2022-01-15T15:16:02,474.09
1520,0004,SANTANDER,JULIA,DEPOSITO,2022-01-10T06:06:36,2374.76
3320,0007,SANTANDER,RAFAEL,DEPOSITO,2022-01-05T05:29:41,1316.93
1044,0004,SANTANDER,FELIPE,DEPOSITO,2022-01-05T23:31:04,3167.87
3320,0002,SANTANDER,ANA,DEPOSITO,2022-02-15T16:32:14,769.67
3320,0004,SANTANDER,JOAO,DEPOSITO,2022-02-04T23:18:47,4014.03
3320,0001,SANTANDER,BRUNO,SAQUE,2022-01-12T06:07:22,4967.07
9999,0001,SANTANDER,JOAO,DEPOSITO,2022-02-05T11:50:30,3280.46
9999,0002,SANTANDER,PAULA,DEPOSITO,2022-01-17T00:46:54,982.41
1520,0007,SANTANDER,JOAO,DEPOSITO,2022-02-10T15:56:40,2812.48
3320,0002,SANTANDER,ANA,DEPOSITO,2022-02-04T17:31:28,2009.82
9999,0004,SANTANDER,BIA,TRANSFERENCIA,2022-01-07T03:30:53,2629.55
3320,0004,SANTANDER,JULIA,TRANSFERENCIA,2022-02-24T17:49:07,3889.78
1044,0007,SANTANDER,BIA,TRANSFERENCIA,2022-01-05T02:39:59,219.93
1044,0004,SANTANDER,PAULA,TRANSFERENCIA,2022-01-21T05:50:30,4128.25
3320,0001,SANTANDER,PAULA,TRANSFERENCIA,2022-01-13T05:04:25,2030.87
2220,0001,SANTANDER,BIA,TRANSFERENCIA,2022-01-29T01:16:47,51.19
1044,0007,SANTANDER,ANA,SAQUE,2022-01-10T23:03:06,2275.45
1044,0001,SANTANDER,ANA,DEPOSITO,2022-02-08T00:40:36,1735.70
1044,0001,SANTANDER,BRUNO,DEPOSITO,2022-02-21T22:25:28,4666.63
9999,0007,SANTANDER,FELIPE,SAQUE,2022-01-20T14:35:26,847.03
3320,0001,SANTANDER,CARLOS,SAQUE,2022-01-02T18:16:35,307.23
3320,0001,SANTANDER,BIA,SAQUE,2022-01-04T14:37:55,4133.25
9999,0007,SANTANDER,MARIA,TRANSFERENCIA,2022-01-24T21:48:07,1909.63
3320,0004,SANTANDER,BIA,SAQUE,2022-01-09T19:50:14,4225.81
3320,0001,SANTANDER,FELIPE,TRANSFERENCIA,2022-02-08T15:09:50,544.94
3320,0002,SANTANDER,FELIPE,TRANSFERENCIA,2022-02-09T22:03:59,3396.95
1520,0004,SANTANDER,JOAO,TRANSFERENCIA,2022-01-13T18:39:13,3180.44
1044,0004,SANTANDER,FELIPE,SAQUE,2022-01-26T08:45:05,3691.48
3320,0002,SANTANDER,CARLOS,SAQUE,2022-01-03T04:06:03,744.17
3320,0001,SANTANDER,JOAO,SAQUE,2022-01-10T08:52:59,954.22
2220,0002,SANTANDER,RAFAEL,TRANSFERENCIA,2022-01-16T15:25:36,1324.52
3320,0004,SANTANDER,JOAO,TRANSFERENCIA,2022-02-26T21:35:57,4181.04
9999,0001,SANTANDER,JULIA,DEPOSITO,2022-01-23T08:31:45,3794.90
9999,0004,SANTANDER,BRUNO,SAQUE,2022-02-17T01:25:07,4987.11
3320,0004,SANTANDER,RAFAEL,DEPOSITO,2022-02-09T14:28:22,3676.53
2220,0004,SANTANDER,JOAO,TRANSFERENCIA,2022-02-27T20:58:11,4341.13
2220,0004,SANTANDER,JULIA,DEPOSITO,2022-01-07T17:02:56,4525.62
1520,0002,SANTANDER,JOAO,TRANSFERENCIA,2022-02-15T03:22:46,199.68
1520,0007,SANTANDER,JULIA,SAQUE,2022-02-06T13:48:57,274.69
2220,0002,SANTANDER,MARIA,TRANSFERENCIA,2022-02-02T11:06:45,2115.94
3320,0007,SANTANDER,MARIA,DEPOSITO,2022-01-20T04:55:24,2147.18
9999,0002,SANTANDER,CARLOS,DEPOSITO,2022-02-28T01:56:53,3342.89
9999,0007,SANTANDER,PAULA,DEPOSITO,2022-01-19T23:30:25,2719.91
3320,0004,SANTANDER,JULIA,TRANSFERENCIA,2022-01-16T03:58:18,321.08
2220,0002,SANTANDER,BIA,SAQUE,2022-01-17T02:14:04,931.18
3320,0002,SANTANDER,JULIA,TRANSFERENCIA,2022-01-09T00:44:19,985.05
1044,0002,SANTANDER,FELIPE,SAQUE,2022-02-02T19:15:02,3007.34
1520,0007,SANTANDER,FELIPE,DEPOSITO,2022-01-03T15:51:42,3857.28
1044,0001,SANTANDER,MARIA,DEPOSITO,2022-01-30T01:24:22,372.98
1044,0004,SANTANDER,FELIPE,SAQUE,2022-02-27T07:24:44,4936.75
1044,0004,SANTANDER,BRUNO,DEPOSITO,2022-01-03T13:14:35,2612.49
9999,0002,SANTANDER,BIA,TRANSFERENCIA,2022-01-23T00:14:10,4525.37
1044,0001,SANTANDER,CARLOS,DEPOSITO,2022-01-16T04:07:52,3470.99
9999,0002,SANTANDER,JULIA,TRANSFERENCIA,2022-02-14T13:44:07,1392.39
1044,0002,SANTANDER,ANA,TRANSFERENCIA,2022-01-23T17:56:05,1036.91
9999,0007,SANTANDER,RAFAEL,TRANSFERENCIA,2022-02-26T13:20:52,1826.69
9999,0001,SANTANDER,BIA,SAQUE,2022-02-03T01:03:44,1212.30
1520,0004,SANTANDER,ANA,TRANSFERENCIA,2022-02-16T19:38:59,1807.68
1044,0001,SANTANDER,RAFAEL,TRANSFERENCIA,2022-01-18T23:28:00,1727.47
2220,0002,SANTANDER,JULIA,SAQUE,2022-01-19T13:16:05,71.03
2220,0001,SANTANDER,RAFAEL,DEPOSITO,2022-01-07T19:12:07,2788.21
9999,0004,SANTANDER,RAFAEL,DEPOSITO,2022-02-08T05:39:25,3406.68
1044,0007,SANTANDER,ANA,SAQUE,2022-01-10T12:17:46,1345.12
3320,0004,SANTANDER,BRUNO,DEPOSITO,2022-01-05T00:19:43,2780.44
2220,0002,SANTANDER,FELIPE,DEPOSITO,2022-01-01T01:34:28,3731.65
1044,0002,SANTANDER,ANA,TRANSFERENCIA,2022-01-26T15:35:16,4461.66
1520,0001,SANTANDER,JOAO,DEPOSITO,2022-02-04T11:24:42,3694.58
3320,0004,SANTANDER,MARIA,SAQUE,2022-02-11T01:14:37,3298.91
2220,0007,SANTANDER,RAFAEL,SAQUE,2022-02-25T07:16:27,4137.19
1520,0004,SANTANDER,BIA,DEPOSITO,2022-01-30T08:13:01,2419.88
3320,0002,SANTANDER,BRUNO,DEPOSITO,2022-01-17T13:21:10,4207.00
1044,0002,SANTANDER,FELIPE,SAQUE,2022-02-11T18:22:53,1601.52
3320,0002,SANTANDER,BRUNO,TRANSFERENCIA,2022-01-07T12:28:35,1475.36
3320,0004,SANTANDER,JOAO,TRANSFERENCIA,2022-01-21T04:06:00,2392.80
1044,0002,SANTANDER,CARLOS,SAQUE,2022-01-12T15:04:02,216.01
1520,0004,SANTANDER,BRUNO,TRANSFERENCIA,2022-01-25T00:37:11,3253.08
1520,0004,SANTANDER,JULIA,TRANSFERENCIA,2022-01-08T13:49:21,3737.45
3320,0002,SANTANDER,ANA,SAQUE,2022-02-09T00:22:55,1378.90
2220,0004,SANTANDER,PAULA,TRANSFERENCIA,2022-02-15T00:07:55,309.63
2220,0007,SANTANDER,CARLOS,DEPOSITO,2022-01-16T20:34:35,2531.81
3320,0001,SANTANDER,PAULA,TRANSFERENCIA,2022-01-03T21:41:54,2301.55
1520,0001,SANTANDER,MARIA,TRANSFERENCIA,2022-01-04T13:25:43,546.57
1044,0004,SANTANDER,RAFAEL,SAQUE,2022-02-06T02:38:06,1959.25
1044,0002,SANTANDER,MARIA,SAQUE,2022-02-19T10:40:42,2412.35
9999,0001,SANTANDER,JOAO,DEPOSITO,2022-01-25T20:56:08,2921.28
1520,0001,SANTANDER,PAULA,SAQUE,2022-01-19T16:11:25,3438.88
1044,0002,SANTANDER,JOAO,DEPOSITO,2022-02-25T04:33:41,3005.15
1520,0007,SANTANDER,CARLOS,SAQUE,2022-01-26T17:15:43,428.91
1520,0001,SANTANDER,PAULA,SAQUE,2022-01-27T15:37:29,3425.60
3320,0001,SANTANDER,JOAO,DEPOSITO,2022-02-05T23:15:14,3929.44
3320,0001,SANTANDER,ANA,TRANSFERENCIA,2022-02-20T16:47:58,2568.31
9999,0004,SANTANDER,JOAO,DEPOSITO,2022-02-10T07:37:01,78.08
2220,0007,SANTANDER,ANA,TRANSFERENCIA,2022-01-12T05:44:45,1337.10
1044,0002,SANTANDER,ANA,SAQUE,2022-02-02T05:55:19,2016.29
9999,0004,SANTANDER,MARIA,DEPOSITO,2022-01-13T18:37:37,4656.73
2220,0001,SANTANDER,FELIPE,SAQUE,2022-02-03T06:41:30,3892.41
9999,0007,SANTANDER,MARIA,SAQUE,2022-02-02T12:29:57,611.70
1520,0007,SANTANDER,FELIPE,TRANSFERENCIA,2022-02-15T17:14:09,4230.50
1044,0002,SANTANDER,ANA,TRANSFERENCIA,2022-01-19T17:16:31,1316.96
1520,0007,SANTANDER,MARIA,TRANSFERENCIA,2022-02-10T23:00:31,4817.46
1520,0004,SANTANDER,PAULA,SAQUE,2022-01-31T20:03:16,1739.47
1520,0001,SANTANDER,PAULA,SAQUE,2022-02-18T11:21:59,4483.55
3320,0002,SANTANDER,JOAO,DEPOSITO,2022-01-15T01:56:52,1610.22
1520,0004,SANTANDER,ANA,TRANSFERENCIA,2022-01-18T03:58:19,1503.90
1520,0007,SANTANDER,JOAO,TRANSFERENCIA,2022-02-11T14:30:34,3371.59
3320,0004,SANTANDER,JULIA,SAQUE,2022-02-09T13:33:57,195.84
1520,0002,SANTANDER,MARIA,TRANSFERENCIA,2022-01-10T13:15:32,4719.65
1044,0001,SANTANDER,JOAO,TRANSFERENCIA,2022-02-19T00:53:44,572.20
9999,0007,SANTANDER,MARIA,TRANSFERENCIA,2022-01-14T04:14:39,3309.17
3320,0007,SANTANDER,CARLOS,TRANSFERENCIA,2022-01-08T11:07:46,1677.82
9999,0004,SANTANDER,BIA,SAQUE,2022-02-04T13:24:17,1324.18
3320,0004,SANTANDER,ANA,SAQUE,2022-01-15T10:22:39,2026.47
1044,0002,SANTANDER,PAULA,SAQUE,2022-02-21T16:55:22,4684.29
2220,0007,SANTANDER,BRUNO,DEPOSITO,2022-02-23T06:34:29,313.70
1520,0001,SANTANDER,ANA,SAQUE,2022-01-17T14:35:57,2828.07
3320,0007,SANTANDER,FELIPE,DEPOSITO,2022-01-19T08:27:42,97.13
2220,0007,SANTANDER,PAULA,DEPOSITO,2022-02-20T03:53:34,1168.66
2220,0007,SANTANDER,PAULA,TRANSFERENCIA,2022-01-07T11:18:14,58.85
1520,0002,SANTANDER,CARLOS,SAQUE,2022-02-18T20:48:49,3048.79
3320,0004,SANTANDER,MARIA,TRANSFERENCIA,2022-01-22T06:15:53,955.79
1520,0004,SANTANDER,PAULA,TRANSFERENCIA,2022-01-18T07:44:11,274.76
3320,0002,SANTANDER,BRUNO,DEPOSITO,2022-01-09T03:29:36,4143.32
2220,0002,SANTANDER,JOAO,SAQUE,2022-02-13T07:45:36,4131.50
3320,0004,SANTANDER,MARIA,TRANSFERENCIA,2022-01-14T15:12:40,1907.40
2220,0001,SANTANDER,RAFAEL,DEPOSITO,2022-02-26T22:28:39,2116.93
1520,0001,SANTANDER,JOAO,TRANSFERENCIA,2022-01-27T07:10:09,9.23
3320,0001,SANTANDER,BIA,SAQUE,2022-02-16T08:44:29,1956.01
2220,0002,SANTANDER,BRUNO,SAQUE,2022-02-21T07:48:05,2087.68
3320,0002,SANTANDER,BIA,TRANSFERENCIA,2022-02-03T15:15:17,221.17
2220,0007,SANTANDER,PAULA,DEPOSITO,2022-01-01T20:00:35,3960.43
1044,0004,SANTANDER,JOAO,TRANSFERENCIA,2022-01-03T13:46:14,3243.38
1044,0001,SANTANDER,BIA,SAQUE,2022-02-23T05:51:42,1091.35
2220,0002,SANTANDER,ANA,SAQUE,2022-02-27T08:03:26,3808.40
1520,0004,SANTANDER,ANA,DEPOSITO,2022-01-29T15:23:11,1558.84
1520,0004,SANTANDER,MARIA,SAQUE,2022-01-26T08:45:17,1056.70
1520,0007,SANTANDER,JOAO,DEPOSITO,2022-01-02T05:56:46,3496.13
9999,0001,SANTANDER,PAULA,DEPOSITO,2022-01-09T22:52:12,2906.72
9999,0001,SANTANDER,CARLOS,TRANSFERENCIA,2022-02-22T02:22:07,1053.26
2220,0004,SANTANDER,BIA,SAQUE,2022-01-24T00:16:25,670.53
1520,0007,SANTANDER,PAULA,DEPOSITO,2022-02-24T17:01:49,4167.79
1520,0001,SANTANDER,PAULA,DEPOSITO,2022-02-12T14:40:44,1664.87
1520,0001,SANTANDER,CARLOS,SAQUE,2022-02-17T22:25:11,1695.61
3320,0001,SANTANDER,ANA,DEPOSITO,2022-02-04T09:50:55,3223.48
3320,0002,SANTANDER,BIA,DEPOSITO,2022-01-06T02:11:15,3581.22
3320,0007,SANTANDER,JOAO,SAQUE,2022-02-26T15:02:25,295.38
2220,0007,SANTANDER,CARLOS,TRANSFERENCIA,2022-02-11T16:27:05,2211.08
1044,0007,SANTANDER,PAULA,DEPOSITO,2022-01-20T17:54:21,3860.34
1044,0001,SANTANDER,ANA,SAQUE,2022-01-26T02:50:26,3307.30
2220,0004,SANTANDER,JULIA,TRANSFERENCIA,2022-01-14T06:22:12,2482.85
9999,0001,SANTANDER,FELIPE,SAQUE,2022-02-14T11:40:08,2728.91
1520,0002,SANTANDER,PAULA,TRANSFERENCIA,2022-01-09T15:22:45,4281.38
1520,0001,SANTANDER,JULIA,TRANSFERENCIA,2022-01-14T21:55:44,4011.21
1520,0002,SANTANDER,JULIA,DEPOSITO,2022-01-10T09:38:47,4063.90
2220,0001,SANTANDER,BIA,TRANSFERENCIA,2022-01-03T09:17:36,2884.44
1044,0007,SANTANDER,RAFAEL,TRANSFERENCIA,2022-02-04T07:49:27,569.74
2220,0007,SANTANDER,MARIA,TRANSFERENCIA,2022-01-02T19:03:10,2493.91
2220,0004,SANTANDER,CARLOS,DEPOSITO,2022-02-28T04:17:31,240.83
3320,0004,SANTANDER,BRUNO,TRANSFERENCIA,2022-01-08T06:30:41,2171.42
3320,0002,SANTANDER,FELIPE,DEPOSITO,2022-02-13T02:23:11,662.04
1520,0001,SANTANDER,ANA,DEPOSITO,2022-01-04T15:37:17,847.70
2220,0001,SANTANDER,FELIPE,TRANSFERENCIA,2022-01-30T08:20:58,4257.28
2220,0004,SANTANDER,ANA,TRANSFERENCIA,2022-01-14T19:09:04,4514.29
9999,0004,SANTANDER,BRUNO,TRANSFERENCIA,2022-02-19T05:43:40,4041.70
1044,0002,SANTANDER,JULIA,TRANSFERENCIA,2022-02-26T19:07:38,2249.49
1044,0004,SANTANDER,JULIA,TRANSFERENCIA,2022-01-07T03:42:41,2661.68
3320,0002,SANTANDER,RAFAEL,DEPOSITO,2022-02-24T00:38:29,2205.03
1520,0004,SANTANDER,CARLOS,DEPOSITO,2022-01-22T17:37:33,3659.86
3320,0007,SANTANDER,JULIA,DEPOSITO,2022-01-04T14:12:21,3102.78
1520,0004,SANTANDER,PAULA,DEPOSITO,2022-01-22T14:59:07,3889.79
2220,0004,SANTANDER,PAULA,DEPOSITO,2022-01-21T23:29:18,524.33
3320,0004,SANTANDER,FELIPE,TRANSFERENCIA,2022-02-25T13:50:56,81.17
3320,0004,SANTANDER,BIA,SAQUE,2022-02-17T07:15:46,2686.56
1044,0002,SANTANDER,JULIA,DEPOSITO,2022-02-08T18:53:24,3622.50
1520,0004,SANTANDER,MARIA,SAQUE,2022-01-11T19:29:29,3777.71
2220,0007,SANTANDER,BRUNO,TRANSFERENCIA,2022-01-01T10:33:14,4103.21
9999,0007,SANTANDER,JOAO,SAQUE,2022-01-02T21:58:41,1891.09
2220,0004,SANTANDER,RAFAEL,TRANSFERENCIA,2022-02-13T06:44:27,2510.68
3320,0004,SANTANDER,FELIPE,TRANSFERENCIA,2022-02-05T21:02:35,4237.81
1044,0002,SANTANDER,BIA,SAQUE,2022-02-24T01:25:09,4090.11
1044,0001,SANTANDER,CARLOS,TRANSFERENCIA,2022-01-29T14:25:15,3130.41
1520,0002,SANTANDER,BIA,TRANSFERENCIA,2022-02-08T18:40:24,969.00
3320,0004,SANTANDER,BRUNO,DEPOSITO,2022-02-28T12:19:49,3777.70
9999,0001,SANTANDER,CARLOS,DEPOSITO,2022-02-28T22:47:03,2655.76
1520,0002,SANTANDER,BIA,TRANSFERENCIA,2022-02-09T06:22:57,3968.49
3320,0002,SANTANDER,RAFAEL,TRANSFERENCIA,2022-01-22T15:28:19,4329.07
1044,0002,SANTANDER,JOAO,DEPOSITO,2022-01-02T14:48:27,2332.01
9999,0001,SANTANDER,BIA,SAQUE,2022-01-29T07:12:52,3527.62
2220,0007,SANTANDER,JOAO,SAQUE,2022-02-04T20:19:44,311.51
3320,0002,SANTANDER,CARLOS,DEPOSITO,2022-01-07T20:08:08,897.56
9999,0002,SANTANDER,BIA,TRANSFERENCIA,2022-01-25T09:58:06,1735.97
1520,0002,SANTANDER,JULIA,DEPOSITO,2022-02-24T09:03:10,2604.86
1044,0007,SANTANDER,CARLOS,SAQUE,2022-02-03T23:41:40,119.15
1044,0002,SANTANDER,RAFAEL,SAQUE,2022-01-05T10:46:37,4104.08
9999,0004,SANTANDER,JOAO,TRANSFERENCIA,2022-01-06T09:19:48,2216.97
2220,0007,SANTANDER,PAULA,DEPOSITO,2022-02-02T10:23:24,3.93
1044,0002,SANTANDER,ANA,DEPOSITO,2022-02-07T06:17:32,3565.19
3320,0007,SANTANDER,PAULA,SAQUE,2022-01-22T02:17:30,4987.17
1520,0004,SANTANDER,FELIPE,DEPOSITO,2022-02-15T19:17:13,1404.92
1044,0001,SANTANDER,BRUNO,TRANSFERENCIA,2022-01-22T17:42:42,750.01
1044,0007,SANTANDER,BRUNO,TRANSFERENCIA,2022-01-07T06:02:23,3206.68
9999,0002,SANTANDER,CARLOS,TRANSFERENCIA,2022-01-24T12:04:49,2083.46
9999,0004,SANTANDER,MARIA,DEPOSITO,2022-02-21T05:09:03,810.65
2220,0004,SANTANDER,PAULA,DEPOSITO,2022-01-20T16:56:42,301.81
2220,0001,SANTANDER,CARLOS,DEPOSITO,2022-01-03T20:41:58,401.05
1044,0001,SANTANDER,BIA,DEPOSITO,2022-01-30T18:22:09,129.23
1520,0001,SANTANDER,BIA,SAQUE,2022-02-01T18:54:22,2062.18
9999,0002,SANTANDER,ANA,TRANSFERENCIA,2022-02-11T10:06:45,4145.09
2220,0002,SANTANDER,RAFAEL,DEPOSITO,2022-02-16T08:50:22,2393.23
1044,0004,SANTANDER,JOAO,SAQUE,2022-01-22T18:54:59,1489.01
2220,0001,SANTANDER,CARLOS,DEPOSITO,2022-01-12T02:45:24,4429.85
2220,0004,SANTANDER,JOAO,SAQUE,2022-02-21T14:57:23,3237.81
3320,0007,SANTANDER,ANA,TRANSFERENCIA,2022-02-11T21:33:47,4820.59
3320,0002,SANTANDER,BRUNO,DEPOSITO,2022-02-05T03:23:35,1943.08
2220,0004,SANTANDER,CARLOS,DEPOSITO,2022-01-26T02:15:01,70.37
1044,0002,SANTANDER,BIA,DEPOSITO,2022-02-05T01:46:14,3101.25
1044,0002,SANTANDER,BRUNO,TRANSFERENCIA,2022-01-29T23:19:09,3142.27
3320,0002,SANTANDER,JOAO,TRANSFERENCIA,2022-01-26T10:30:46,2190.73
1044,0004,SANTANDER,CARLOS,DEPOSITO,2022-02-08T14:45:13,1790.90
3320,0001,SANTANDER,MARIA,TRANSFERENCIA,2022-02-15T11:41:29,1926.07
9999,0002,SANTANDER,PAULA,SAQUE,2022-01-27T11:06:35,4288.27
9999,0004,SANTANDER,FELIPE,TRANSFERENCIA,2022-02-13T18:18:33,314.83
1044,0002,SANTANDER,CARLOS,TRANSFERENCIA,2022-01-26T21:01:17,1124.33
3320,0007,SANTANDER,JULIA,TRANSFERENCIA,2022-01-31T20:48:26,1554.35
3320,0004,SANTANDER,JOAO,SAQUE,2022-01-26T04:45:21,4100.83
9999,0001,SANTANDER,CARLOS,TRANSFERENCIA,2022-02-11T04:43:01,2578.29
2220,0001,SANTANDER,RAFAEL,TRANSFERENCIA,2022-02-13T19:47:23,2003.44
1044,0002,SANTANDER,PAULA,SAQUE,2022-01-30T20:09:33,2196.54
2220,0001,SANTANDER,MARIA,DEPOSITO,2022-02-13T05:55:45,2749.80
3320,0007,SANTANDER,RAFAEL,SAQUE,2022-02-03T03:28:00,4446.33
1520,0007,SANTANDER,FELIPE,SAQUE,2022-02-17T10:57:34,1058.93
2220,0001,SANTANDER,JULIA,TRANSFERENCIA,2022-02-21T05:15:31,3612.76
3320,0001,SANTANDER,CARLOS,SAQUE,2022-01-21T22:09:09,4529.11
9999,0001,SANTANDER,BRUNO,DEPOSITO,2022-02-10T07:55:55,4335.80
1520,0007,SANTANDER,FELIPE,DEPOSITO,2022-02-08T13:20:32,3087.03
9999,0007,SANTANDER,PAULA,DEPOSITO,2022-01-17T17:28:16,4678.63
1520,0002,SANTANDER,FELIPE,DEPOSITO,2022-02-15T02:13:47,2847.92
3320,0002,SANTANDER,CARLOS,DEPOSITO,2022-02-09T07:17:47,3261.62
9999,0007,SANTANDER,PAULA,SAQUE,2022-02-14T06:11:49,513.40
2220,0001,SANTANDER,CARLOS,TRANSFERENCIA,2022-02-25T10:01:03,1797.18
9999,0002,SANTANDER,ANA,DEPOSITO,2022-02-22T02:46:50,1853.64
3320,0002,SANTANDER,ANA,SAQUE,2022-02-28T00:38:17,2514.27
1520,0002,SANTANDER,CARLOS,SAQUE,2022-01-22T14:56:23,3886.80
3320,0004,SANTANDER,ANA,DEPOSITO,2022-01-13T11:36:18,4978.14
2220,0001,SANTANDER,MARIA,DEPOSITO,2022-01-31T13:16:41,2589.95
3320,0002,SANTANDER,MARIA,TRANSFERENCIA,2022-01-11T23:56:48,4133.44
1044,0001,SANTANDER,PAULA,SAQUE,2022-02-28T14:37:55,4839.78
2220,0001,SANTANDER,BRUNO,DEPOSITO,2022-02-15T20:11:51,3266.14
9999,0002,SANTANDER,MARIA,SAQUE,2022-01-10T10:28:18,3966.96
2220,0004,SANTANDER,ANA,SAQUE,2022-02-23T17:50:02,983.02
2220,0004,SANTANDER,FELIPE,DEPOSITO,2022-02-01T07:13:55,4938.61
3320,0004,SANTANDER,JULIA,SAQUE,2022-01-17T23:23:34,4076.94
1520,0001,SANTANDER,MARIA,SAQUE,2022-02-02T17:57:48,4739.77
2220,0007,SANTANDER,ANA,TRANSFERENCIA,2022-01-07T16:48:18,1461.88
9999,0004,SANTANDER,BIA,DEPOSITO,2022-02-15T18:02:10,212.35
1520,0007,SANTANDER,JOAO,DEPOSITO,2022-02-11T14:41:58,2664.76
3320,0004,SANTANDER,RAFAEL,SAQUE,2022-01-19T02:50:01,206.52
1044,0002,SANTANDER,ANA,DEPOSITO,2022-02-06T00:14:59,1942.37
3320,0007,SANTANDER,PAULA,TRANSFERENCIA,2022-02-19T13:04:03,2578.57
3320,0007,SANTANDER,RAFAEL,DEPOSITO,2022-01-23T20:13:31,2097.36
1044,0004,SANTANDER,CARLOS,TRANSFERENCIA,2022-02-19T07:09:51,4381.91
1520,0007,SANTANDER,JULIA,SAQUE,2022-02-10T01:13:08,4297.32
3320,0002,SANTANDER,JOAO,DEPOSITO,2022-01-03T05:38:14,1374.49
9999,0004,SANTANDER,FELIPE,TRANSFERENCIA,2022-01-14T14:32:33,3781.98
1520,0002,SANTANDER,CARLOS,DEPOSITO,2022-01-26T12:00:19,4785.08
1044,0001,SANTANDER,BRUNO,TRANSFERENCIA,2022-02-16T22:12:17,2707.93
3320,0001,SANTANDER,BIA,TRANSFERENCIA,2022-01-21T02:27:22,2513.69
3320,0001,SANTANDER,MARIA,SAQUE,2022-01-02T19:09:23,1078.44
3320,0002,SANTANDER,BIA,TRANSFERENCIA,2022-01-04T23:23:35,525.17
1520,0004,SANTANDER,BIA,DEPOSITO,2022-01-29T22:32:44,2450.87
2220,0001,SANTANDER,BRUNO,TRANSFERENCIA,2022-01-06T21:55:56,3615.82
2220,0001,SANTANDER,JULIA,SAQUE,2022-01-31T03:11:14,3637.24
1520,0001,SANTANDER,ANA,TRANSFERENCIA,2022-01-27T05:21:23,4350.99
9999,0001,SANTANDER,MARIA,TRANSFERENCIA,2022-01-20T11:21:18,593.41
1044,0002,SANTANDER,JULIA,DEPOSITO,2022-01-01T02:15:55,4578.67
2220,0004,SANTANDER,JULIA,SAQUE,2022-01-10T22:30:26,3677.10
1520,0001,SANTANDER,ANA,DEPOSITO,2022-02-25T18:15:17,1662.53
9999,0002,SANTANDER,BIA,SAQUE,2022-02-16T00:26:40,2976.58
1520,0007,SANTANDER,BIA,TRANSFERENCIA,2022-01-05T13:57:56,3011.74
1520,0002,SANTANDER,BRUNO,DEPOSITO,2022-01-07T09:14:26,2451.03
2220,0004,SANTANDER,BIA,SAQUE,2022-01-02T18:06:11,4543.93
1044,0004,SANTANDER,RAFAEL,TRANSFERENCIA,2022-01-20T19:19:09,3931.09
1520,0001,SANTANDER,MARIA,DEPOSITO,2022-02-20T11:19:22,68.95
1520,0004,SANTANDER,JULIA,TRANSFERENCIA,2022-02-10T10:10:23,91.20
2220,0004,SANTANDER,JULIA,TRANSFERENCIA,2022-01-30T01:37:01,1820.23
3320,0004,SANTANDER,BIA,DEPOSITO,2022-01-21T03:40:56,631.37
1520,0007,SANTANDER,JOAO,SAQUE,2022-02-06T01:55:22,983.04
3320,0001,SANTANDER,ANA,SAQUE,2022-01-18T09:15:22,3972.14
1044,0007,SANTANDER,FELIPE,DEPOSITO,2022-02-24T10:16:25,2734.40
9999,0001,SANTANDER,CARLOS,TRANSFERENCIA,2022-02-18T02:29:42,217.02
2220,0004,SANTANDER,RAFAEL,TRANSFERENCIA,2022-02-02T02:01:53,1614.19
1520,0007,SANTANDER,BIA,TRANSFERENCIA,2022-01-21T10:04:39,815.75
1044,0001,SANTANDER,ANA,TRANSFERENCIA,2022-02-13T17:39:53,3783.84
1044,0001,SANTANDER,MARIA,TRANSFERENCIA,2022-02-24T22:17:02,1025.05
3320,0001,SANTANDER,JOAO,SAQUE,2022-02-19T19:35:35,3220.09
9999,0001,SANTANDER,BRUNO,DEPOSITO,2022-02-18T07:31:27,2203.60
1520,0004,SANTANDER,FELIPE,SAQUE,2022-02-19T06:14:08,4569.44
1044,0007,SANTANDER,RAFAEL,TRANSFERENCIA,2022-01-05T03:49:48,1306.54
3320,0004,SANTANDER,FELIPE,TRANSFERENCIA,2022-01-02T08:38:44,164.52
9999,0002,SANTANDER,ANA,TRANSFERENCIA,2022-02-01T12:02:26,2420.86
3320,0001,SANTANDER,JULIA,DEPOSITO,2022-01-03T07:14:29,1072.55
2220,0002,SANTANDER,MARIA,SAQUE,2022-01-06T00:34:10,1841.74
9999,0007,SANTANDER,BIA,TRANSFERENCIA,2022-01-30T16:43:09,2597.29
3320,0001,SANTANDER,PAULA,DEPOSITO,2022-02-20T12:51:26,2294.31
9999,0001,SANTANDER,JULIA,DEPOSITO,2022-01-03T04:14:51,3614.31
1044,0001,SANTANDER,CARLOS,SAQUE,2022-02-01T00:18:09,287.41
1520,0001,SANTANDER,JULIA,TRANSFERENCIA,2022-02-07T12:07:07,375.75
1520,0001,SANTANDER,JOAO,DEPOSITO,2022-02-19T23:21:02,4098.94
1044,0001,SANTANDER,FELIPE,TRANSFERENCIA,2022-01-19T16:05:59,3327.54
9999,0001,SANTANDER,JOAO,TRANSFERENCIA,2022-02-26T13:42:27,1422.83
1044,0002,SANTANDER,ANA,DEPOSITO,2022-01-25T04:13:38,3498.89
2220,0002,SANTANDER,ANA,DEPOSITO,2022-02-11T21:08:58,392.51
1044,0001,SANTANDER,FELIPE,TRANSFERENCIA,2022-02-24T18:10:28,2710.82
1520,0001,SANTANDER,JOAO,TRANSFERENCIA,2022-01-19T12:29:37,3307.04
1520,0004,SANTANDER,FELIPE,TRANSFERENCIA,2022-01-25T19:56:13,540.25
2220,0001,SANTANDER,MARIA,SAQUE,2022-01-30T21:28:03,2576.02
3320,0002,SANTANDER,CARLOS,TRANSFERENCIA,2022-01-04T16:02:35,2994.96
1044,0002,SANTANDER,BRUNO,SAQUE,2022-01-13T18:55:03,618.13
2220,0004,SANTANDER,RAFAEL,SAQUE,2022-01-06T20:37:14,10.23
1520,0002,SANTANDER,JULIA,SAQUE,2022-01-03T05:26:00,613.69
2220,0007,SANTANDER,ANA,DEPOSITO,2022-02-07T21:13:25,3253.04
3320,0002,SANTANDER,JULIA,TRANSFERENCIA,2022-01-19T15:45:47,1941.76
1044,0001,SANTANDER,CARLOS,SAQUE,2022-01-30T20:01:08,1408.47
3320,0002,SANTANDER,RAFAEL,SAQUE,2022-02-17T06:00:52,1319.93
9999,0001,SANTANDER,ANA,SAQUE,2022-02-19T18:04:07,3369.97
9999,0001,SANTANDER,ANA,TRANSFERENCIA,2022-02-05T15:40:14,38.03
1044,0002,SANTANDER,RAFAEL,TRANSFERENCIA,2022-01-07T16:03:12,2180.53
3320,0007,SANTANDER,FELIPE,DEPOSITO,2022-02-13T06:21:07,2459.69
1520,0001,SANTANDER,RAFAEL,DEPOSITO,2022-01-18T23:08:22,2334.86
1520,0001,SANTANDER,ANA,TRANSFERENCIA,2022-01-08T17:24:22,4581.88
1044,0007,SANTANDER,BIA,TRANSFERENCIA,2022-01-09T03:54:44,1866.26
1044,0001,SANTANDER,RAFAEL,DEPOSITO,2022-02-27T13:41:12,1787.09
1044,0002,SANTANDER,BIA,DEPOSITO,2022-01-25T20:29:21,1234.85
1044,0002,SANTANDER,FELIPE,SAQUE,2022-02-16T23:36:02,992.04
9999,0004,SANTANDER,FELIPE,DEPOSITO,2022-02-20T22:09:27,2398.25
3320,0001,SANTANDER,FELIPE,SAQUE,2022-01-16T00:58:49,3086.47
2220,0002,SANTANDER,BRUNO,DEPOSITO,2022-01-11T07:51:18,3269.20
3320,0004,SANTANDER,FELIPE,SAQUE,2022-01-31T07:52:15,3125.97
2220,0001,SANTANDER,JULIA,SAQUE,2022-01-29T06:06:07,1815.12
2220,0002,SANTANDER,ANA,SAQUE,2022-01-06T21:06:29,1094.18
3320,0004,SANTANDER,MARIA,SAQUE,2022-01-02T12:29:48,77.02
1520,0002,SANTANDER,MARIA,DEPOSITO,2022-02-11T04:40:28,1512.53
1044,0002,SANTANDER,MARIA,DEPOSITO,2022-01-25T02:39:37,2325.40
2220,0001,SANTANDER,ANA,DEPOSITO,2022-01-14T09:46:49,3695.19
2220,0007,SANTANDER,JOAO,TRANSFERENCIA,2022-01-13T07:39:56,2137.68
1044,0007,SANTANDER,BRUNO,TRANSFERENCIA,2022-02-15T22:14:44,3063.26
9999,0007,SANTANDER,FELIPE,DEPOSITO,2022-02-09T02:41:50,3359.61
2220,0004,SANTANDER,MARIA,SAQUE,2022-01-21T13:16:32,1738.96
2220,0007,SANTANDER,CARLOS,TRANSFERENCIA,2022-02-06T22:11:29,2259.05
2220,0007,SANTANDER,JULIA,SAQUE,2022-02-24T19:55:56,2054.98
1520,0001,SANTANDER,PAULA,SAQUE,2022-01-11T06:54:14,3080.16
1044,0007,SANTANDER,ANA,SAQUE,2022-02-04T13:57:40,3175.35
3320,0001,SANTANDER,MARIA,SAQUE,2022-01-14T23:37:20,4421.91
2220,0001,SANTANDER,CARLOS,SAQUE,2022-01-13T11:37:42,4781.15
1044,0002,SANTANDER,JULIA,TRANSFERENCIA,2022-01-14T10:16:23,1051.93
9999,0001,SANTANDER,CARLOS,SAQUE,2022-01-21T14:27:05,559.43
1520,0007,SANTANDER,BRUNO,TRANSFERENCIA,2022-02-15T19:04:09,1537.70
1044,0007,SANTANDER,BIA,DEPOSITO,2022-01-04T20:26:02,2439.20
1520,0004,SANTANDER,MARIA,SAQUE,2022-01-12T10:16:12,1850.99
9999,0007,SANTANDER,FELIPE,SAQUE,2022-02-26T14:14:58,301.08
3320,0007,SANTANDER,MARIA,DEPOSITO,2022-02-05T19:42:44,4678.97
9999,0007,SANTANDER,JOAO,SAQUE,2022-02-09T01:31:41,1507.82
3320,0007,SANTANDER,FELIPE,TRANSFERENCIA,2022-01-30T08:29:49,1695.25
9999,0004,SANTANDER,BRUNO,TRANSFERENCIA,2022-02-26T09:15:55,4253.53
2220,0001,SANTANDER,CARLOS,DEPOSITO,2022-02-23T12:54:28,2484.83
1520,0001,SANTANDER,ANA,TRANSFERENCIA,2022-02-14T14:45:44,3135.73
1520,0007,SANTANDER,RAFAEL,DEPOSITO,2022-01-30T18:54:59,1396.19
1520,0002,SANTANDER,PAULA,DEPOSITO,2022-02-19T09:57:32,3012.31
3320,0004,SANTANDER,CARLOS,SAQUE,2022-02-12T20:54:35,3037.55
3320,0007,SANTANDER,BRUNO,DEPOSITO,2022-01-06T01:32:31,1433.68
9999,0007,SANTANDER,PAULA,SAQUE,2022-01-12T14:31:21,2693.29
1520,0007,SANTANDER,MARIA,TRANSFERENCIA,2022-01-17T09:19:23,3699.39
2220,0002,SANTANDER,CARLOS,DEPOSITO,2022-02-15T00:23:03,1441.83
2220,0007,SANTANDER,RAFAEL,TRANSFERENCIA,2022-01-29T07:40:24,1875.11
3320,0007,SANTANDER,JULIA,TRANSFERENCIA,2022-01-24T12:43:30,3211.45
1520,0001,SANTANDER,ANA,DEPOSITO,2022-02-18T02:37:00,1636.13
1044,0001,SANTANDER,JULIA,DEPOSITO,2022-01-27T22:07:20,3139.72
1044,0004,SANTANDER,PAULA,TRANSFERENCIA,2022-02-14T08:21:22,3184.23
1520,0007,SANTANDER,BIA,TRANSFERENCIA,2022-01-06T22:12:21,2381.45
2220,0001,SANTANDER,CARLOS,TRANSFERENCIA,2022-02-06T05:48:24,1687.61
3320,0001,SANTANDER,JOAO,SAQUE,2022-02-17T01:58:41,980.00
1044,0001,SANTANDER,FELIPE,DEPOSITO,2022-01-17T16:59:42,4807.73
9999,0002,SANTANDER,MARIA,TRANSFERENCIA,2022-01-18T19:26:31,2873.92
9999,0004,SANTANDER,BRUNO,DEPOSITO,2022-01-13T08:20:47,1292.41
1044,0004,SANTANDER,ANA,TRANSFERENCIA,2022-01-16T18:50:44,1633.25
1520,0007,SANTANDER,PAULA,DEPOSITO,2022-02-21T15:09:31,1776.73
1044,0002,SANTANDER,BRUNO,DEPOSITO,2022-01-16T02:48:14,3796.74
1044,0002,SANTANDER,PAULA,DEPOSITO,2022-01-15T23:54:13,2526.92
3320,0002,SANTANDER,JOAO,SAQUE,2022-01-13T08:21:38,257.39
1520,0001,SANTANDER,BRUNO,DEPOSITO,2022-02-25T10:08:40,2029.68
2220,0002,SANTANDER,BRUNO,DEPOSITO,2022-01-16T04:24:09,3570.64
1520,0004,SANTANDER,RAFAEL,DEPOSITO,2022-02-10T17:12:37,236.45
2220,0007,SANTANDER,JULIA,DEPOSITO,2022-01-17T12:41:22,1870.29
1520,0002,SANTANDER,FELIPE,SAQUE,2022-02-25T15:04:04,1713.01
9999,0002,SANTANDER,FELIPE,SAQUE,2022-02-06T08:36:33,3662.61
2220,0004,SANTANDER,JOAO,DEPOSITO,2022-02-25T04:17:48,1941.95
1520,0004,SANTANDER,RAFAEL,TRANSFERENCIA,2022-01-25T14:30:28,1363.38
1044,0002,SANTANDER,JULIA,DEPOSITO,2022-01-25T06:38:49,2902.29
1044,0001,SANTANDER,MARIA,TRANSFERENCIA,2022-01-03T15:30:14,4002.11
3320,0001,SANTANDER,RAFAEL,TRANSFERENCIA,2022-02-06T10:30:22,2458.88
1520,0004,SANTANDER,JOAO,DEPOSITO,2022-01-14T23:02:16,1225.52
3320,0001,SANTANDER,ANA,SAQUE,2022-02-15T06:26:11,1575.91
9999,0007,SANTANDER,PAULA,TRANSFERENCIA,2022-01-18T08:42:38,4452.98
2220,0001,SANTANDER,ANA,TRANSFERENCIA,2022-02-11T18:55:36,1768.87
1520,0004,SANTANDER,JULIA,DEPOSITO,2022-01-18T07:05:22,898.30
2220,0001,SANTANDER,CARLOS,SAQUE,2022-01-08T15:18:49,3950.35
1520,0007,SANTANDER,PAULA,SAQUE,2022-01-17T02:44:12,717.90
2220,0004,SANTANDER,BIA,TRANSFERENCIA,2022-02-02T06:43:13,4562.76
9999,0002,SANTANDER,BRUNO,DEPOSITO,2022-01-29T10:52:22,822.80
2220,0001,SANTANDER,MARIA,DEPOSITO,2022-02-08T01:08:52,4922.41
2220,0007,SANTANDER,JULIA,TRANSFERENCIA,2022-02-20T02:12:28,287.71
1520,0001,SANTANDER,JULIA,SAQUE,2022-02-03T23:43:29,861.45
9999,0002,SANTANDER,JULIA,TRANSFERENCIA,2022-01-22T14:30:43,1821.19
3320,0002,SANTANDER,JULIA,DEPOSITO,2022-02-17T22:37:47,1677.79
1044,0004,SANTANDER,RAFAEL,SAQUE,2022-02-08T14:19:08,3265.28
3320,0004,SANTANDER,CARLOS,TRANSFERENCIA,2022-02-08T18:01:19,2744.89
2220,0001,SANTANDER,CARLOS,SAQUE,2022-01-17T10:32:01,2091.19
2220,0004,SANTANDER,ANA,TRANSFERENCIA,2022-01-31T04:39:59,649.85
9999,0002,SANTANDER,JULIA,TRANSFERENCIA,2022-02-27T02:04:58,2854.46
1520,0002,SANTANDER,MARIA,DEPOSITO,2022-02-06T23:30:16,387.92
2220,0001,SANTANDER,CARLOS,DEPOSITO,2022-02-06T21:35:34,365.23
3320,0007,SANTANDER,ANA,DEPOSITO,2022-01-29T12:29:47,413.63
1520,0004,SANTANDER,JULIA,DEPOSITO,2022-02-15T03:20:19,4334.50
3320,0007,SANTANDER,PAULA,SAQUE,2022-02-02T01:18:11,54.04
1044,0007,SANTANDER,FELIPE,SAQUE,2022-02-13T19:08:51,4087.79
1044,0007,SANTANDER,CARLOS,DEPOSITO,2022-02-08T13:35:50,49.04
9999,0004,SANTANDER,MARIA,SAQUE,2022-02-26T19:29:38,2966.22
2220,0004,SANTANDER,BRUNO,TRANSFERENCIA,2022-01-23T20:20:02,880.53
3320,0007,SANTANDER,PAULA,TRANSFERENCIA,2022-01-07T22:06:02,3802.80
1520,0007,SANTANDER,RAFAEL,DEPOSITO,2022-01-12T01:45:51,899.35
9999,0002,SANTANDER,PAULA,SAQUE,2022-02-26T11:30:20,386.81
9999,0004,SANTANDER,FELIPE,SAQUE,2022-01-13T16:38:51,4401.81
9999,0002,SANTANDER,ANA,SAQUE,2022-02-23T00:55:37,1286.98
9999,0007,SANTANDER,ANA,DEPOSITO,2022-02-07T21:22:36,434.11
2220,0004,SANTANDER,PAULA,SAQUE,2022-01-16T12:32:25,3349.77
1044,0002,SANTANDER,BRUNO,DEPOSITO,2022-01-02T08:45:50,2498.76
9999,0002,SANTANDER,JULIA,TRANSFERENCIA,2022-01-28T10:35:06,239.21
3320,0002,SANTANDER,PAULA,TRANSFERENCIA,2022-01-22T04:18:19,1962.43
1520,0004,SANTANDER,BIA,SAQUE,2022-02-07T18:34:43,2073.83
2220,0007,SANTANDER,RAFAEL,SAQUE,2022-02-22T15:10:16,4722.86
2220,0004,SANTANDER,BRUNO,DEPOSITO,2022-01-24T03:56:07,255.21
1520,0002,SANTANDER,FELIPE,DEPOSITO,2022-02-05T09:34:10,68.59
3320,0007,SANTANDER,JOAO,DEPOSITO,2022-02-15T15:58:11,4368.75
9999,0002,SANTANDER,RAFAEL,SAQUE,2022-01-23T19:16:08,4474.02
2220,0001,SANTANDER,CARLOS,SAQUE,2022-01-11T19:43:23,1080.38
2220,0004,SANTANDER,PAULA,SAQUE,2022-02-18T10:20:15,4139.34
3320,0002,SANTANDER,FELIPE,TRANSFERENCIA,2022-02-09T13:52:11,4946.81
9999,0004,SANTANDER,BIA,DEPOSITO,2022-01-26T05:54:45,789.86
2220,0002,SANTANDER,BIA,SAQUE,2022-01-24T22:29:51,4699.50
9999,0002,SANTANDER,FELIPE,DEPOSITO,2022-01-03T21:23:24,3395.55
3320,0001,SANTANDER,BIA,DEPOSITO,2022-02-18T18:32:29,524.98
2220,0001,SANTANDER,RAFAEL,SAQUE,2022-02-27T05:41:31,3997.34
1520,0001,SANTANDER,CARLOS,SAQUE,2022-01-21T04:20:21,1156.39
3320,0007,SANTANDER,FELIPE,DEPOSITO,2022-01-30T08:01:04,1647.22
3320,0002,SANTANDER,PAULA,DEPOSITO,2022-02-28T11:26:45,1295.70
2220,0007,SANTANDER,JULIA,SAQUE,2022-02-17T00:40:30,898.07
3320,0001,SANTANDER,ANA,DEPOSITO,2022-01-24T02:50:33,730.88
1520,0001,SANTANDER,BRUNO,TRANSFERENCIA,2022-02-26T03:55:49,938.80
3320,0007,SANTANDER,CARLOS,DEPOSITO,2022-01-10T09:06:01,427.64
2220,0004,SANTANDER,MARIA,DEPOSITO,2022-01-01T09:49:13,2733.68
3320,0004,SANTANDER,BIA,DEPOSITO,2022-01-11T07:33:24,1124.47
9999,0007,SANTANDER,BRUNO,TRANSFERENCIA,2022-01-01T10:50:33,4746.76
1044,0007,SANTANDER,ANA,SAQUE,2022-02-25T19:45:31,2031.12
1044,0007,SANTANDER,MARIA,TRANSFERENCIA,2022-01-10T01:52:30,2560.67
3320,0002,SANTANDER,JOAO,DEPOSITO,2022-01-16T01:16:38,967.35
9999,0001,SANTANDER,BIA,TRANSFERENCIA,2022-01-09T11:20:55,2687.15
2220,0004,SANTANDER,ANA,SAQUE,2022-02-09T21:12:34,4686.37
2220,0004,SANTANDER,MARIA,DEPOSITO,2022-02-14T11:30:44,4411.33
2220,0004,SANTANDER,ANA,TRANSFERENCIA,2022-02-26T08:34:25,377.06
9999,0007,SANTANDER,BRUNO,TRANSFERENCIA,2022-02-12T23:50:36,2030.46
3320,0002,SANTANDER,JULIA,DEPOSITO,2022-01-27T16:11:16,4917.22
9999,0004,SANTANDER,MARIA,DEPOSITO,2022-01-23T18:24:59,2252.11
1520,0004,SANTANDER,JULIA,TRANSFERENCIA,2022-01-25T11:03:59,4869.20
1044,0001,SANTANDER,BRUNO,SAQUE,2022-02-11T17:33:55,988.46
2220,0007,SANTANDER,PAULA,DEPOSITO,2022-01-27T13:06:01,740.42
3320,0001,SANTANDER,FELIPE,TRANSFERENCIA,2022-01-30T06:35:21,656.82
1520,0007,SANTANDER,JULIA,TRANSFERENCIA,2022-01-09T23:52:36,3341.10
9999,0001,SANTANDER,JULIA,DEPOSITO,2022-02-13T02:01:42,1020.81
2220,0004,SANTANDER,MARIA,SAQUE,2022-01-18T03:38:24,2955.02
1044,0002,SANTANDER,RAFAEL,DEPOSITO,2022-01-02T10:21:03,2531.08
3320,0002,SANTANDER,FELIPE,DEPOSITO,2022-01-10T19:37:49,122.95
1044,0002,SANTANDER,ANA,SAQUE,2022-01-22T03:00:57,1589.82
2220,0002,SANTANDER,CARLOS,SAQUE,2022-01-07T08:28:57,3484.17
1520,0001,SANTANDER,BRUNO,SAQUE,2022-01-19T23:46:19,3798.74
1044,0007,SANTANDER,MARIA,TRANSFERENCIA,2022-02-04T19:24:47,4358.29
3320,0002,SANTANDER,RAFAEL,SAQUE,2022-02-01T10:09:05,1514.16
2220,0007,SANTANDER,RAFAEL,TRANSFERENCIA,2022-01-14T15:57:09,3447.00
3320,0001,SANTANDER,BRUNO,TRANSFERENCIA,2022-01-13T21:47:57,2848.49
9999,0004,SANTANDER,ANA,TRANSFERENCIA,2022-01-05T00:49:47,869.45
9999,0004,SANTANDER,ANA,DEPOSITO,2022-01-12T12:07:00,3371.73
2220,0001,SANTANDER,BIA,TRANSFERENCIA,2022-02-19T22:14:04,4859.31
2220,0002,SANTANDER,ANA,DEPOSITO,2022-02-27T22:55:44,3025.63
1520,0004,SANTANDER,ANA,SAQUE,2022-02-10T14:32:45,1694.22
3320,0002,SANTANDER,RAFAEL,DEPOSITO,2022-01-11T18:35:59,3933.67
2220,0007,SANTANDER,CARLOS,DEPOSITO,2022-01-08T22:27:20,2155.95
2220,0001,SANTANDER,ANA,DEPOSITO,2022-01-24T09:35:18,1133.36
1520,0007,SANTANDER,JULIA,DEPOSITO,2022-02-15T14:17:38,392.06
2220,0004,SANTANDER,PAULA,SAQUE,2022-02-10T13:05:18,3027.77
1044,0002,SANTANDER,MARIA,SAQUE,2022-01-11T11:41:54,2267.69
9999,0004,SANTANDER,JOAO,TRANSFERENCIA,2022-02-07T15:48:08,3109.34
2220,0002,SANTANDER,BIA,DEPOSITO,2022-02-13T07:57:52,4929.79
1520,0004,SANTANDER,MARIA,TRANSFERENCIA,2022-02-11T18:02:57,849.35
3320,0001,SANTANDER,BIA,SAQUE,2022-02-06T14:30:24,4444.46
9999,0007,SANTANDER,ANA,TRANSFERENCIA,2022-02-24T04:41:58,1926.25
1044,0007,SANTANDER,CARLOS,SAQUE,2022-01-12T08:40:42,3038.06
3320,0004,SANTANDER,ANA,SAQUE,2022-01-12T17:12:37,2265.80
1044,0004,SANTANDER,JOAO,DEPOSITO,2022-02-07T23:18:35,4189.80
2220,0001,SANTANDER,CARLOS,TRANSFERENCIA,2022-01-23T17:11:36,2707.97
1044,0001,SANTANDER,JULIA,TRANSFERENCIA,2022-02-15T05:59:32,629.38
2220,0007,SANTANDER,ANA,DEPOSITO,2022-02-03T13:31:33,2200.60
9999,0001,SANTANDER,BIA,DEPOSITO,2022-01-09T15:24:50,1290.74
1044,0001,SANTANDER,BIA,DEPOSITO,2022-02-08T02:09:54,983.91
1520,0002,SANTANDER,RAFAEL,DEPOSITO,2022-02-01T06:36:46,803.16
9999,0002,SANTANDER,JULIA,SAQUE,2022-01-21T09:37:23,743.70
9999,0007,SANTANDER,PAULA,TRANSFERENCIA,2022-01-21T23:45:02,4470.31
1044,0002,SANTANDER,ANA,TRANSFERENCIA,2022-02-05T09:57:44,3088.34
1520,0007,SANTANDER,PAULA,DEPOSITO,2022-01-25T00:05:48,2561.72
9999,0007,SANTANDER,BIA,SAQUE,2022-01-14T18:19:22,1671.19
1044,0002,SANTANDER,PAULA,TRANSFERENCIA,2022-02-09T12:20:41,981.54
2220,0002,SANTANDER,RAFAEL,DEPOSITO,2022-01-10T09:55:04,385.06
1520,0007,SANTANDER,ANA,SAQUE,2022-02-03T06:03:56,2985.25
1044,0004,SANTANDER,JULIA,TRANSFERENCIA,2022-01-27T03:37:06,4626.30
1520,0007,SANTANDER,BIA,TRANSFERENCIA,2022-02-02T17:00:00,2513.26
3320,0004,SANTANDER,RAFAEL,DEPOSITO,2022-01-23T20:41:20,3909.20
1520,0007,SANTANDER,FELIPE,TRANSFERENCIA,2022-02-02T09:10:13,1627.03
1044,0001,SANTANDER,PAULA,TRANSFERENCIA,2022-01-20T20:13:45,3504.34
9999,0004,SANTANDER,JULIA,SAQUE,2022-01-31T07:33:10,4485.58
1520,0004,SANTANDER,FELIPE,SAQUE,2022-02-04T14:03:35,1262.91
1520,0007,SANTANDER,PAULA,DEPOSITO,2022-01-15T06:36:35,1557.10
3320,0004,SANTANDER,PAULA,DEPOSITO,2022-01-04T04:52:54,1546.88
1044,0002,SANTANDER,PAULA,TRANSFERENCIA,2022-02-15T04:05:34,4959.09
1520,0002,SANTANDER,ANA,DEPOSITO,2022-02-14T20:15:59,2155.60
3320,0001,SANTANDER,PAULA,TRANSFERENCIA,2022-02-12T20:54:55,2852.12
9999,0007,SANTANDER,ANA,SAQUE,2022-01-01T01:04:41,2914.31
2220,0004,SANTANDER,MARIA,TRANSFERENCIA,2022-01-28T11:18:38,116.55
3320,0002,SANTANDER,CARLOS,DEPOSITO,2022-01-10T22:56:50,1813.40
1520,0004,SANTANDER,MARIA,TRANSFERENCIA,2022-01-07T01:44:20,2495.62
9999,0002,SANTANDER,BIA,SAQUE,2022-01-14T12:15:44,264.19
3320,0004,SANTANDER,MARIA,TRANSFERENCIA,2022-01-21T10:45:09,3091.30
1520,0002,SANTANDER,BIA,TRANSFERENCIA,2022-02-04T13:17:54,224.77
1520,0004,SANTANDER,PAULA,DEPOSITO,2022-02-13T06:42:43,883.25
9999,0001,SANTANDER,ANA,DEPOSITO,2022-02-01T06:19:04,633.61
2220,0002,SANTANDER,BIA,SAQUE,2022-01-25T12:15:41,3066.37
2220,0004,SANTANDER,PAULA,TRANSFERENCIA,2022-01-29T10:38:32,1567.23
9999,0004,SANTANDER,CARLOS,SAQUE,2022-02-07T02:32:01,1160.22
3320,0002,SANTANDER,RAFAEL,TRANSFERENCIA,2022-01-30T20:37:02,4421.69
2220,0004,SANTANDER,MARIA,TRANSFERENCIA,2022-01-05T01:58:02,1036.68
1044,0002,SANTANDER,JOAO,TRANSFERENCIA,2022-01-14T09:16:41,1473.65
3320,0001,SANTANDER,MARIA,DEPOSITO,2022-01-05T18:15:37,2028.53
1044,0004,SANTANDER,BIA,SAQUE,2022-01-20T13:10:16,1831.34
9999,0002,SANTANDER,CARLOS,SAQUE,2022-02-17T02:53:17,3414.57
3320,0002,SANTANDER,CARLOS,TRANSFERENCIA,2022-01-23T16:36:46,4676.51
1520,0007,SANTANDER,MARIA,TRANSFERENCIA,2022-01-15T17:51:31,4160.00
1520,0002,SANTANDER,MARIA,DEPOSITO,2022-01-02T15:18:54,4422.96
3320,0002,SANTANDER,JULIA,SAQUE,2022-02-21T06:31:33,4643.15
2220,0001,SANTANDER,MARIA,TRANSFERENCIA,2022-01-03T15:33:03,2720.59
1520,0002,SANTANDER,JULIA,TRANSFERENCIA,2022-02-24T02:09:28,1205.74
2220,0007,SANTANDER,JOAO,TRANSFERENCIA,2022-01-14T15:14:10,3988.94
1044,0007,SANTANDER,BIA,DEPOSITO,2022-01-24T06:42:24,3911.90
2220,0004,SANTANDER,CARLOS,TRANSFERENCIA,2022-01-07T04:44:55,4517.68
9999,0002,SANTANDER,ANA,DEPOSITO,2022-02-13T19:44:18,3470.13
9999,0007,SANTANDER,JULIA,TRANSFERENCIA,2022-02-24T21:51:36,3507.34
3320,0004,SANTANDER,JOAO,TRANSFERENCIA,2022-01-16T05:23:38,1158.48
1044,0002,SANTANDER,JOAO,SAQUE,2022-01-07T19:51:13,2374.95
1044,0001,SANTANDER,CARLOS,DEPOSITO,2022-01-01T23:20:51,3036.42
9999,0001,SANTANDER,JULIA,TRANSFERENCIA,2022-02-05T11:01:01,3835.76
3320,0007,SANTANDER,BIA,SAQUE,2022-02-03T00:14:12,1178.54
1520,0001,SANTANDER,BRUNO,TRANSFERENCIA,2022-02-16T16:24:53,1133.17
3320,0002,SANTANDER,PAULA,DEPOSITO,2022-02-01T01:33:44,4100.36
1044,0001,SANTANDER,FELIPE,TRANSFERENCIA,2022-01-30T02:55:47,2882.83
2220,0002,SANTANDER,JULIA,TRANSFERENCIA,2022-02-05T03:58:17,2739.66
1044,0002,SANTANDER,JOAO,SAQUE,2022-01-01T03:45:49,3400.80
1520,0004,SANTANDER,CARLOS,DEPOSITO,2022-01-30T22:05:53,2753.29
1044,0007,SANTANDER,BIA,SAQUE,2022-01-01T09:07:09,2233.47
1520,0004,SANTANDER,MARIA,TRANSFERENCIA,2022-02-23T08:07:07,4277.54
2220,0001,SANTANDER,JULIA,TRANSFERENCIA,2022-01-14T01:47:53,851.14
2220,0007,SANTANDER,ANA,TRANSFERENCIA,2022-01-06T07:20:48,670.61
1044,0002,SANTANDER,BIA,SAQUE,2022-01-03T12:42:35,4805.85
3320,0002,SANTANDER,JOAO,TRANSFERENCIA,2022-01-27T15:10:46,530.03
1520,0002,SANTANDER,PAULA,SAQUE,2022-02-19T08:11:24,3809.93
1520,0002,SANTANDER,BIA,DEPOSITO,2022-01-17T17:32:27,2977.60
2220,0004,SANTANDER,ANA,SAQUE,2022-01-16T02:57:02,2157.16
2220,0001,SANTANDER,JOAO,DEPOSITO,2022-02-28T22:59:36,2132.31
3320,0002,SANTANDER,JOAO,SAQUE,2022-01-16T09:00:26,1745.40
2220,0007,SANTANDER,BRUNO,DEPOSITO,2022-02-21T16:54:05,3115.34
3320,0001,SANTANDER,FELIPE,DEPOSITO,2022-01-28T17:39:46,2090.05
1520,0002,SANTANDER,JULIA,DEPOSITO,2022-02-05T09:09:49,2885.94
1044,0002,SANTANDER,BIA,DEPOSITO,2022-02-08T15:05:24,4683.74
2220,0002,SANTANDER,MARIA,TRANSFERENCIA,2022-01-17T14:41:10,2990.04
1044,0001,SANTANDER,BIA,TRANSFERENCIA,2022-02-25T00:47:14,1520.42
1044,0001,SANTANDER,CARLOS,DEPOSITO,2022-02-05T09:17:56,4592.87
2220,0007,SANTANDER,JULIA,DEPOSITO,2022-02-23T22:44:15,4535.64
3320,0004,SANTANDER,BRUNO,DEPOSITO,2022-02-19T07:50:46,1770.12
2220,0004,SANTANDER,PAULA,DEPOSITO,2022-02-10T13:17:44,2918.20
1044,0007,SANTANDER,PAULA,TRANSFERENCIA,2022-01-01T10:25:43,1608.46
9999,0007,SANTANDER,ANA,SAQUE,2022-02-08T11:28:24,2320.33
9999,0007,SANTANDER,CARLOS,DEPOSITO,2022-01-07T11:14:13,498.08
9999,0001,SANTANDER,ANA,TRANSFERENCIA,2022-01-14T08:02:42,4367.66
1044,0007,SANTANDER,RAFAEL,DEPOSITO,2022-01-01T06:28:23,1552.72
3320,0007,SANTANDER,CARLOS,DEPOSITO,2022-02-18T11:57:50,3087.03
1520,0001,SANTANDER,CARLOS,TRANSFERENCIA,2022-02-08T14:04:32,2036.75
1520,0007,SANTANDER,JULIA,TRANSFERENCIA,2022-01-18T19:40:46,2523.15
1520,0004,SANTANDER,MARIA,DEPOSITO,2022-01-14T19:23:43,3815.36
1044,0001,SANTANDER,FELIPE,SAQUE,2022-01-16T07:56:15,903.40
3320,0001,SANTANDER,FELIPE,SAQUE,2022-02-24T11:24:19,63.52
9999,0004,SANTANDER,CARLOS,TRANSFERENCIA,2022-02-07T02:43:05,4895.34
3320,0007,SANTANDER,BRUNO,SAQUE,2022-02-01T11:23:54,4781.72
1520,0004,SANTANDER,RAFAEL,DEPOSITO,2022-01-26T14:07:43,2950.97
2220,0001,SANTANDER,ANA,TRANSFERENCIA,2022-01-10T11:17:47,658.64
9999,0004,SANTANDER,CARLOS,DEPOSITO,2022-02-24T09:36:23,2991.87
9999,0004,SANTANDER,JULIA,TRANSFERENCIA,2022-01-23T01:03:59,1658.15
1044,0001,SANTANDER,BRUNO,TRANSFERENCIA,2022-02-03T17:36:45,1114.98
1044,0004,SANTANDER,FELIPE,SAQUE,2022-02-23T09:52:58,3577.76
1044,0001,SANTANDER,FELIPE,SAQUE,2022-02-25T11:19:23,3465.33
1520,0001,SANTANDER,PAULA,TRANSFERENCIA,2022-01-30T07:32:38,3770.57
2220,0002,SANTANDER,MARIA,SAQUE,2022-01-08T17:23:18,1436.37
9999,0007,SANTANDER,JULIA,SAQUE,2022-02-11T03:07:51,4253.20
9999,0001,SANTANDER,JOAO,DEPOSITO,2022-01-01T06:48:42,1409.89
1044,0007,SANTANDER,MARIA,TRANSFERENCIA,2022-02-13T21:53:54,4499.45
1044,0001,SANTANDER,JOAO,TRANSFERENCIA,2022-02-05T03:51:58,3085.42
1044,0002,SANTANDER,CARLOS,TRANSFERENCIA,2022-01-29T05:44:44,1788.70
1044,0002,SANTANDER,MARIA,SAQUE,2022-01-30T02:19:22,815.39
9999,0004,SANTANDER,MARIA,TRANSFERENCIA,2022-01-19T03:39:53,2727.17
2220,0004,SANTANDER,CARLOS,TRANSFERENCIA,2022-01-04T11:58:48,4165.96
9999,0007,SANTANDER,FELIPE,DEPOSITO,2022-02-01T22:30:33,175.11
1044,0004,SANTANDER,MARIA,DEPOSITO,2022-01-12T17:28:40,3031.48
9999,0002,SANTANDER,PAULA,DEPOSITO,2022-02-13T11:18:55,3795.89
1520,0007,SANTANDER,BIA,DEPOSITO,2022-01-03T21:02:35,4934.76
2220,0001,SANTANDER,BRUNO,TRANSFERENCIA,2022-01-27T18:10:55,564.61
1044,0001,SANTANDER,FELIPE,TRANSFERENCIA,2022-01-26T11:47:44,3941.11
9999,0002,SANTANDER,BRUNO,TRANSFERENCIA,2022-01-31T09:44:01,4891.35
1044,0004,SANTANDER,RAFAEL,SAQUE,2022-02-17T00:40:57,2315.65
1520,0007,SANTANDER,BIA,TRANSFERENCIA,2022-01-13T18:11:01,4431.10
2220,0001,SANTANDER,ANA,DEPOSITO,2022-02-24T16:42:34,3364.43
1044,0001,SANTANDER,BRUNO,SAQUE,2022-02-20T20:21:06,3225.37
2220,0007,SANTANDER,MARIA,SAQUE,2022-01-02T01:05:39,849.38
3320,0004,SANTANDER,MARIA,TRANSFERENCIA,2022-01-14T08:24:44,136.60
9999,0004,SANTANDER,ANA,TRANSFERENCIA,2022-02-07T06:10:47,2918.10
1044,0007,SANTANDER,JULIA,TRANSFERENCIA,2022-01-26T07:59:24,3004.90
3320,0004,SANTANDER,BRUNO,SAQUE,2022-01-20T20:33:37,2383.80
9999,0004,SANTANDER,BIA,TRANSFERENCIA,2022-01-09T06:06:59,1214.47
9999,0007,SANTANDER,RAFAEL,DEPOSITO,2022-01-01T06:20:04,565.88
9999,0001,SANTANDER,MARIA,SAQUE,2022-01-23T09:03:16,1169.01
2220,0004,SANTANDER,FELIPE,SAQUE,2022-01-20T14:46:47,469.72
3320,0002,SANTANDER,CARLOS,SAQUE,2022-02-12T22:20:08,63.25
2220,0001,SANTANDER,FELIPE,DEPOSITO,2022-02-18T20:35:48,2426.32
9999,0007,SANTANDER,JULIA,SAQUE,2022-02-19T12:07:51,2427.08
9999,0001,SANTANDER,RAFAEL,TRANSFERENCIA,2022-01-07T15:49:50,960.72
3320,0002,SANTANDER,JOAO,TRANSFERENCIA,2022-01-14T18:13:10,906.07
1520,0004,SANTANDER,CARLOS,TRANSFERENCIA,2022-01-29T12:27:52,3294.39
3320,0004,SANTANDER,MARIA,TRANSFERENCIA,2022-02-17T15:40:00,2575.02
9999,0001,SANTANDER,BRUNO,DEPOSITO,2022-02-26T21:46:46,1766.93
1520,0001,SANTANDER,CARLOS,SAQUE,2022-02-03T01:54:40,4958.15
9999,0001,SANTANDER,JOAO,TRANSFERENCIA,2022-01-19T02:17:29,2556.54
3320,0002,SANTANDER,CARLOS,SAQUE,2022-02-18T09:44:11,219.52
1520,0002,SANTANDER,MARIA,SAQUE,2022-02-18T00:05:31,2461.48
1044,0002,SANTANDER,CARLOS,SAQUE,2022-01-22T18:20:32,4934.82
1520,0004,SANTANDER,PAULA,TRANSFERENCIA,2022-01-17T13:26:56,1661.14
1520,0007,SANTANDER,JULIA,SAQUE,2022-01-24T21:03:21,4608.75
9999,0001,SANTANDER,JULIA,DEPOSITO,2022-02-18T15:01:35,817.30
3320,0001,SANTANDER,MARIA,TRANSFERENCIA,2022-02-02T11:50:36,4283.49
9999,0007,SANTANDER,BIA,DEPOSITO,2022-02-23T16:39:58,1840.72
1044,0007,SANTANDER,FELIPE,SAQUE,2022-01-09T23:20:21,1927.49
2220,0001,SANTANDER,JOAO,DEPOSITO,2022-01-16T22:26:51,218.74
3320,0001,SANTANDER,FELIPE,DEPOSITO,2022-01-01T22:58:12,2285.85
2220,0007,SANTANDER,CARLOS,TRANSFERENCIA,2022-02-02T19:14:52,3339.42
3320,0007,SANTANDER,FELIPE,TRANSFERENCIA,2022-01-13T09:57:24,582.24
3320,0004,SANTANDER,JOAO,TRANSFERENCIA,2022-01-10T17:58:27,525.26
1044,0004,SANTANDER,BIA,DEPOSITO,2022-02-22T14:24:43,4595.43
9999,0004,SANTANDER,JOAO,TRANSFERENCIA,2022-01-13T20:56:40,4099.43
1520,0004,SANTANDER,RAFAEL,TRANSFERENCIA,2022-02-27T14:53:55,1283.63
1044,0004,SANTANDER,BIA,DEPOSITO,2022-01-14T16:05:14,1759.65
2220,0002,SANTANDER,JOAO,DEPOSITO,2022-02-17T12:36:28,1254.28
1044,0002,SANTANDER,MARIA,DEPOSITO,2022-02-05T00:32:19,2060.22
9999,0004,SANTANDER,BIA,SAQUE,2022-01-26T12:33:15,4066.73
1044,0001,SANTANDER,CARLOS,DEPOSITO,2022-01-26T02:34:15,1526.50
1044,0007,SANTANDER,CARLOS,TRANSFERENCIA,2022-01-07T14:57:57,3991.27
1044,0002,SANTANDER,ANA,SAQUE,2022-02-19T16:09:25,3781.28
9999,0007,SANTANDER,CARLOS,DEPOSITO,2022-01-31T20:59:53,4323.08
9999,0002,SANTANDER,JOAO,DEPOSITO,2022-01-24T03:07:00,4906.03
2220,0004,SANTANDER,FELIPE,SAQUE,2022-01-24T01:38:15,4695.73
1520,0002,SANTANDER,BRUNO,TRANSFERENCIA,2022-02-18T11:20:11,1701.82
9999,0002,SANTANDER,BIA,SAQUE,2022-02-17T08:22:04,2424.98
3320,0007,SANTANDER,MARIA,DEPOSITO,2022-01-25T09:42:33,4179.42
3320,0004,SANTANDER,MARIA,SAQUE,2022-01-31T19:26:56,4853.48
1520,0002,SANTANDER,RAFAEL,TRANSFERENCIA,2022-01-21T10:38:56,1376.00
1520,0002,SANTANDER,CARLOS,DEPOSITO,2022-01-14T08:16:08,902.96
2220,0002,SANTANDER,JOAO,DEPOSITO,2022-01-29T21:16:37,4570.09
9999,0007,SANTANDER,ANA,SAQUE,2022-02-16T08:40:21,247.44
1520,0007,SANTANDER,JULIA,SAQUE,2022-01-23T18:59:09,2979.21
9999,0007,SANTANDER,PAULA,SAQUE,2022-01-22T22:53:01,4780.26
3320,0001,SANTANDER,JOAO,TRANSFERENCIA,2022-02-03T03:41:07,4580.42
3320,0007,SANTANDER,ANA,DEPOSITO,2022-02-23T00:26:29,4462.83
3320,0007,SANTANDER,JULIA,SAQUE,2022-01-09T12:08:40,2637.71
1044,0004,SANTANDER,MARIA,TRANSFERENCIA,2022-01-06T21:59:43,2784.31
1044,0001,SANTANDER,RAFAEL,SAQUE,2022-01-10T16:20:35,3995.24
9999,0004,SANTANDER,FELIPE,TRANSFERENCIA,2022-01-12T15:51:53,2485.08
9999,0002,SANTANDER,CARLOS,SAQUE,2022-01-01T04:49:23,2059.28
3320,0002,SANTANDER,BIA,TRANSFERENCIA,2022-01-31T23:41:43,1697.67
1044,0002,SANTANDER,JULIA,DEPOSITO,2022-02-24T17:50:17,3386.28
1520,0007,SANTANDER,FELIPE,TRANSFERENCIA,2022-01-02T05:18:59,1352.67
9999,0002,SANTANDER,FELIPE,DEPOSITO,2022-01-15T09:36:11,1385.88
3320,0001,SANTANDER,JOAO,TRANSFERENCIA,2022-01-08T20:51:19,3403.76
2220,0002,SANTANDER,MARIA,DEPOSITO,2022-01-19T17:03:33,1108.53
1044,0002,SANTANDER,JOAO,TRANSFERENCIA,2022-02-20T01:49:59,3277.01
2220,0002,SANTANDER,CARLOS,DEPOSITO,2022-02-16T14:45:50,2514.13
9999,0001,SANTANDER,PAULA,SAQUE,2022-01-14T03:25:20,418.72
3320,0004,SANTANDER,PAULA,TRANSFERENCIA,2022-02-22T09:34:13,4712.23
2220,0001,SANTANDER,JOAO,SAQUE,2022-01-30T10:42:45,4257.24
9999,0002,SANTANDER,PAULA,SAQUE,2022-01-28T06:44:15,1455.10
9999,0004,SANTANDER,FELIPE,SAQUE,2022-02-12T18:47:47,1920.12
9999,0001,SANTANDER,ANA,SAQUE,2022-02-22T11:18:05,1053.31
1520,0007,SANTANDER,PAULA,TRANSFERENCIA,2022-02-25T22:47:22,1784.84
2220,0007,SANTANDER,ANA,SAQUE,2022-01-11T08:21:27,4396.26
1520,0001,SANTANDER,ANA,DEPOSITO,2022-01-29T19:29:49,4867.44
3320,0007,SANTANDER,PAULA,DEPOSITO,2022-01-06T17:42:08,586.55
3320,0002,SANTANDER,MARIA,DEPOSITO,2022-01-14T08:40:04,1698.19
2220,0004,SANTANDER,MARIA,SAQUE,2022-01-04T06:21:49,97.72
2220,0007,SANTANDER,RAFAEL,DEPOSITO,2022-02-15T18:37:11,4304.85
3320,0007,SANTANDER,JULIA,TRANSFERENCIA,2022-01-27T05:27:04,4288.21
2220,0001,SANTANDER,RAFAEL,DEPOSITO,2022-02-05T13:04:48,2515.10
2220,0002,SANTANDER,JOAO,SAQUE,2022-01-11T09:41:21,871.01
1520,0002,SANTANDER,JULIA,DEPOSITO,2022-01-19T19:20:27,4911.66
2220,0002,SANTANDER,ANA,SAQUE,2022-01-10T01:34:14,697.59
9999,0001,SANTANDER,JULIA,TRANSFERENCIA,2022-01-09T09:24:06,264.54
2220,0002,SANTANDER,JULIA,DEPOSITO,2022-01-03T09:23:27,1815.28
2220,0007,SANTANDER,CARLOS,TRANSFERENCIA,2022-01-17T22:24:40,3382.77
3320,0002,SANTANDER,BIA,SAQUE,2022-02-01T15:39:16,1407.47
2220,0004,SANTANDER,CARLOS,DEPOSITO,2022-02-06T12:16:54,1113.47
1520,0007,SANTANDER,BIA,SAQUE,2022-01-29T19:48:53,1853.55
9999,0001,SANTANDER,JULIA,DEPOSITO,2022-02-02T20:21:32,1127.31
1044,0002,SANTANDER,JULIA,DEPOSITO,2022-01-16T10:58:46,4940.86
1044,0007,SANTANDER,BRUNO,DEPOSITO,2022-02-07T06:43:35,3727.03
3320,0002,SANTANDER,BRUNO,TRANSFERENCIA,2022-02-16T18:45:36,1949.81
2220,0004,SANTANDER,PAULA,TRANSFERENCIA,2022-01-02T03:39:12,1388.20
1044,0004,SANTANDER,FELIPE,SAQUE,2022-01-29T13:38:29,3620.58
3320,0001,SANTANDER,ANA,TRANSFERENCIA,2022-02-11T10:27:14,1304.36
3320,0004,SANTANDER,CARLOS,TRANSFERENCIA,2022-02-13T16:19:52,2662.47
2220,0004,SANTANDER,JULIA,DEPOSITO,2022-01-09T01:39:08,3087.31
2220,0001,SANTANDER,JULIA,DEPOSITO,2022-02-19T16:03:36,3112.21
3320,0001,SANTANDER,MARIA,DEPOSITO,2022-01-05T12:05:25,615.18
2220,0004,SANTANDER,JULIA,TRANSFERENCIA,2022-02-28T13:03:00,1853.24
1520,0001,SANTANDER,ANA,DEPOSITO,2022-01-18T19:43:28,1276.08
1520,0004,SANTANDER,JOAO,TRANSFERENCIA,2022-01-26T08:26:18,1069.17
2220,0001,SANTANDER,RAFAEL,DEPOSITO,2022-02-23T05:04:14,134.72
9999,0002,SANTANDER,ANA,TRANSFERENCIA,2022-02-05T20:21:52,4462.17
9999,0002,SANTANDER,BRUNO,DEPOSITO,2022-02-01T03:15:13,1315.29
9999,0007,SANTANDER,ANA,TRANSFERENCIA,2022-02-13T14:07:54,2872.73
2220,0004,SANTANDER,FELIPE,DEPOSITO,2022-01-29T09:27:15,4609.96
9999,0001,SANTANDER,CARLOS,SAQUE,2022-02-07T08:09:53,2651.45
2220,0004,SANTANDER,BRUNO,TRANSFERENCIA,2022-01-25T20:05:49,2926.37
2220,0004,SANTANDER,JOAO,TRANSFERENCIA,2022-02-13T23:51:19,2612.96
2220,0007,SANTANDER,FELIPE,DEPOSITO,2022-01-23T13:55:30,284.58
9999,0001,SANTANDER,ANA,TRANSFERENCIA,2022-01-01T13:17:32,2717.12
2220,0007,SANTANDER,RAFAEL,TRANSFERENCIA,2022-02-27T19:17:20,1308.43
1520,0001,SANTANDER,BIA,SAQUE,2022-01-16T09:54:26,4017.50
2220,0007,SANTANDER,MARIA,TRANSFERENCIA,2022-02-24T15:09:00,3084.93
3320,0007,SANTANDER,ANA,SAQUE,2022-01-22T00:09:34,2196.08
1520,0001,SANTANDER,JOAO,TRANSFERENCIA,2022-01-15T06:17:27,3641.21
9999,0004,SANTANDER,BIA,TRANSFERENCIA,2022-02-07T10:37:58,953.48
1520,0007,SANTANDER,ANA,DEPOSITO,2022-01-06T09:31:46,1831.82
3320,0001,SANTANDER,BIA,TRANSFERENCIA,2022-01-24T20:29:17,1881.98
3320,0001,SANTANDER,MARIA,DEPOSITO,2022-01-31T06:27:44,4035.18
1044,0001,SANTANDER,BIA,DEPOSITO,2022-01-16T07:30:04,3550.51
1044,0001,SANTANDER,JOAO,SAQUE,2022-02-11T11:50:29,2465.84
9999,0001,SANTANDER,BRUNO,TRANSFERENCIA,2022-01-22T13:36:38,769.31
9999,0004,SANTANDER,JOAO,SAQUE,2022-01-09T20:57:43,2280.85
3320,0001,SANTANDER,JULIA,TRANSFERENCIA,2022-02-17T01:03:23,140.76
2220,0001,SANTANDER,RAFAEL,DEPOSITO,2022-02-10T00:16:54,4167.69
9999,0001,SANTANDER,RAFAEL,DEPOSITO,2022-02-16T05:22:25,3998.63
3320,0007,SANTANDER,JULIA,TRANSFERENCIA,2022-01-11T06:00:53,4873.54
9999,0002,SANTANDER,PAULA,DEPOSITO,2022-01-17T10:42:51,2452.20
2220,0001,SANTANDER,MARIA,SAQUE,2022-01-02T13:48:17,4847.41
9999,0007,SANTANDER,PAULA,DEPOSITO,2022-01-06T00:05:21,9.10
2220,0001,SANTANDER,MARIA,TRANSFERENCIA,2022-01-21T21:56:51,662.19
2220,0007,SANTANDER,MARIA,TRANSFERENCIA,2022-01-01T20:14:19,1890.26
1520,0004,SANTANDER,JULIA,DEPOSITO,2022-01-04T23:34:15,33.36
1520,0001,SANTANDER,MARIA,SAQUE,2022-01-15T12:44:52,3751.72
3320,0001,SANTANDER,FELIPE,TRANSFERENCIA,2022-02-08T10:12:03,2798.46
3320,0001,SANTANDER,ANA,SAQUE,2022-01-04T11:19:24,610.35
1520,0001,SANTANDER,BRUNO,TRANSFERENCIA,2022-01-20T00:33:13,3948.74
9999,0001,SANTANDER,JOAO,DEPOSITO,2022-02-14T23:20:18,2182.41
9999,0007,SANTANDER,MARIA,SAQUE,2022-01-11T16:02:48,1408.78
1044,0001,SANTANDER,MARIA,DEPOSITO,2022-01-23T06:28:32,4179.89
9999,0002,SANTANDER,FELIPE,DEPOSITO,2022-01-11T21:09:02,2837.53
1044,0002,SANTANDER,BIA,DEPOSITO,2022-02-19T05:05:29,3155.98
1520,0007,SANTANDER,PAULA,SAQUE,2022-01-11T12:56:04,315.50
2220,0001,SANTANDER,FELIPE,DEPOSITO,2022-01-25T13:57:54,4269.14
9999,0007,SANTANDER,ANA,DEPOSITO,2022-01-04T11:57:51,4860.33
1044,0002,SANTANDER,MARIA,TRANSFERENCIA,2022-01-14T18:42:08,4579.76
1044,0001,SANTANDER,ANA,TRANSFERENCIA,2022-02-15T07:16:07,4737.70
9999,0004,SANTANDER,JOAO,SAQUE,2022-01-29T14:00:00,709.11
1044,0002,SANTANDER,BRUNO,SAQUE,2022-01-24T19:08:34,4824.30
3320,0002,SANTANDER,MARIA,TRANSFERENCIA,2022-02-14T22:44:31,3147.16
1044,0007,SANTANDER,PAULA,SAQUE,2022-01-19T20:44:24,769.01
3320,0001,SANTANDER,BRUNO,SAQUE,2022-01-21T00:50:57,3078.44
3320,0001,SANTANDER,JULIA,SAQUE,2022-02-20T21:02:01,2077.19
2220,0007,SANTANDER,CARLOS,DEPOSITO,2022-02-20T07:10:24,4422.20
3320,0007,SANTANDER,RAFAEL,SAQUE,2022-02-18T10:44:58,4560.19
9999,0001,SANTANDER,JOAO,DEPOSITO,2022-02-11T23:33:43,1152.73
9999,0007,SANTANDER,BRUNO,DEPOSITO,2022-02-13T14:30:30,3788.46
2220,0002,SANTANDER,BIA,DEPOSITO,2022-01-04T01:44:29,3164.20
9999,0007,SANTANDER,CARLOS,TRANSFERENCIA,2022-02-28T01:56:56,351.28
1520,0004,SANTANDER,PAULA,SAQUE,2022-02-10T07:05:01,1489.73
9999,0004,SANTANDER,CARLOS,DEPOSITO,2022-02-18T18:02:48,4243.67
1044,0007,SANTANDER,ANA,DEPOSITO,2022-02-14T20:06:42,3585.12
1520,0002,SANTANDER,PAULA,SAQUE,2022-02-03T10:54:42,988.41
3320,0007,SANTANDER,RAFAEL,TRANSFERENCIA,2022-02-26T12:11:21,1060.28
3320,0007,SANTANDER,JULIA,SAQUE,2022-01-17T20:20:21,4029.31
2220,0007,SANTANDER,ANA,DEPOSITO,2022-02-21T20:59:50,3158.24
3320,0007,SANTANDER,CARLOS,TRANSFERENCIA,2022-01-29T02:54:53,4903.92
1044,0004,SANTANDER,CARLOS,TRANSFERENCIA,2022-01-06T16:33:17,946.33
1520,0001,SANTANDER,FELIPE,TRANSFERENCIA,2022-01-10T17:18:30,4249.10
3320,0007,SANTANDER,BRUNO,DEPOSITO,2022-02-24T16:56:57,1470.13
3320,0002,SANTANDER,JULIA,SAQUE,2022-01-25T03:50:01,1528.98
1044,0002,SANTANDER,JULIA,DEPOSITO,2022-02-07T15:10:01,2086.76
3320,0002,SANTANDER,RAFAEL,TRANSFERENCIA,2022-02-10T07:56:09,4080.02
2220,0004,SANTANDER,CARLOS,TRANSFERENCIA,2022-01-15T10:38:00,3323.03
3320,0001,SANTANDER,MARIA,SAQUE,2022-01-23T14:22:15,4047.57
2220,0007,SANTANDER,MARIA,TRANSFERENCIA,2022-01-08T13:43:35,4501.08
2220,0007,SANTANDER,JOAO,SAQUE,2022-01-31T03:59:52,4383.36
1520,0001,SANTANDER,ANA,TRANSFERENCIA,2022-02-21T07:05:33,540.67
2220,0002,SANTANDER,JULIA,SAQUE,2022-02-04T08:04:47,1217.50
1044,0002,SANTANDER,RAFAEL,SAQUE,2022-01-11T23:40:10,1791.59
2220,0007,SANTANDER,ANA,SAQUE,2022-02-26T00:10:15,3879.13
2220,0002,SANTANDER,BIA,DEPOSITO,2022-02-05T08:51:27,114.38
2220,0002,SANTANDER,MARIA,DEPOSITO,2022-01-07T05:57:21,193.32
9999,0001,SANTANDER,JOAO,SAQUE,2022-02-26T03:24:55,4274.94
1044,0002,SANTANDER,JOAO,SAQUE,2022-01-14T12:13:20,2297.69
3320,0002,SANTANDER,JOAO,TRANSFERENCIA,2022-02-06T09:58:37,1680.15
9999,0004,SANTANDER,FELIPE,DEPOSITO,2022-02-10T02:30:38,3142.92
9999,0001,SANTANDER,RAFAEL,SAQUE,2022-02-07T03:38:05,4317.67
3320,0007,SANTANDER,PAULA,DEPOSITO,2022-01-22T23:22:46,3475.19
1520,0001,SANTANDER,CARLOS,SAQUE,2022-01-08T16:27:29,3733.27
2220,0004,SANTANDER,JULIA,TRANSFERENCIA,2022-02-18T19:55:57,4323.09
2220,0001,SANTANDER,CARLOS,SAQUE,2022-01-26T20:08:21,4252.80
3320,0007,SANTANDER,CARLOS,SAQUE,2022-02-27T11:16:22,1104.49
2220,0004,SANTANDER,BRUNO,SAQUE,2022-01-28T07:26:51,4702.56
9999,0002,SANTANDER,RAFAEL,TRANSFERENCIA,2022-01-07T03:21:53,2065.74
1044,0002,SANTANDER,RAFAEL,TRANSFERENCIA,2022-02-27T18:36:26,4165.70
1044,0001,SANTANDER,ANA,TRANSFERENCIA,2022-01-28T14:40:03,3283.55
1044,0002,SANTANDER,RAFAEL,TRANSFERENCIA,2022-01-29T10:18:50,2443.36
1044,0002,SANTANDER,RAFAEL,TRANSFERENCIA,2022-02-17T00:33:10,4005.84
3320,0004,SANTANDER,ANA,TRANSFERENCIA,2022-02-14T11:47:47,4562.56
9999,0002,SANTANDER,FELIPE,DEPOSITO,2022-02-02T23:56:50,1724.77
1044,0001,SANTANDER,CARLOS,SAQUE,2022-01-12T20:33:30,107.62
1520,0004,SANTANDER,BIA,TRANSFERENCIA,2022-02-08T18:47:49,593.15
2220,0007,SANTANDER,RAFAEL,DEPOSITO,2022-01-28T03:54:03,1859.45
9999,0001,SANTANDER,ANA,DEPOSITO,2022-02-23T01:11:16,1902.00
3320,0007,SANTANDER,BIA,SAQUE,2022-01-21T20:52:38,1185.34
1044,0002,SANTANDER,JOAO,SAQUE,2022-01-13T09:54:49,3272.12
1044,0002,SANTANDER,BIA,DEPOSITO,2022-01-18T19:07:27,4331.91
1044,0007,SANTANDER,JULIA,DEPOSITO,2022-02-17T07:55:53,3341.30
3320,0001,SANTANDER,FELIPE,DEPOSITO,2022-01-16T08:26:31,1557.96
9999,0007,SANTANDER,JOAO,SAQUE,2022-01-22T10:41:42,4999.07
1520,0001,SANTANDER,PAULA,DEPOSITO,2022-01-12T20:05:53,2453.17
3320,0004,SANTANDER,RAFAEL,SAQUE,2022-02-09T22:17:46,711.20
1044,0002,SANTANDER,MARIA,DEPOSITO,2022-01-09T09:39:39,1699.63
9999,0004,SANTANDER,CARLOS,SAQUE,2022-02-23T17:02:12,2477.86
9999,0007,SANTANDER,MARIA,DEPOSITO,2022-01-07T15:28:27,1155.67
9999,0002,SANTANDER,ANA,TRANSFERENCIA,2022-02-19T20:32:25,3404.60
1520,0001,SANTANDER,ANA,DEPOSITO,2022-02-22T06:50:07,4483.12
3320,0004,SANTANDER,BRUNO,SAQUE,2022-02-16T23:35:27,1065.41
2220,0004,SANTANDER,JULIA,TRANSFERENCIA,2022-01-20T14:55:39,4278.31
2220,0001,SANTANDER,FELIPE,SAQUE,2022-02-28T04:51:15,3082.31
9999,0007,SANTANDER,RAFAEL,TRANSFERENCIA,2022-02-16T04:19:59,2792.22
3320,0007,SANTANDER,PAULA,DEPOSITO,2022-01-10T23:46:21,1573.14
2220,0007,SANTANDER,FELIPE,SAQUE,2022-02-27T06:37:11,2198.48
1044,0001,SANTANDER,BRUNO,DEPOSITO,2022-02-27T13:17:09,520.10
3320,0004,SANTANDER,BRUNO,TRANSFERENCIA,2022-02-02T00:05:37,2827.30
1044,0004,SANTANDER,MARIA,DEPOSITO,2022-01-28T17:34:36,4108.23
3320,0002,SANTANDER,MARIA,SAQUE,2022-01-09T11:04:34,1599.89
9999,0004,SANTANDER,CARLOS,SAQUE,2022-01-17T12:28:26,1934.82
3320,0001,SANTANDER,RAFAEL,SAQUE,2022-02-08T04:10:35,3583.13
1520,0002,SANTANDER,BRUNO,SAQUE,2022-01-17T11:37:09,1155.25
1044,0001,SANTANDER,RAFAEL,DEPOSITO,2022-01-17T16:08:08,723.93
1520,0007,SANTANDER,ANA,DEPOSITO,2022-01-10T01:20:33,997.15
1520,0007,SANTANDER,JULIA,TRANSFERENCIA,2022-02-20T01:20:34,4773.83
1520,0004,SANTANDER,RAFAEL,DEPOSITO,2022-02-01T04:42:46,4766.21
1044,0002,SANTANDER,JOAO,SAQUE,2022-02-15T01:40:39,3229.01
1044,0007,SANTANDER,PAULA,DEPOSITO,2022-01-29T06:06:00,606.41
1044,0007,SANTANDER,ANA,SAQUE,2022-02-18T16:24:28,1050.63
2220,0002,SANTANDER,JULIA,SAQUE,2022-02-05T14:54:35,1109.23
3320,0007,SANTANDER,JULIA,SAQUE,2022-02-02T06:49:25,2284.34
1044,0007,SANTANDER,RAFAEL,DEPOSITO,2022-02-09T05:04:18,4373.93
2220,0001,SANTANDER,FELIPE,DEPOSITO,2022-01-03T06:07:32,2282.96
2220,0007,SANTANDER,BRUNO,SAQUE,2022-02-07T12:44:08,2878.32
1044,0001,SANTANDER,RAFAEL,DEPOSITO,2022-01-15T08:49:30,2133.26
1520,0007,SANTANDER,RAFAEL,TRANSFERENCIA,2022-02-09T18:48:09,1862.89
3320,0002,SANTANDER,BRUNO,DEPOSITO,2022-02-18T04:49:05,1356.45
1520,0004,SANTANDER,MARIA,SAQUE,2022-01-27T09:51:27,70.99
1044,0002,SANTANDER,BIA,DEPOSITO,2022-02-20T12:35:15,1418.38
3320,0004,SANTANDER,BIA,DEPOSITO,2022-01-05T20:42:15,36.61
1520,0002,SANTANDER,JOAO,TRANSFERENCIA,2022-02-17T09:45:01,529.27
3320,0001,SANTANDER,BIA,SAQUE,2022-02-26T11:31:07,3157.39
3320,0007,SANTANDER,MARIA,TRANSFERENCIA,2022-01-10T05:34:32,2530.26
9999,0002,SANTANDER,RAFAEL,SAQUE,2022-02-21T20:58:34,2389.90
9999,0002,SANTANDER,MARIA,DEPOSITO,2022-02-02T06:42:56,14.64
9999,0001,SANTANDER,PAULA,TRANSFERENCIA,2022-02-05T03:36:48,2283.54
1520,0001,SANTANDER,RAFAEL,SAQUE,2022-02-20T11:30:35,2155.77
2220,0004,SANTANDER,FELIPE,SAQUE,2022-02-09T22:51:26,656.71
9999,0001,SANTANDER,ANA,SAQUE,2022-02-20T07:47:56,3073.75
3320,0001,SANTANDER,BRUNO,DEPOSITO,2022-02-02T17:15:25,3968.35
1520,0007,SANTANDER,PAULA,SAQUE,2022-01-08T13:02:43,1031.93
9999,0007,SANTANDER,CARLOS,TRANSFERENCIA,2022-01-24T21:10:05,579.49
1044,0002,SANTANDER,PAULA,TRANSFERENCIA,2022-02-11T10:20:37,4000.72
1044,0004,SANTANDER,BIA,SAQUE,2022-02-17T18:06:09,2115.94
1044,0001,SANTANDER,MARIA,TRANSFERENCIA,2022-01-13T09:11:20,1603.12
2220,0004,SANTANDER,MARIA,DEPOSITO,2022-01-21T19:49:00,2981.10
2220,0002,SANTANDER,PAULA,SAQUE,2022-02-02T00:17:38,1259.91
3320,0007,SANTANDER,FELIPE,TRANSFERENCIA,2022-01-10T00:42:35,4342.37
3320,0004,SANTANDER,MARIA,SAQUE,2022-02-02T09:41:18,118.44
3320,0004,SANTANDER,BRUNO,SAQUE,2022-02-15T23:04:43,1556.51
9999,0007,SANTANDER,RAFAEL,DEPOSITO,2022-02-01T15:05:03,2229.81
1044,0007,SANTANDER,ANA,DEPOSITO,2022-01-25T13:24:39,2694.69
1520,0007,SANTANDER,JULIA,TRANSFERENCIA,2022-02-24T03:35:34,3297.96
1520,0002,SANTANDER,ANA,DEPOSITO,2022-02-19T12:37:38,2716.96
2220,0007,SANTANDER,CARLOS,SAQUE,2022-02-04T02:43:51,291.36
1520,0004,SANTANDER,MARIA,SAQUE,2022-01-31T03:09:01,3820.97
2220,0004,SANTANDER,JOAO,TRANSFERENCIA,2022-02-10T08:51:25,1616.76
2220,0007,SANTANDER,JULIA,TRANSFERENCIA,2022-02-17T14:41:11,3946.23
1044,0007,SANTANDER,PAULA,SAQUE,2022-01-23T04:22:46,1540.31
3320,0004,SANTANDER,JULIA,TRANSFERENCIA,2022-02-20T08:30:16,4179.35
3320,0004,SANTANDER,MARIA,SAQUE,2022-02-11T03:50:06,1843.85
2220,0002,SANTANDER,BIA,TRANSFERENCIA,2022-02-13T06:10:21,2108.48
2220,0004,SANTANDER,BRUNO,SAQUE,2022-01-05T03:19:30,4383.62
2220,0001,SANTANDER,JULIA,TRANSFERENCIA,2022-01-23T15:09:14,1070.79
2220,0007,SANTANDER,PAULA,DEPOSITO,2022-01-25T20:20:36,1557.66
1520,0001,SANTANDER,RAFAEL,DEPOSITO,2022-01-20T16:57:39,2927.46
1520,0001,SANTANDER,RAFAEL,SAQUE,2022-01-06T08:05:16,4510.63
3320,0004,SANTANDER,JOAO,TRANSFERENCIA,2022-01-24T20:04:49,1677.32
9999,0002,SANTANDER,PAULA,TRANSFERENCIA,2022-01-12T00:07:57,4597.63
2220,0002,SANTANDER,FELIPE,SAQUE,2022-01-21T12:03:01,399.59
1520,0007,SANTANDER,BRUNO,DEPOSITO,2022-01-28T07:47:50,4505.78
1044,0001,SANTANDER,RAFAEL,DEPOSITO,2022-02-16T02:34:24,2544.36
9999,0007,SANTANDER,BIA,DEPOSITO,2022-02-21T01:33:33,2745.99
1044,0004,SANTANDER,RAFAEL,TRANSFERENCIA,2022-02-17T17:30:44,3096.47
1044,0007,SANTANDER,BIA,DEPOSITO,2022-01-09T06:46:06,495.67
9999,0001,SANTANDER,PAULA,TRANSFERENCIA,2022-01-29T12:23:26,2084.27
9999,0001,SANTANDER,BRUNO,TRANSFERENCIA,2022-01-18T04:15:07,3999.79
9999,0004,SANTANDER,MARIA,SAQUE,2022-02-22T07:44:57,4301.66
3320,0002,SANTANDER,PAULA,TRANSFERENCIA,2022-02-20T04:06:14,4810.83
2220,0007,SANTANDER,RAFAEL,TRANSFERENCIA,2022-02-28T21:06:46,2856.94
1044,0002,SANTANDER,JOAO,SAQUE,2022-01-23T05:33:14,937.24
2220,0004,SANTANDER,JOAO,TRANSFERENCIA,2022-01-23T04:00:26,4980.20
1044,0002,SANTANDER,CARLOS,SAQUE,2022-01-10T09:11:16,1363.63
3320,0001,SANTANDER,PAULA,DEPOSITO,2022-02-06T07:17:36,4219.69
3320,0002,SANTANDER,ANA,SAQUE,2022-02-24T15:32:23,1411.88
1044,0007,SANTANDER,BRUNO,SAQUE,2022-01-25T03:31:56,3560.28
9999,0007,SANTANDER,MARIA,SAQUE,2022-02-22T10:09:24,1353.10
9999,0002,SANTANDER,BIA,DEPOSITO,2022-01-06T05:13:01,1505.82
1044,0002,SANTANDER,RAFAEL,DEPOSITO,2022-02-22T16:41:22,2221.66
1520,0002,SANTANDER,BIA,DEPOSITO,2022-02-09T22:06:35,2455.08
3320,0001,SANTANDER,JULIA,DEPOSITO,2022-01-30T03:06:01,3155.48
2220,0001,SANTANDER,CARLOS,TRANSFERENCIA,2022-01-23T00:12:07,4935.73
1520,0004,SANTANDER,JULIA,TRANSFERENCIA,2022-02-19T17:18:08,3135.03
1044,0004,SANTANDER,JULIA,SAQUE,2022-01-18T07:21:28,4350.85
1520,0001,SANTANDER,RAFAEL,DEPOSITO,2022-02-26T00:27:20,4613.19
1044,0001,SANTANDER,JOAO,SAQUE,2022-01-28T03:40:18,520.90
2220,0001,SANTANDER,JULIA,DEPOSITO,2022-01-25T10:06:13,917.44
3320,0007,SANTANDER,JULIA,SAQUE,2022-01-08T12:52:39,1023.58
3320,0004,SANTANDER,MARIA,DEPOSITO,2022-02-12T16:52:22,620.46
9999,0007,SANTANDER,BRUNO,SAQUE,2022-01-08T06:25:45,3798.46
2220,0004,SANTANDER,FELIPE,TRANSFERENCIA,2022-01-18T05:58:01,493.63
1520,0007,SANTANDER,FELIPE,DEPOSITO,2022-01-26T23:28:29,2710.37
3320,0001,SANTANDER,ANA,SAQUE,2022-02-16T14:48:57,3833.38
1520,0007,SANTANDER,BIA,DEPOSITO,2022-01-23T21:47:20,401.81
3320,0004,SANTANDER,JOAO,TRANSFERENCIA,2022-01-27T15:29:43,2934.32
1520,0007,SANTANDER,ANA,SAQUE,2022-02-08T11:40:00,1961.45
2220,0001,SANTANDER,CARLOS,DEPOSITO,2022-02-17T00:21:04,258.52
2220,0004,SANTANDER,RAFAEL,TRANSFERENCIA,2022-02-12T02:06:19,3894.56
2220,0002,SANTANDER,JULIA,DEPOSITO,2022-02-19T15:55:34,1860.80
2220,0007,SANTANDER,MARIA,TRANSFERENCIA,2022-02-14T23:07:08,615.77
1520,0002,SANTANDER,BIA,SAQUE,2022-02-17T19:58:03,1899.04
2220,0001,SANTANDER,PAULA,TRANSFERENCIA,2022-01-02T02:20:57,8.22
3320,0007,SANTANDER,BIA,DEPOSITO,2022-01-16T14:45:07,3683.06
1044,0004,SANTANDER,FELIPE,DEPOSITO,2022-02-19T02:32:02,4952.11
1044,0002,SANTANDER,JOAO,TRANSFERENCIA,2022-01-02T00:45:57,1097.85
9999,0007,SANTANDER,RAFAEL,TRANSFERENCIA,2022-01-04T21:10:40,2100.80
1044,0007,SANTANDER,ANA,TRANSFERENCIA,2022-01-30T20:33:57,3689.20
1520,0007,SANTANDER,RAFAEL,TRANSFERENCIA,2022-01-30T12:26:11,3005.66
9999,0007,SANTANDER,CARLOS,TRANSFERENCIA,2022-01-19T18:40:44,3494.19
1520,0002,SANTANDER,BIA,SAQUE,2022-01-17T04:49:25,1891.06
2220,0007,SANTANDER,JOAO,TRANSFERENCIA,2022-01-21T02:22:59,2352.72
1044,0007,SANTANDER,RAFAEL,DEPOSITO,2022-01-28T20:38:04,1639.07
2220,0004,SANTANDER,JULIA,SAQUE,2022-02-26T07:28:22,717.42
2220,0004,SANTANDER,JULIA,SAQUE,2022-02-19T01:21:50,559.01
3320,0002,SANTANDER,FELIPE,DEPOSITO,2022-02-14T17:01:50,1853.84
1044,0001,SANTANDER,FELIPE,SAQUE,2022-02-10T22:18:46,1966.78
3320,0004,SANTANDER,JOAO,TRANSFERENCIA,2022-01-28T07:20:57,4191.67
1044,0004,SANTANDER,PAULA,SAQUE,2022-01-10T12:27:39,1433.06
9999,0002,SANTANDER,BRUNO,DEPOSITO,2022-01-18T05:10:31,728.30
1044,0007,SANTANDER,PAULA,DEPOSITO,2022-01-01T05:41:15,1007.97
9999,0002,SANTANDER,RAFAEL,SAQUE,2022-02-16T17:28:35,4809.03
1520,0001,SANTANDER,FELIPE,DEPOSITO,2022-01-31T16:37:31,2628.56
9999,0007,SANTANDER,CARLOS,SAQUE,2022-02-14T15:28:05,3276.56
3320,0007,SANTANDER,BIA,DEPOSITO,2022-02-28T13:11:51,1223.81
3320,0002,SANTANDER,JULIA,TRANSFERENCIA,2022-01-19T23:59:40,3622.51
9999,0007,SANTANDER,BRUNO,TRANSFERENCIA,2022-02-19T17:54:18,1052.05
2220,0002,SANTANDER,ANA,TRANSFERENCIA,2022-01-12T22:03:08,4798.00
3320,0007,SANTANDER,RAFAEL,SAQUE,2022-02-06T18:53:06,1743.61
3320,0002,SANTANDER,ANA,SAQUE,2022-02-17T16:28:29,4041.54
9999,0002,SANTANDER,PAULA,TRANSFERENCIA,2022-02-17T14:55:14,1164.99
1044,0002,SANTANDER,MARIA,TRANSFERENCIA,2022-02-28T14:33:59,2614.32
2220,0004,SANTANDER,BIA,DEPOSITO,2022-01-03T23:01:29,3334.80
3320,0004,SANTANDER,FELIPE,TRANSFERENCIA,2022-02-04T01:35:01,288.51
2220,0007,SANTANDER,FELIPE,TRANSFERENCIA,2022-01-15T23:27:14,2042.22
2220,0002,SANTANDER,RAFAEL,SAQUE,2022-01-06T11:50:10,2248.17
2220,0007,SANTANDER,PAULA,TRANSFERENCIA,2022-02-10T03:05:01,4809.18
3320,0007,SANTANDER,MARIA,TRANSFERENCIA,2022-01-07T13:32:37,4916.50
1520,0004,SANTANDER,BIA,DEPOSITO,2022-01-26T16:57:28,4536.99
9999,0002,SANTANDER,JULIA,SAQUE,2022-02-05T02:28:28,1078.45
2220,0004,SANTANDER,JOAO,TRANSFERENCIA,2022-02-11T05:04:40,790.00
1044,0002,SANTANDER,BRUNO,SAQUE,2022-01-06T08:56:00,3546.22
3320,0002,SANTANDER,CARLOS,TRANSFERENCIA,2022-02-15T20:23:09,2490.99
2220,0004,SANTANDER,MARIA,TRANSFERENCIA,2022-02-22T02:14:33,1369.44
9999,0001,SANTANDER,BIA,TRANSFERENCIA,2022-02-09T16:42:19,3771.71
1520,0002,SANTANDER,FELIPE,TRANSFERENCIA,2022-01-30T05:43:13,108.17
3320,0004,SANTANDER,PAULA,SAQUE,2022-01-26T16:07:00,2336.07
3320,0004,SANTANDER,PAULA,SAQUE,2022-02-08T12:28:07,3302.94
9999,0004,SANTANDER,JOAO,SAQUE,2022-02-15T03:42:08,700.22
1044,0002,SANTANDER,RAFAEL,TRANSFERENCIA,2022-02-04T10:59:53,2623.83
1520,0001,SANTANDER,BIA,TRANSFERENCIA,2022-02-27T04:00:30,4564.93
2220,0007,SANTANDER,BIA,SAQUE,2022-01-26T23:53:30,3224.72
1044,0001,SANTANDER,ANA,SAQUE,2022-01-26T22:48:55,3082.10
1044,0007,SANTANDER,JULIA,DEPOSITO,2022-02-28T23:15:02,2439.38
1044,0002,SANTANDER,CARLOS,DEPOSITO,2022-01-23T19:14:27,4957.00
1044,0007,SANTANDER,MARIA,TRANSFERENCIA,2022-01-06T23:18:07,2437.12
9999,0007,SANTANDER,PAULA,SAQUE,2022-01-15T12:21:27,804.35
2220,0004,SANTANDER,BRUNO,TRANSFERENCIA,2022-01-09T05:04:14,3781.26
1044,0002,SANTANDER,JULIA,SAQUE,2022-01-02T00:24:54,739.65
1520,0002,SANTANDER,PAULA,DEPOSITO,2022-01-06T19:32:25,4280.48
2220,0007,SANTANDER,BIA,DEPOSITO,2022-02-12T10:02:39,3469.27
3320,0001,SANTANDER,ANA,SAQUE,2022-01-25T11:32:16,1792.37
9999,0007,SANTANDER,BIA,TRANSFERENCIA,2022-01-01T22:45:53,585.96
2220,0001,SANTANDER,FELIPE,SAQUE,2022-02-18T08:19:43,1710.86
1520,0001,SANTANDER,JOAO,DEPOSITO,2022-01-08T20:27:31,4754.68
1044,0004,SANTANDER,BIA,SAQUE,2022-02-26T20:07:53,4468.60
3320,0002,SANTANDER,CARLOS,DEPOSITO,2022-01-31T22:54:04,1780.25
2220,0004,SANTANDER,FELIPE,SAQUE,2022-01-18T14:55:12,636.72
1044,0004,SANTANDER,CARLOS,SAQUE,2022-01-19T09:39:00,3109.88
9999,0004,SANTANDER,MARIA,DEPOSITO,2022-02-09T00:47:21,2820.48
3320,0002,SANTANDER,JOAO,SAQUE,2022-02-23T13:23:45,396.60
2220,0004,SANTANDER,BIA,SAQUE,2022-02-16T18:15:59,67.29
2220,0004,SANTANDER,MARIA,SAQUE,2022-02-11T21:11:33,4111.29
3320,0007,SANTANDER,MARIA,TRANSFERENCIA,2022-01-07T04:26:14,4039.34
9999,0007,SANTANDER,CARLOS,SAQUE,2022-02-18T18:53:14,3240.99
1520,0007,SANTANDER,JULIA,SAQUE,2022-02-06T11:34:25,2889.96
9999,0002,SANTANDER,RAFAEL,SAQUE,2022-01-07T17:21:47,1377.70
3320,0007,SANTANDER,RAFAEL,TRANSFERENCIA,2022-02-28T11:55:11,3788.80
9999,0007,SANTANDER,FELIPE,TRANSFERENCIA,2022-02-25T22:50:38,4808.90
3320,0001,SANTANDER,FELIPE,TRANSFERENCIA,2022-01-28T20:31:13,282.98
3320,0001,SANTANDER,RAFAEL,DEPOSITO,2022-01-05T14:17:53,1602.77
1520,0002,SANTANDER,MARIA,TRANSFERENCIA,2022-01-10T07:34:24,749.70
2220,0001,SANTANDER,CARLOS,TRANSFERENCIA,2022-02-23T00:58:36,1770.07
9999,0007,SANTANDER,ANA,DEPOSITO,2022-02-23T13:22:21,340.74
1044,0004,SANTANDER,JOAO,TRANSFERENCIA,2022-01-24T11:27:48,2718.52
2220,0004,SANTANDER,CARLOS,DEPOSITO,2022-01-07T17:40:34,3111.41
3320,0007,SANTANDER,JOAO,TRANSFERENCIA,2022-02-06T04:35:24,1268.18
2220,0004,SANTANDER,RAFAEL,DEPOSITO,2022-01-04T14:03:37,1681.93
2220,0002,SANTANDER,JULIA,SAQUE,2022-01-05T14:12:40,4168.59
2220,0001,SANTANDER,BIA,TRANSFERENCIA,2022-01-30T23:23:59,1361.80
2220,0001,SANTANDER,ANA,SAQUE,2022-01-10T10:55:58,693.50
3320,0004,SANTANDER,JOAO,DEPOSITO,2022-02-08T07:47:36,3142.25
2220,0007,SANTANDER,JOAO,DEPOSITO,2022-01-03T19:47:36,4922.57
9999,0001,SANTANDER,RAFAEL,DEPOSITO,2022-02-06T04:14:59,3481.47
2220,0004,SANTANDER,PAULA,TRANSFERENCIA,2022-02-25T18:39:12,1064.59
2220,0002,SANTANDER,BIA,SAQUE,2022-02-28T10:23:25,1542.61
1044,0002,SANTANDER,PAULA,SAQUE,2022-02-25T01:05:25,4216.82
1520,0002,SANTANDER,ANA,SAQUE,2022-01-09T00:35:10,3469.84
9999,0007,SANTANDER,JOAO,TRANSFERENCIA,2022-01-13T02:41:14,135.51
2220,0007,SANTANDER,CARLOS,DEPOSITO,2022-01-07T22:00:57,4546.50
1044,0002,SANTANDER,CARLOS,TRANSFERENCIA,2022-01-23T02:59:38,842.52
1520,0001,SANTANDER,BIA,SAQUE,2022-01-13T16:42:54,2184.84
2220,0002,SANTANDER,JULIA,DEPOSITO,2022-02-13T16:37:04,961.54
9999,0001,SANTANDER,JULIA,SAQUE,2022-01-01T17:19:37,3060.75
9999,0002,SANTANDER,MARIA,DEPOSITO,2022-02-05T22:09:00,4891.21
3320,0007,SANTANDER,RAFAEL,SAQUE,2022-01-21T03:00:33,1544.13
3320,0002,SANTANDER,FELIPE,TRANSFERENCIA,2022-02-13T00:12:22,1322.08
3320,0004,SANTANDER,BRUNO,DEPOSITO,2022-02-09T04:01:00,4822.08
9999,0007,SANTANDER,BRUNO,TRANSFERENCIA,2022-01-04T07:23:40,3739.84
1044,0001,SANTANDER,JOAO,SAQUE,2022-02-04T23:34:33,4537.19
9999,0004,SANTANDER,JULIA,TRANSFERENCIA,2022-01-12T05:55:30,1638.80
1044,0001,SANTANDER,MARIA,DEPOSITO,2022-01-27T04:07:03,1105.14
9999,0004,SANTANDER,PAULA,TRANSFERENCIA,2022-01-11T08:14:42,2799.53
1520,0007,SANTANDER,PAULA,TRANSFERENCIA,2022-01-27T13:51:34,3096.50
1520,0004,SANTANDER,RAFAEL,TRANSFERENCIA,2022-01-12T02:42:31,1738.42
1520,0004,SANTANDER,CARLOS,DEPOSITO,2022-02-09T10:50:51,464.19
9999,0004,SANTANDER,CARLOS,SAQUE,2022-02-14T02:13:56,466.92
1520,0007,SANTANDER,ANA,DEPOSITO,2022-01-14T17:43:25,4553.59
2220,0007,SANTANDER,RAFAEL,TRANSFERENCIA,2022-02-05T03:36:15,1453.18
1044,0004,SANTANDER,JULIA,TRANSFERENCIA,2022-02-08T17:50:30,1099.94
2220,0007,SANTANDER,BRUNO,DEPOSITO,2022-02-28T16:33:53,3103.98
1044,0001,SANTANDER,FELIPE,TRANSFERENCIA,2022-01-23T04:45:14,1378.38
3320,0002,SANTANDER,RAFAEL,SAQUE,2022-02-11T13:01:53,905.85
2220,0007,SANTANDER,CARLOS,TRANSFERENCIA,2022-01-31T01:42:42,3069.90
1520,0007,SANTANDER,MARIA,DEPOSITO,2022-02-07T08:56:43,4432.59
9999,0002,SANTANDER,BRUNO,SAQUE,2022-02-02T12:57:35,2687.94
1520,0004,SANTANDER,JULIA,SAQUE,2022-01-09T10:01:52,3291.65
1520,0002,SANTANDER,MARIA,TRANSFERENCIA,2022-01-20T02:59:02,1728.19
1520,0001,SANTANDER,PAULA,SAQUE,2022-01-16T21:48:33,2426.25
1044,0007,SANTANDER,JULIA,DEPOSITO,2022-01-30T18:42:09,2281.75
9999,0002,SANTANDER,PAULA,SAQUE,2022-01-18T01:26:12,1134.09
9999,0001,SANTANDER,PAULA,DEPOSITO,2022-01-08T09:25:33,3051.14
2220,0002,SANTANDER,FELIPE,DEPOSITO,2022-02-20T16:54:39,2731.88
9999,0004,SANTANDER,JULIA,SAQUE,2022-01-21T22:04:26,3173.31
1044,0007,SANTANDER,CARLOS,SAQUE,2022-02-21T05:41:05,2237.69
2220,0004,SANTANDER,JOAO,DEPOSITO,2022-01-19T23:05:45,3050.79
3320,0007,SANTANDER,MARIA,TRANSFERENCIA,2022-02-17T07:01:58,1736.72
1044,0007,SANTANDER,PAULA,TRANSFERENCIA,2022-02-25T12:14:40,4050.25
1520,0007,SANTANDER,MARIA,TRANSFERENCIA,2022-01-24T14:02:05,3704.13
1044,0002,SANTANDER,ANA,SAQUE,2022-01-09T09:09:47,2530.69
9999,0004,SANTANDER,CARLOS,DEPOSITO,2022-01-31T09:52:28,390.56
3320,0004,SANTANDER,MARIA,DEPOSITO,2022-01-13T13:26:22,2569.85
2220,0002,SANTANDER,CARLOS,TRANSFERENCIA,2022-01-25T09:06:36,31.32
2220,0001,SANTANDER,PAULA,SAQUE,2022-02-06T22:56:31,1260.35
1520,0004,SANTANDER,CARLOS,DEPOSITO,2022-01-21T14:47:57,4996.65
2220,0004,SANTANDER,FELIPE,SAQUE,2022-01-10T08:33:59,4095.17
2220,0001,SANTANDER,CARLOS,DEPOSITO,2022-01-11T14:23:55,1898.62
1044,0001,SANTANDER,ANA,DEPOSITO,2022-01-23T03:02:46,939.76
2220,0004,SANTANDER,JOAO,TRANSFERENCIA,2022-01-09T14:31:23,1008.83
1520,0007,SANTANDER,RAFAEL,SAQUE,2022-01-02T12:21:13,3093.62
2220,0001,SANTANDER,BIA,DEPOSITO,2022-02-16T18:57:38,3212.13
1044,0004,SANTANDER,MARIA,DEPOSITO,2022-02-26T14:11:47,1792.81
1044,0004,SANTANDER,ANA,TRANSFERENCIA,2022-01-19T09:23:26,2713.63
3320,0007,SANTANDER,RAFAEL,SAQUE,2022-02-15T08:11:13,875.02
2220,0007,SANTANDER,MARIA,TRANSFERENCIA,2022-01-05T19:36:30,2675.96
3320,0001,SANTANDER,BRUNO,TRANSFERENCIA,2022-01-31T04:31:42,2647.79
2220,0002,SANTANDER,JULIA,TRANSFERENCIA,2022-01-03T06:03:10,4116.08
9999,0001,SANTANDER,PAULA,SAQUE,2022-01-31T06:23:03,3617.59
2220,0004,SANTANDER,CARLOS,DEPOSITO,2022-01-01T07:28:17,1181.28
1520,0007,SANTANDER,JOAO,DEPOSITO,2022-02-04T17:18:33,3566.32
1520,0001,SANTANDER,RAFAEL,SAQUE,2022-02-19T19:56:52,2397.56
3320,0001,SANTANDER,JOAO,SAQUE,2022-02-17T20:43:41,3191.11
2220,0002,SANTANDER,FELIPE,DEPOSITO,2022-01-18T19:13:19,832.47
2220,0002,SANTANDER,BRUNO,TRANSFERENCIA,2022-02-01T10:55:11,297.19
3320,0002,SANTANDER,BRUNO,SAQUE,2022-02-02T05:30:01,2926.10
1044,0007,SANTANDER,JULIA,DEPOSITO,2022-01-21T11:18:10,1637.53
3320,0002,SANTANDER,BRUNO,TRANSFERENCIA,2022-02-05T12:57:48,1301.62
3320,0001,SANTANDER,ANA,SAQUE,2022-02-24T16:39:46,2341.72
3320,0004,SANTANDER,ANA,SAQUE,2022-01-19T21:46:27,3385.56
1044,0007,SANTANDER,CARLOS,SAQUE,2022-02-10T20:33:26,297.12
2220,0001,SANTANDER,JOAO,TRANSFERENCIA,2022-02-24T12:46:29,3111.14
2220,0002,SANTANDER,PAULA,DEPOSITO,2022-01-02T01:47:51,3503.58
1520,0004,SANTANDER,JULIA,SAQUE,2022-02-07T13:11:49,1455.51
1520,0001,SANTANDER,JULIA,DEPOSITO,2022-02-05T15:36:28,2100.03
1520,0002,SANTANDER,ANA,DEPOSITO,2022-01-17T19:53:52,2140.66
1520,0007,SANTANDER,FELIPE,TRANSFERENCIA,2022-02-25T20:15:19,3294.78
3320,0002,SANTANDER,RAFAEL,DEPOSITO,2022-01-20T18:31:43,1800.64
2220,0002,SANTANDER,RAFAEL,TRANSFERENCIA,2022-02-27T22:53:25,1596.64
9999,0004,SANTANDER,ANA,TRANSFERENCIA,2022-02-24T21:05:11,836.95
1044,0001,SANTANDER,PAULA,DEPOSITO,2022-02-17T04:47:14,1611.08
9999,0004,SANTANDER,BIA,DEPOSITO,2022-02-14T12:11:48,1777.48
1044,0004,SANTANDER,MARIA,SAQUE,2022-02-19T23:50:06,4230.16
9999,0004,SANTANDER,BRUNO,SAQUE,2022-02-22T01:08:05,941.50
2220,0007,SANTANDER,BRUNO,DEPOSITO,2022-02-14T02:02:46,292.08
1520,0001,SANTANDER,MARIA,SAQUE,2022-01-13T09:22:36,3137.41
3320,0002,SANTANDER,RAFAEL,DEPOSITO,2022-02-04T14:33:33,3930.34
1044,0002,SANTANDER,MARIA,DEPOSITO,2022-01-28T21:19:32,3685.73
3320,0004,SANTANDER,CARLOS,TRANSFERENCIA,2022-02-02T04:33:33,3772.86
2220,0004,SANTANDER,BIA,TRANSFERENCIA,2022-02-21T02:32:55,3561.12
3320,0007,SANTANDER,RAFAEL,SAQUE,2022-02-24T13:23:11,3465.98
1044,0002,SANTANDER,ANA,DEPOSITO,2022-01-21T21:17:22,180.55
3320,0004,SANTANDER,JULIA,DEPOSITO,2022-01-17T18:50:16,4822.40
1044,0001,SANTANDER,PAULA,SAQUE,2022-01-28T19:39:34,3948.98
2220,0001,SANTANDER,BRUNO,TRANSFERENCIA,2022-02-25T17:32:17,3201.96
3320,0004,SANTANDER,PAULA,SAQUE,2022-02-04T18:03:21,2379.65
1044,0007,SANTANDER,MARIA,SAQUE,2022-02-22T23:12:24,233.08
1520,0001,SANTANDER,JULIA,SAQUE,2022-01-16T18:16:03,898.37
1520,0002,SANTANDER,JULIA,TRANSFERENCIA,2022-02-02T20:10:55,4805.92
1520,0002,SANTANDER,MARIA,DEPOSITO,2022-02-27T21:30:26,2560.61
3320,0002,SANTANDER,FELIPE,TRANSFERENCIA,2022-02-04T11:25:07,4556.20
1520,0004,SANTANDER,FELIPE,SAQUE,2022-02-09T17:42:04,4094.38
3320,0007,SANTANDER,FELIPE,SAQUE,2022-01-29T15:20:06,1321.15
3320,0007,SANTANDER,MARIA,DEPOSITO,2022-01-04T12:41:55,1334.09
1520,0007,SANTANDER,PAULA,TRANSFERENCIA,2022-02-12T18:39:02,2469.22
9999,0001,SANTANDER,MARIA,TRANSFERENCIA,2022-01-13T02:28:30,3194.70
9999,0001,SANTANDER,JULIA,SAQUE,2022-02-11T01:00:07,2684.13
3320,0002,SANTANDER,FELIPE,TRANSFERENCIA,2022-02-08T04:19:32,951.68
1044,0004,SANTANDER,BRUNO,TRANSFERENCIA,2022-01-04T22:39:29,1038.91
2220,0002,SANTANDER,MARIA,SAQUE,2022-02-03T03:06:46,2222.71
9999,0007,SANTANDER,JULIA,SAQUE,2022-01-20T10:37:26,3516.32
1520,0004,SANTANDER,CARLOS,DEPOSITO,2022-02-02T20:52:13,689.09
9999,0007,SANTANDER,BRUNO,TRANSFERENCIA,2022-01-16T16:39:07,3150.38
1520,0002,SANTANDER,JULIA,DEPOSITO,2022-02-11T16:48:52,1421.63
9999,0002,SANTANDER,JOAO,TRANSFERENCIA,2022-02-21T20:28:59,2168.52
9999,0001,SANTANDER,BIA,TRANSFERENCIA,2022-02-06T05:19:58,63.24
9999,0007,SANTANDER,PAULA,TRANSFERENCIA,2022-02-08T01:22:48,2847.95
9999,0002,SANTANDER,RAFAEL,SAQUE,2022-02-25T07:00:20,4990.95
1520,0004,SANTANDER,RAFAEL,TRANSFERENCIA,2022-02-14T16:09:52,1365.09
1520,0002,SANTANDER,JULIA,TRANSFERENCIA,2022-01-09T02:30:09,2993.53
1520,0001,SANTANDER,FELIPE,DEPOSITO,2022-01-09T20:08:57,1812.07
1520,0007,SANTANDER,ANA,TRANSFERENCIA,2022-02-08T11:48:10,4530.25
2220,0002,SANTANDER,ANA,SAQUE,2022-01-20T16:19:32,829.94
2220,0001,SANTANDER,FELIPE,TRANSFERENCIA,2022-02-27T14:06:50,3023.08
2220,0007,SANTANDER,RAFAEL,DEPOSITO,2022-02-21T18:04:26,1845.51
9999,0004,SANTANDER,JULIA,SAQUE,2022-01-09T15:08:15,1926.66
1520,0001,SANTANDER,BRUNO,DEPOSITO,2022-01-09T04:16:08,1524.18
9999,0004,SANTANDER,PAULA,SAQUE,2022-02-09T02:03:48,3670.56
1044,0002,SANTANDER,MARIA,SAQUE,2022-02-03T00:03:18,1768.98
2220,0001,SANTANDER,JOAO,SAQUE,2022-01-06T08:14:09,4991.44
3320,0007,SANTANDER,ANA,TRANSFERENCIA,2022-02-10T05:30:23,208.42
9999,0004,SANTANDER,RAFAEL,DEPOSITO,2022-02-13T19:45:25,3039.91
1044,0004,SANTANDER,JULIA,DEPOSITO,2022-01-16T15:24:21,942.51
1044,0004,SANTANDER,ANA,SAQUE,2022-01-10T20:19:39,844.95
9999,0007,SANTANDER,JOAO,DEPOSITO,2022-01-14T11:46:13,3213.84
1520,0001,SANTANDER,RAFAEL,SAQUE,2022-01-27T11:03:19,239.71
9999,0001,SANTANDER,ANA,SAQUE,2022-01-30T07:40:20,3726.03
1044,0001,SANTANDER,ANA,SAQUE,2022-02-24T05:03:48,1743.94
1520,0002,SANTANDER,CARLOS,DEPOSITO,2022-01-27T11:34:21,3576.18
9999,0007,SANTANDER,JULIA,DEPOSITO,2022-01-25T17:23:46,361.74
3320,0002,SANTANDER,BRUNO,DEPOSITO,2022-02-13T21:47:00,679.15
1044,0002,SANTANDER,BIA,TRANSFERENCIA,2022-01-18T07:28:56,1427.62
3320,0007,SANTANDER,JOAO,DEPOSITO,2022-01-13T06:45:02,1268.27
9999,0001,SANTANDER,PAULA,DEPOSITO,2022-01-27T20:10:03,692.02
3320,0007,SANTANDER,RAFAEL,TRANSFERENCIA,2022-02-02T18:14:48,3757.59
3320,0007,SANTANDER,BRUNO,TRANSFERENCIA,2022-01-18T04:16:19,96.78
1520,0001,SANTANDER,FELIPE,SAQUE,2022-01-30T18:34:13,3916.94
2220,0007,SANTANDER,MARIA,DEPOSITO,2022-01-16T11:48:33,3896.94
9999,0001,SANTANDER,BIA,DEPOSITO,2022-01-01T03:43:51,807.82
9999,0007,SANTANDER,BIA,TRANSFERENCIA,2022-01-02T11:40:03,3037.37
3320,0004,SANTANDER,MARIA,TRANSFERENCIA,2022-01-31T21:21:22,3114.12
1520,0007,SANTANDER,ANA,TRANSFERENCIA,2022-01-21T16:50:58,1179.43
2220,0001,SANTANDER,FELIPE,TRANSFERENCIA,2022-02-04T00:13:33,4476.66
3320,0007,SANTANDER,BIA,DEPOSITO,2022-01-01T03:58:15,2657.39
1520,0004,SANTANDER,JULIA,DEPOSITO,2022-02-16T11:12:48,4605.23
9999,0007,SANTANDER,FELIPE,DEPOSITO,2022-01-20T06:06:05,2336.46
2220,0002,SANTANDER,JOAO,TRANSFERENCIA,2022-01-12T03:38:55,1617.33
3320,0002,SANTANDER,JOAO,SAQUE,2022-01-20T09:19:54,4624.87
3320,0004,SANTANDER,BRUNO,TRANSFERENCIA,2022-02-10T08:40:59,1358.77
1044,0001,SANTANDER,JULIA,SAQUE,2022-01-07T18:59:31,4614.93
1044,0001,SANTANDER,BIA,DEPOSITO,2022-02-18T20:25:49,1134.79
1044,0004,SANTANDER,FELIPE,SAQUE,2022-02-10T00:37:05,3280.38
3320,0001,SANTANDER,ANA,DEPOSITO,2022-01-21T14:37:01,89.07
9999,0001,SANTANDER,JULIA,TRANSFERENCIA,2022-01-31T05:06:20,3457.41
1520,0002,SANTANDER,MARIA,DEPOSITO,2022-02-06T23:45:02,3203.33
3320,0007,SANTANDER,BRUNO,DEPOSITO,2022-01-09T12:57:28,1036.57
1044,0007,SANTANDER,JULIA,DEPOSITO,2022-01-09T02:29:52,3734.70
1044,0004,SANTANDER,FELIPE,SAQUE,2022-02-20T00:07:30,3774.58
3320,0002,SANTANDER,FELIPE,DEPOSITO,2022-01-22T00:06:00,4153.78
9999,0004,SANTANDER,FELIPE,TRANSFERENCIA,2022-02-27T19:49:03,2234.82
9999,0002,SANTANDER,CARLOS,TRANSFERENCIA,2022-02-09T10:49:01,1777.08
2220,0007,SANTANDER,ANA,TRANSFERENCIA,2022-01-24T07:00:52,4992.62
3320,0004,SANTANDER,FELIPE,SAQUE,2022-02-28T23:24:02,2481.50
2220,0004,SANTANDER,JOAO,DEPOSITO,2022-01-29T00:04:36,442.58
3320,0001,SANTANDER,ANA,DEPOSITO,2022-01-04T23:19:29,778.66
1044,0007,SANTANDER,RAFAEL,SAQUE,2022-01-01T19:26:22,4417.69
2220,0004,SANTANDER,JOAO,SAQUE,2022-02-08T19:47:12,984.93
2220,0001,SANTANDER,JULIA,TRANSFERENCIA,2022-01-27T03:36:50,2856.04
1044,0001,SANTANDER,JOAO,TRANSFERENCIA,2022-02-03T14:49:28,627.72
9999,0007,SANTANDER,JULIA,DEPOSITO,2022-01-29T21:26:15,836.49
3320,0001,SANTANDER,FELIPE,DEPOSITO,2022-01-26T09:20:22,3421.38
1044,0002,SANTANDER,BRUNO,DEPOSITO,2022-02-10T14:25:38,2548.84
2220,0007,SANTANDER,PAULA,TRANSFERENCIA,2022-01-30T16:30:49,1949.96
3320,0007,SANTANDER,BIA,TRANSFERENCIA,2022-02-09T15:29:46,3546.57
1520,0001,SANTANDER,JULIA,SAQUE,2022-01-22T10:01:53,663.82
9999,0002,SANTANDER,MARIA,DEPOSITO,2022-01-01T02:43:08,855.91
2220,0007,SANTANDER,MARIA,TRANSFERENCIA,2022-02-25T00:26:33,1924.65
1044,0004,SANTANDER,BIA,SAQUE,2022-02-22T10:27:01,1759.82
1044,0007,SANTANDER,ANA,DEPOSITO,2022-01-12T23:02:15,4873.38
1520,0002,SANTANDER,RAFAEL,DEPOSITO,2022-02-26T14:51:48,4742.79
3320,0007,SANTANDER,JOAO,DEPOSITO,2022-02-20T01:03:02,4403.49
3320,0007,SANTANDER,BIA,DEPOSITO,2022-02-09T05:19:23,359.09
1520,0001,SANTANDER,BIA,DEPOSITO,2022-02-07T03:22:26,350.61
1044,0002,SANTANDER,BIA,SAQUE,2022-01-16T08:13:22,3658.86
2220,0001,SANTANDER,RAFAEL,TRANSFERENCIA,2022-02-02T12:34:42,3984.48
1520,0007,SANTANDER,BIA,SAQUE,2022-01-19T13:35:56,275.18
3320,0004,SANTANDER,PAULA,TRANSFERENCIA,2022-01-07T21:53:18,392.68
1520,0002,SANTANDER,PAULA,SAQUE,2022-01-03T09:07:39,4157.26
3320,0002,SANTANDER,RAFAEL,TRANSFERENCIA,2022-02-05T05:00:29,3192.52
1044,0001,SANTANDER,FELIPE,TRANSFERENCIA,2022-01-15T22:58:45,4907.78
1520,0007,SANTANDER,FELIPE,SAQUE,2022-01-20T03:02:49,229.50
3320,0002,SANTANDER,ANA,TRANSFERENCIA,2022-02-23T17:37:47,751.33
3320,0004,SANTANDER,MARIA,SAQUE,2022-01-12T15:32:39,4786.58
9999,0007,SANTANDER,PAULA,SAQUE,2022-02-22T12:47:44,4118.71
2220,0002,SANTANDER,PAULA,TRANSFERENCIA,2022-02-15T10:00:17,1950.72
2220,0002,SANTANDER,JULIA,DEPOSITO,2022-01-01T17:55:00,3174.45
1044,0002,SANTANDER,FELIPE,TRANSFERENCIA,2022-02-07T04:53:59,4049.23
2220,0004,SANTANDER,MARIA,DEPOSITO,2022-01-25T19:53:56,3431.81
9999,0007,SANTANDER,ANA,DEPOSITO,2022-01-27T06:54:00,990.57
2220,0002,SANTANDER,JOAO,DEPOSITO,2022-02-21T05:56:52,323.87
9999,0004,SANTANDER,BIA,TRANSFERENCIA,2022-01-12T23:27:09,2938.45
2220,0002,SANTANDER,JOAO,SAQUE,2022-02-27T07:11:29,2570.15
1520,0002,SANTANDER,JOAO,SAQUE,2022-02-20T06:22:28,1359.15
3320,0001,SANTANDER,CARLOS,SAQUE,2022-02-26T05:38:22,3527.57
1520,0001,SANTANDER,PAULA,TRANSFERENCIA,2022-02-09T19:51:38,1246.67
3320,0001,SANTANDER,ANA,SAQUE,2022-02-14T03:13:44,3765.46
1044,0004,SANTANDER,JOAO,DEPOSITO,2022-01-28T11:08:23,1196.00
3320,0007,SANTANDER,MARIA,TRANSFERENCIA,2022-01-17T03:01:18,2852.33
1520,0002,SANTANDER,RAFAEL,DEPOSITO,2022-01-26T14:28:12,3811.17
1520,0007,SANTANDER,MARIA,TRANSFERENCIA,2022-02-06T16:15:22,2959.92
2220,0002,SANTANDER,CARLOS,SAQUE,2022-02-20T10:48:53,3705.14
1044,0001,SANTANDER,BRUNO,SAQUE,2022-01-13T21:14:52,1203.39
1520,0002,SANTANDER,PAULA,SAQUE,2022-02-01T01:58:08,2414.41
1044,0001,SANTANDER,JOAO,SAQUE,2022-02-16T04:46:02,2055.21
3320,0002,SANTANDER,BRUNO,TRANSFERENCIA,2022-02-02T11:40:48,3005.30
1520,0004,SANTANDER,FELIPE,DEPOSITO,2022-02-21T20:27:17,1052.46
1044,0001,SANTANDER,BRUNO,SAQUE,2022-01-31T13:35:09,2465.85
1520,0001,SANTANDER,BRUNO,DEPOSITO,2022-01-27T23:52:40,3573.08
2220,0004,SANTANDER,PAULA,SAQUE,2022-01-19T10:53:04,853.87
9999,0001,SANTANDER,MARIA,SAQUE,2022-01-18T06:12:12,4160.41
1520,0004,SANTANDER,RAFAEL,TRANSFERENCIA,2022-02-03T02:26:58,3426.03
1520,0004,SANTANDER,RAFAEL,SAQUE,2022-01-12T17:20:50,4133.38
1520,0001,SANTANDER,CARLOS,DEPOSITO,2022-01-05T10:21:12,659.09
1044,0002,SANTANDER,ANA,TRANSFERENCIA,2022-02-27T11:34:13,4858.36
9999,0002,SANTANDER,RAFAEL,TRANSFERENCIA,2022-01-02T10:21:38,487.78
1044,0001,SANTANDER,RAFAEL,SAQUE,2022-01-14T15:34:43,3466.56
1044,0007,SANTANDER,JULIA,SAQUE,2022-02-08T17:59:30,2476.40
2220,0007,SANTANDER,JOAO,SAQUE,2022-02-13T23:32:30,476.31
9999,0002,SANTANDER,PAULA,TRANSFERENCIA,2022-02-23T20:39:46,2780.42
2220,0007,SANTANDER,MARIA,TRANSFERENCIA,2022-01-08T10:45:12,4268.97
3320,0002,SANTANDER,CARLOS,DEPOSITO,2022-02-13T01:43:24,3736.11
1044,0001,SANTANDER,JOAO,TRANSFERENCIA,2022-01-25T19:23:32,2372.13
1520,0001,SANTANDER,FELIPE,TRANSFERENCIA,2022-01-16T23:34:04,4708.02
3320,0001,SANTANDER,MARIA,TRANSFERENCIA,2022-01-29T22:32:34,4193.08
3320,0004,SANTANDER,MARIA,TRANSFERENCIA,2022-01-30T05:07:50,3690.09
1520,0004,SANTANDER,CARLOS,DEPOSITO,2022-02-07T01:38:08,2835.86
9999,0004,SANTANDER,FELIPE,DEPOSITO,2022-02-24T15:00:15,2064.08
1044,0001,SANTANDER,JOAO,SAQUE,2022-02-27T08:32:05,2258.51
9999,0002,SANTANDER,JULIA,DEPOSITO,2022-02-04T22:09:57,37.15
1044,0001,SANTANDER,BIA,DEPOSITO,2022-01-09T16:03:33,3333.43
3320,0001,SANTANDER,JULIA,SAQUE,2022-02-13T00:56:58,3880.51
2220,0001,SANTANDER,PAULA,SAQUE,2022-02-07T13:59:31,3514.50
1520,0007,SANTANDER,BRUNO,TRANSFERENCIA,2022-01-26T23:37:48,4274.17
1044,0002,SANTANDER,JOAO,TRANSFERENCIA,2022-02-20T16:49:49,2444.25
9999,0004,SANTANDER,RAFAEL,SAQUE,2022-02-19T16:47:13,528.87
2220,0007,SANTANDER,BIA,SAQUE,2022-01-22T23:22:25,3903.93
1044,0004,SANTANDER,JOAO,DEPOSITO,2022-02-05T21:53:25,2200.23
1044,0007,SANTANDER,PAULA,SAQUE,2022-01-09T01:16:06,3954.61
9999,0007,SANTANDER,JULIA,TRANSFERENCIA,2022-02-09T04:47:22,764.43
9999,0001,SANTANDER,BRUNO,SAQUE,2022-01-27T10:59:01,2921.48
1044,0001,SANTANDER,PAULA,TRANSFERENCIA,2022-01-16T07:09:56,4321.38
1520,0001,SANTANDER,MARIA,DEPOSITO,2022-01-06T10:14:27,3494.08
2220,0007,SANTANDER,RAFAEL,DEPOSITO,2022-01-24T13:43:36,4088.93
3320,0001,SANTANDER,RAFAEL,DEPOSITO,2022-02-23T20:42:33,2880.24
1044,0004,SANTANDER,JOAO,DEPOSITO,2022-02-16T17:47:50,197.93
1044,0007,SANTANDER,MARIA,SAQUE,2022-02-10T10:34:27,1588.83
1044,0007,SANTANDER,CARLOS,SAQUE,2022-02-11T14:12:51,1578.32
2220,0007,SANTANDER,PAULA,SAQUE,2022-02-02T13:00:18,2292.47
1520,0001,SANTANDER,MARIA,SAQUE,2022-01-04T18:49:56,4686.05
1520,0001,SANTANDER,RAFAEL,TRANSFERENCIA,2022-01-02T17:13:37,3463.24
9999,0002,SANTANDER,ANA,TRANSFERENCIA,2022-02-11T01:06:26,2453.17
9999,0002,SANTANDER,BRUNO,SAQUE,2022-02-05T02:27:02,3607.47
1044,0002,SANTANDER,ANA,DEPOSITO,2022-02-10T21:04:14,391.83
1520,0002,SANTANDER,JULIA,DEPOSITO,2022-02-28T23:20:33,3990.69
9999,0004,SANTANDER,RAFAEL,SAQUE,2022-02-20T01:43:07,2089.54
9999,0007,SANTANDER,RAFAEL,TRANSFERENCIA,2022-01-19T13:28:38,3759.44
1044,0002,SANTANDER,CARLOS,SAQUE,2022-01-16T15:16:36,2963.74
2220,0004,SANTANDER,JULIA,SAQUE,2022-01-13T00:38:40,3455.01
1520,0001,SANTANDER,JULIA,SAQUE,2022-02-26T14:20:48,2721.12
3320,0001,SANTANDER,BIA,SAQUE,2022-01-28T05:46:18,37.78
3320,0007,SANTANDER,BRUNO,DEPOSITO,2022-02-23T19:15:03,1547.08
9999,0001,SANTANDER,MARIA,DEPOSITO,2022-01-05T02:45:17,4378.31
2220,0004,SANTANDER,JOAO,SAQUE,2022-02-04T04:05:33,2251.07
2220,0001,SANTANDER,BIA,SAQUE,2022-02-01T13:05:05,3053.31
3320,0007,SANTANDER,BIA,TRANSFERENCIA,2022-01-01T16:09:52,1356.90
3320,0007,SANTANDER,BIA,SAQUE,2022-02-27T18:10:08,3813.74
1520,0002,SANTANDER,RAFAEL,DEPOSITO,2022-01-26T21:30:27,2653.62
9999,0002,SANTANDER,BRUNO,SAQUE,2022-02-09T16:02:07,2934.16
2220,0001,SANTANDER,BRUNO,TRANSFERENCIA,2022-01-19T19:42:20,1944.87
2220,0007,SANTANDER,MARIA,DEPOSITO,2022-02-14T10:30:15,1592.08
9999,0007,SANTANDER,BIA,TRANSFERENCIA,2022-01-30T01:04:26,4666.91
3320,0007,SANTANDER,BIA,SAQUE,2022-02-04T17:04:17,4273.19
9999,0007,SANTANDER,RAFAEL,TRANSFERENCIA,2022-01-09T12:53:26,3358.40
1044,0001,SANTANDER,FELIPE,DEPOSITO,2022-02-01T20:01:59,4162.27
2220,0007,SANTANDER,JOAO,DEPOSITO,2022-01-04T16:56:53,3963.15
2220,0004,SANTANDER,ANA,SAQUE,2022-02-01T06:33:45,2150.35
1044,0004,SANTANDER,RAFAEL,SAQUE,2022-02-22T18:23:02,3714.26
9999,0007,SANTANDER,PAULA,TRANSFERENCIA,2022-02-27T10:48:36,3578.42
1520,0001,SANTANDER,JULIA,TRANSFERENCIA,2022-01-11T23:04:14,4600.80
3320,0007,SANTANDER,JOAO,DEPOSITO,2022-01-28T00:40:21,4189.74
1520,0004,SANTANDER,FELIPE,SAQUE,2022-01-10T19:53:19,1204.56
9999,0004,SANTANDER,JULIA,TRANSFERENCIA,2022-01-17T22:28:42,2729.60
1520,0004,SANTANDER,JOAO,DEPOSITO,2022-02-07T21:43:28,885.32
2220,0007,SANTANDER,JULIA,DEPOSITO,2022-02-12T17:22:54,4635.02
3320,0002,SANTANDER,BRUNO,TRANSFERENCIA,2022-01-16T18:47:17,2408.13
3320,0002,SANTANDER,JOAO,TRANSFERENCIA,2022-02-25T09:17:12,58.54
1044,0004,SANTANDER,CARLOS,DEPOSITO,2022-02-08T12:32:10,3276.86
1044,0002,SANTANDER,FELIPE,SAQUE,2022-01-05T01:51:20,4326.52
9999,0004,SANTANDER,CARLOS,TRANSFERENCIA,2022-02-07T13:51:05,2811.07
1520,0007,SANTANDER,PAULA,TRANSFERENCIA,2022-01-19T06:30:53,287.13
2220,0001,SANTANDER,BIA,TRANSFERENCIA,2022-01-08T09:03:50,3475.72
9999,0004,SANTANDER,BRUNO,DEPOSITO,2022-02-10T17:12:25,341.68
1520,0004,SANTANDER,MARIA,SAQUE,2022-01-04T20:21:10,1077.72
1044,0007,SANTANDER,FELIPE,DEPOSITO,2022-02-16T20:09:38,3465.90
3320,0001,SANTANDER,JOAO,TRANSFERENCIA,2022-02-27T18:38:40,169.32
9999,0001,SANTANDER,ANA,DEPOSITO,2022-02-27T07:34:39,4869.74
1044,0004,SANTANDER,JOAO,SAQUE,2022-01-06T07:42:43,3826.03
1044,0004,SANTANDER,MARIA,DEPOSITO,2022-02-11T09:40:11,4257.38
2220,0002,SANTANDER,JOAO,DEPOSITO,2022-02-13T13:50:21,4479.99
2220,0004,SANTANDER,BRUNO,SAQUE,2022-01-19T04:38:22,109.69
1520,0007,SANTANDER,ANA,TRANSFERENCIA,2022-02-25T04:06:07,895.19
9999,0002,SANTANDER,BIA,TRANSFERENCIA,2022-01-03T02:59:44,1602.79
2220,0001,SANTANDER,MARIA,TRANSFERENCIA,2022-01-23T00:32:49,3210.70
2220,0001,SANTANDER,PAULA,SAQUE,2022-01-01T11:12:25,3359.19
3320,0002,SANTANDER,CARLOS,TRANSFERENCIA,2022-01-19T18:25:01,4154.60
3320,0002,SANTANDER,PAULA,DEPOSITO,2022-02-05T12:03:07,2102.80
2220,0004,SANTANDER,BRUNO,DEPOSITO,2022-02-22T22:37:11,1626.61
3320,0004,SANTANDER,MARIA,DEPOSITO,2022-02-19T01:33:05,1415.31
2220,0001,SANTANDER,PAULA,DEPOSITO,2022-02-04T20:32:06,2381.80
1044,0007,SANTANDER,ANA,TRANSFERENCIA,2022-02-02T21:22:20,3384.06
2220,0004,SANTANDER,BRUNO,DEPOSITO,2022-02-05T14:26:31,439.71
9999,0002,SANTANDER,CARLOS,SAQUE,2022-02-13T12:56:40,2839.54
1044,0007,SANTANDER,RAFAEL,TRANSFERENCIA,2022-01-13T08:57:22,4237.46
9999,0004,SANTANDER,MARIA,DEPOSITO,2022-02-03T13:56:24,722.81
9999,0007,SANTANDER,JULIA,DEPOSITO,2022-01-11T11:20:44,433.33
2220,0007,SANTANDER,RAFAEL,DEPOSITO,2022-01-24T08:28:40,1298.68
1520,0004,SANTANDER,CARLOS,TRANSFERENCIA,2022-02-16T10:51:26,3326.03
2220,0004,SANTANDER,PAULA,DEPOSITO,2022-01-20T02:39:55,2921.37
1520,0001,SANTANDER,JULIA,SAQUE,2022-02-20T20:42:53,2684.87
3320,0007,SANTANDER,PAULA,TRANSFERENCIA,2022-02-10T14:25:19,4843.20
2220,0007,SANTANDER,PAULA,TRANSFERENCIA,2022-01-28T10:47:50,3652.40
3320,0001,SANTANDER,ANA,TRANSFERENCIA,2022-01-03T22:51:40,3323.73
1044,0007,SANTANDER,RAFAEL,DEPOSITO,2022-02-09T04:04:58,878.04
1520,0007,SANTANDER,JULIA,DEPOSITO,2022-02-09T12:17:45,1652.97
9999,0007,SANTANDER,ANA,SAQUE,2022-02-03T14:33:40,1164.35
3320,0001,SANTANDER,CARLOS,SAQUE,2022-01-23T15:57:32,3561.75
3320,0007,SANTANDER,BIA,SAQUE,2022-02-21T14:49:34,3743.92
2220,0007,SANTANDER,ANA,SAQUE,2022-01-25T14:36:55,2184.07
2220,0001,SANTANDER,MARIA,DEPOSITO,2022-01-02T08:48:02,3999.52
1044,0002,SANTANDER,BIA,DEPOSITO,2022-02-14T23:07:55,185.93
1044,0004,SANTANDER,FELIPE,SAQUE,2022-02-07T15:18:31,1541.90
3320,0004,SANTANDER,BRUNO,DEPOSITO,2022-02-02T12:15:11,771.73
9999,0004,SANTANDER,PAULA,TRANSFERENCIA,2022-02-13T22:01:22,4830.02
3320,0004,SANTANDER,MARIA,DEPOSITO,2022-02-22T17:16:33,1193.18
1520,0002,SANTANDER,FELIPE,DEPOSITO,2022-01-13T01:43:46,413.63
1520,0001,SANTANDER,JOAO,SAQUE,2022-01-08T23:41:17,3733.85
9999,0001,SANTANDER,JOAO,TRANSFERENCIA,2022-02-21T19:19:05,1270.82
1044,0004,SANTANDER,ANA,DEPOSITO,2022-02-17T04:12:09,1233.75
3320,0002,SANTANDER,RAFAEL,SAQUE,2022-01-23T05:21:03,4417.36
1520,0002,SANTANDER,FELIPE,TRANSFERENCIA,2022-01-07T10:28:07,2749.43
3320,0007,SANTANDER,BRUNO,TRANSFERENCIA,2022-01-26T11:59:02,3118.77
3320,0004,SANTANDER,BIA,TRANSFERENCIA,2022-01-01T23:08:36,2622.34
2220,0007,SANTANDER,JULIA,SAQUE,2022-02-26T01:58:22,4902.50
2220,0004,SANTANDER,RAFAEL,DEPOSITO,2022-02-02T12:22:51,2135.53
2220,0001,SANTANDER,JULIA,DEPOSITO,2022-01-06T04:16:22,3126.02
1044,0004,SANTANDER,BRUNO,TRANSFERENCIA,2022-02-20T23:51:13,1383.78
9999,0001,SANTANDER,BIA,SAQUE,2022-02-06T20:32:12,1996.76
1520,0004,SANTANDER,PAULA,TRANSFERENCIA,2022-01-20T06:23:26,4868.26
2220,0002,SANTANDER,BRUNO,DEPOSITO,2022-02-09T08:50:35,3602.77
1044,0007,SANTANDER,FELIPE,DEPOSITO,2022-01-27T00:16:58,3795.97
2220,0002,SANTANDER,MARIA,SAQUE,2022-02-21T10:48:32,3421.91
3320,0001,SANTANDER,BIA,SAQUE,2022-02-14T12:27:24,1529.27
3320,0001,SANTANDER,BIA,TRANSFERENCIA,2022-01-09T22:29:16,3427.48
3320,0002,SANTANDER,JOAO,SAQUE,2022-01-08T04:24:09,1706.83
1520,0002,SANTANDER,RAFAEL,DEPOSITO,2022-01-08T14:22:23,1051.85
9999,0004,SANTANDER,JOAO,DEPOSITO,2022-01-29T05:16:34,4201.25
2220,0004,SANTANDER,FELIPE,SAQUE,2022-02-17T10:24:55,40.25
9999,0007,SANTANDER,PAULA,DEPOSITO,2022-02-06T02:19:52,387.46
1520,0001,SANTANDER,JULIA,SAQUE,2022-01-16T09:09:08,4819.95
2220,0001,SANTANDER,PAULA,SAQUE,2022-01-28T20:36:59,3800.92
2220,0004,SANTANDER,JULIA,SAQUE,2022-02-11T09:00:49,2339.05
1044,0004,SANTANDER,BRUNO,DEPOSITO,2022-01-22T06:51:39,389.06
1520,0002,SANTANDER,FELIPE,SAQUE,2022-01-23T12:29:07,2724.25
1044,0004,SANTANDER,JULIA,DEPOSITO,2022-02-12T04:51:11,4792.82
2220,0002,SANTANDER,JOAO,TRANSFERENCIA,2022-02-04T12:25:58,2740.36
9999,0002,SANTANDER,MARIA,TRANSFERENCIA,2022-02-11T01:15:31,4427.36
1044,0004,SANTANDER,BIA,TRANSFERENCIA,2022-02-10T17:39:31,2728.09
3320,0004,SANTANDER,JULIA,SAQUE,2022-01-14T05:20:53,3402.07
1520,0002,SANTANDER,ANA,DEPOSITO,2022-02-18T16:22:00,2509.60
9999,0002,SANTANDER,BIA,SAQUE,2022-01-21T00:01:15,105.78
9999,0001,SANTANDER,CARLOS,SAQUE,2022-01-13T09:20:41,4615.75
1044,0007,SANTANDER,JOAO,TRANSFERENCIA,2022-02-10T01:20:29,2253.21
1520,0007,SANTANDER,PAULA,TRANSFERENCIA,2022-01-19T02:28:55,4208.40
1044,0004,SANTANDER,ANA,DEPOSITO,2022-02-15T12:36:28,1630.07
9999,0007,SANTANDER,MARIA,SAQUE,2022-01-23T09:14:19,4198.41
1044,0007,SANTANDER,RAFAEL,DEPOSITO,2022-01-21T11:24:35,586.46
1520,0002,SANTANDER,CARLOS,SAQUE,2022-02-07T14:15:03,4021.83
1044,0007,SANTANDER,JULIA,TRANSFERENCIA,2022-01-28T03:52:54,4832.04
9999,0004,SANTANDER,ANA,TRANSFERENCIA,2022-01-21T18:01:00,3544.02
1520,0001,SANTANDER,JULIA,DEPOSITO,2022-02-23T20:45:09,3396.81
9999,0007,SANTANDER,FELIPE,DEPOSITO,2022-01-19T11:40:27,3406.63
2220,0004,SANTANDER,JOAO,SAQUE,2022-02-17T15:49:24,3169.59
9999,0002,SANTANDER,BRUNO,DEPOSITO,2022-01-18T21:21:09,553.11
1520,0002,SANTANDER,JULIA,TRANSFERENCIA,2022-02-12T14:37:35,4070.67
9999,0001,SANTANDER,PAULA,SAQUE,2022-02-12T04:55:19,4879.32
1044,0007,SANTANDER,JOAO,DEPOSITO,2022-01-31T09:06:05,2894.47
9999,0001,SANTANDER,MARIA,TRANSFERENCIA,2022-02-09T07:00:02,3315.48
1044,0002,SANTANDER,JULIA,DEPOSITO,2022-02-10T04:48:02,718.59
9999,0004,SANTANDER,JOAO,SAQUE,2022-01-08T02:26:13,4448.64
1520,0007,SANTANDER,JOAO,TRANSFERENCIA,2022-01-05T06:53:00,4802.70
1520,0002,SANTANDER,FELIPE,SAQUE,2022-01-06T08:17:47,1795.36
3320,0002,SANTANDER,JOAO,TRANSFERENCIA,2022-02-26T22:29:53,1175.95
1044,0007,SANTANDER,JOAO,TRANSFERENCIA,2022-02-25T11:06:10,2642.17
1044,0007,SANTANDER,BRUNO,SAQUE,2022-02-13T09:32:58,583.56
1520,0001,SANTANDER,CARLOS,DEPOSITO,2022-02-22T02:13:45,907.58
2220,0004,SANTANDER,BIA,TRANSFERENCIA,2022-01-10T16:08:15,3845.07
2220,0002,SANTANDER,BIA,SAQUE,2022-02-08T01:48:53,2094.15
1520,0007,SANTANDER,RAFAEL,TRANSFERENCIA,2022-02-18T19:16:46,1825.97
2220,0001,SANTANDER,FELIPE,DEPOSITO,2022-01-20T02:42:09,606.48
1520,0002,SANTANDER,ANA,SAQUE,2022-01-15T22:12:57,3443.91
1044,0001,SANTANDER,BRUNO,SAQUE,2022-01-13T07:06:06,3710.21
1520,0004,SANTANDER,FELIPE,DEPOSITO,2022-01-09T13:05:26,3305.52
2220,0004,SANTANDER,ANA,DEPOSITO,2022-01-30T02:32:20,1908.58
2220,0007,SANTANDER,PAULA,DEPOSITO,2022-01-25T16:39:29,2059.26
1520,0004,SANTANDER,FELIPE,TRANSFERENCIA,2022-02-19T00:47:56,1525.76
1520,0001,SANTANDER,JOAO,TRANSFERENCIA,2022-01-11T15:42:47,1059.43
2220,0004,SANTANDER,JULIA,DEPOSITO,2022-02-19T13:44:11,1356.83
1520,0001,SANTANDER,PAULA,SAQUE,2022-02-19T06:53:16,4058.83
3320,0002,SANTANDER,FELIPE,DEPOSITO,2022-02-22T15:23:22,3449.33
3320,0007,SANTANDER,BRUNO,SAQUE,2022-01-14T17:13:11,4354.75
3320,0002,SANTANDER,CARLOS,DEPOSITO,2022-01-05T07:28:02,578.92
1044,0001,SANTANDER,PAULA,DEPOSITO,2022-02-09T07:24:47,1846.02
9999,0007,SANTANDER,BRUNO,SAQUE,2022-01-05T02:33:57,3491.87
1520,0001,SANTANDER,JOAO,DEPOSITO,2022-02-28T02:30:16,432.34
1520,0007,SANTANDER,FELIPE,TRANSFERENCIA,2022-01-27T00:47:17,2498.39
3320,0002,SANTANDER,JULIA,DEPOSITO,2022-02-19T08:11:45,3323.90
1520,0004,SANTANDER,JOAO,SAQUE,2022-02-08T07:51:29,4852.63
2220,0002,SANTANDER,MARIA,DEPOSITO,2022-02-03T18:03:50,3167.16
9999,0001,SANTANDER,JOAO,TRANSFERENCIA,2022-02-16T16:37:10,1853.32
1044,0007,SANTANDER,ANA,SAQUE,2022-01-21T13:58:21,549.13
3320,0002,SANTANDER,JULIA,DEPOSITO,2022-01-06T06:20:31,3326.82
9999,0004,SANTANDER,CARLOS,DEPOSITO,2022-02-07T16:29:03,2680.43
1044,0001,SANTANDER,MARIA,TRANSFERENCIA,2022-01-20T05:27:58,3155.44
1520,0002,SANTANDER,RAFAEL,DEPOSITO,2022-01-29T23:10:21,4263.21
9999,0004,SANTANDER,FELIPE,TRANSFERENCIA,2022-01-22T22:04:58,805.04
2220,0004,SANTANDER,ANA,DEPOSITO,2022-01-05T11:02:05,329.56
2220,0002,SANTANDER,JULIA,DEPOSITO,2022-01-04T16:34:51,334.82
2220,0004,SANTANDER,JULIA,DEPOSITO,2022-01-05T07:02:40,1730.65
9999,0007,SANTANDER,MARIA,SAQUE,2022-02-15T22:07:37,2888.44
1520,0001,SANTANDER,RAFAEL,SAQUE,2022-02-07T16:15:49,825.98
2220,0007,SANTANDER,ANA,DEPOSITO,2022-02-28T01:07:49,3027.77
9999,0001,SANTANDER,BRUNO,TRANSFERENCIA,2022-01-03T03:20:45,1504.09
9999,0007,SANTANDER,BIA,DEPOSITO,2022-01-02T00:53:54,3054.01
1044,0007,SANTANDER,BRUNO,SAQUE,2022-01-09T05:55:58,4099.48
9999,0002,SANTANDER,RAFAEL,TRANSFERENCIA,2022-01-13T14:08:12,4317.85
1520,0007,SANTANDER,ANA,TRANSFERENCIA,2022-02-11T19:46:20,1521.80
1044,0002,SANTANDER,JOAO,TRANSFERENCIA,2022-02-17T20:53:16,1609.56
3320,0007,SANTANDER,JULIA,SAQUE,2022-01-26T10:09:31,2891.69
3320,0007,SANTANDER,BIA,SAQUE,2022-02-20T02:23:13,3430.53
1520,0007,SANTANDER,ANA,TRANSFERENCIA,2022-02-08T07:42:07,2727.81
3320,0004,SANTANDER,ANA,TRANSFERENCIA,2022-01-27T16:28:14,3993.13
2220,0004,SANTANDER,FELIPE,SAQUE,2022-01-03T18:45:34,2080.82
9999,0002,SANTANDER,ANA,DEPOSITO,2022-02-21T07:58:50,3869.22
1520,0001,SANTANDER,JULIA,DEPOSITO,2022-02-21T21:56:44,296.25
9999,0007,SANTANDER,ANA,DEPOSITO,2022-01-24T20:19:10,1270.55
1044,0001,SANTANDER,JOAO,TRANSFERENCIA,2022-02-20T06:24:22,1740.59
3320,0004,SANTANDER,RAFAEL,TRANSFERENCIA,2022-01-24T07:14:04,4606.59
9999,0002,SANTANDER,PAULA,TRANSFERENCIA,2022-01-16T21:10:46,4678.98
2220,0002,SANTANDER,CARLOS,SAQUE,2022-02-18T05:23:47,2915.15
3320,0002,SANTANDER,RAFAEL,SAQUE,2022-02-24T01:42:13,445.58
2220,0001,SANTANDER,PAULA,DEPOSITO,2022-01-10T02:33:35,596.91
3320,0004,SANTANDER,JOAO,SAQUE,2022-01-06T04:07:39,4821.38
2220,0002,SANTANDER,BRUNO,SAQUE,2022-02-18T08:40:14,1555.21
2220,0004,SANTANDER,MARIA,DEPOSITO,2022-01-07T10:36:46,2510.35
9999,0001,SANTANDER,JOAO,SAQUE,2022-01-03T17:52:28,3758.58
1520,0002,SANTANDER,JULIA,SAQUE,2022-01-17T08:39:41,3607.46
1044,0001,SANTANDER,CARLOS,SAQUE,2022-01-08T17:41:21,469.17
3320,0002,SANTANDER,MARIA,DEPOSITO,2022-02-24T05:34:07,4322.16
1520,0002,SANTANDER,PAULA,DEPOSITO,2022-01-15T07:07:51,1333.57
3320,0007,SANTANDER,BRUNO,DEPOSITO,2022-02-01T07:01:18,1887.71
9999,0004,SANTANDER,BRUNO,TRANSFERENCIA,2022-02-25T16:08:29,4447.55
1044,0002,SANTANDER,JULIA,DEPOSITO,2022-02-01T20:58:55,3105.57
2220,0004,SANTANDER,PAULA,SAQUE,2022-02-27T08:05:02,522.23
9999,0007,SANTANDER,MARIA,TRANSFERENCIA,2022-01-18T23:22:01,3487.02
9999,0001,SANTANDER,RAFAEL,SAQUE,2022-01-22T15:06:57,4715.63
3320,0007,SANTANDER,ANA,DEPOSITO,2022-01-12T18:37:24,2833.25
9999,0007,SANTANDER,RAFAEL,SAQUE,2022-01-14T04:00:30,1885.61
2220,0001,SANTANDER,BRUNO,TRANSFERENCIA,2022-02-25T17:40:10,4219.73
3320,0007,SANTANDER,PAULA,TRANSFERENCIA,2022-01-03T14:28:44,3375.68
9999,0007,SANTANDER,BRUNO,DEPOSITO,2022-02-14T06:26:35,4601.23
1044,0007,SANTANDER,ANA,TRANSFERENCIA,2022-02-13T16:23:14,2212.14
1044,0007,SANTANDER,PAULA,DEPOSITO,2022-02-16T20:04:17,1070.49
9999,0001,SANTANDER,JOAO,DEPOSITO,2022-01-31T21:14:02,170.93
2220,0002,SANTANDER,JULIA,TRANSFERENCIA,2022-01-25T02:19:03,3901.93
3320,0002,SANTANDER,BIA,SAQUE,2022-01-28T02:13:21,2338.66
1044,0001,SANTANDER,FELIPE,DEPOSITO,2022-02-18T10:11:25,2812.38
2220,0004,SANTANDER,PAULA,SAQUE,2022-02-13T09:01:07,1230.18
9999,0004,SANTANDER,CARLOS,DEPOSITO,2022-01-01T07:02:18,3719.65
1044,0002,SANTANDER,MARIA,DEPOSITO,2022-01-21T09:35:34,677.36
3320,0002,SANTANDER,JOAO,TRANSFERENCIA,2022-02-02T06:14:42,2570.26
2220,0002,SANTANDER,RAFAEL,TRANSFERENCIA,2022-01-02T11:04:54,4915.70
3320,0004,SANTANDER,ANA,DEPOSITO,2022-02-08T16:13:29,3092.87
3320,0001,SANTANDER,RAFAEL,TRANSFERENCIA,2022-02-22T04:25:06,1077.22
1520,0007,SANTANDER,BIA,TRANSFERENCIA,2022-02-26T12:25:04,3628.35
9999,0001,SANTANDER,BRUNO,SAQUE,2022-01-19T07:03:29,3425.26
1520,0004,SANTANDER,CARLOS,SAQUE,2022-01-30T18:20:29,1468.72
1520,0007,SANTANDER,CARLOS,DEPOSITO,2022-01-01T07:06:46,3191.19
1044,0007,SANTANDER,PAULA,SAQUE,2022-01-11T20:31:06,3516.60
3320,0004,SANTANDER,BIA,TRANSFERENCIA,2022-01-31T16:47:30,4143.80
2220,0002,SANTANDER,CARLOS,SAQUE,2022-02-11T00:28:54,1868.92
1520,0004,SANTANDER,MARIA,DEPOSITO,2022-01-14T17:11:50,3156.07
2220,0007,SANTANDER,FELIPE,DEPOSITO,2022-01-02T01:14:59,2527.73
2220,0002,SANTANDER,RAFAEL,TRANSFERENCIA,2022-02-17T19:34:03,284.98
3320,0002,SANTANDER,MARIA,DEPOSITO,2022-02-08T15:43:10,2119.81
1520,0001,SANTANDER,BIA,SAQUE,2022-02-19T14:16:32,2326.00
2220,0001,SANTANDER,JOAO,DEPOSITO,2022-02-02T09:22:19,3579.34
9999,0002,SANTANDER,JOAO,DEPOSITO,2022-01-08T14:56:29,4550.37
9999,0001,SANTANDER,FELIPE,SAQUE,2022-01-08T15:32:49,1212.23
9999,0007,SANTANDER,JOAO,DEPOSITO,2022-01-04T09:25:56,954.82
1044,0007,SANTANDER,MARIA,TRANSFERENCIA,2022-01-09T17:26:23,2368.94
1044,0001,SANTANDER,PAULA,TRANSFERENCIA,2022-01-25T22:18:03,4556.53
1044,0007,SANTANDER,ANA,DEPOSITO,2022-01-30T03:07:34,1638.98
3320,0002,SANTANDER,JULIA,DEPOSITO,2022-02-05T08:35:38,2935.44
2220,0004,SANTANDER,BIA,SAQUE,2022-02-03T21:05:31,3279.74
2220,0002,SANTANDER,JOAO,TRANSFERENCIA,2022-01-20T01:38:27,1909.85
3320,0007,SANTANDER,CARLOS,TRANSFERENCIA,2022-02-08T19:10:27,1664.54
1520,0007,SANTANDER,CARLOS,DEPOSITO,2022-01-21T06:31:17,1628.55
1044,0001,SANTANDER,MARIA,TRANSFERENCIA,2022-01-09T12:11:48,2066.69
3320,0007,SANTANDER,CARLOS,DEPOSITO,2022-01-02T21:51:30,4035.52
9999,0004,SANTANDER,FELIPE,DEPOSITO,2022-01-30T01:15:59,2969.03
9999,0007,SANTANDER,BIA,DEPOSITO,2022-02-16T02:34:47,4078.93
1044,0004,SANTANDER,MARIA,DEPOSITO,2022-02-26T16:07:28,1539.08
1520,0007,SANTANDER,CARLOS,TRANSFERENCIA,2022-02-26T03:56:34,2888.59
1520,0007,SANTANDER,FELIPE,TRANSFERENCIA,2022-02-06T21:54:27,739.73